-9252.025677502155	-515.2813724279404	-8782.160034060478	-2545.9514487981796	-9274.159807860851	-1108.0428383946419	-4397.709290146828	-1940.512418627739	-7457.563674509525	-1032.6355711817741	-9377.323989033699	-9267.677606642246	-3045.5572625994682	-2929.6069083213806	-9097.408011972904	-2619.281390309334	-2303.7507019639015	-2936.36844009161	-9161.071518301964	-1063.071908891201	-9121.495161056519	-9352.709833681583	-9411.554488122463	-2921.8402384519577	-9140.535285830498	-4921.3356147408485	-8989.917697131634	-3579.9150429964066	-352.9788626432419	-386.94099819660187	-2137.3585894703865	-9225.243658840656	-2002.7331295609474	-2083.076400101185	-621.8651739358902	-9022.20559757948	-2383.982080280781	-8717.161405801773	-2884.0566058158875	-3148.8515256643295	-2671.135200679302	-9063.952711820602	-2147.5403664708138	-9111.652555048466	-7093.7665748000145	-1968.4487383961678	-2529.817634642124	-115.86183041334152	-8353.100788474083
-8876.515398263931	-829.165106356144	-8476.686217188835	-2875.389286160469	-8970.244168639183	-1401.1307956576347	-4702.526397109032	-2243.774556219578	-7130.628691911697	-1375.6103000044823	-9176.846732139587	-8955.283554136753	-2736.1213948726654	-3238.825391292572	-8840.595751464367	-2930.3009328842163	-2102.544533610344	-3262.4384026527405	-8882.237690389156	-1350.7256326079369	-8908.456457793713	-9049.595173895359	-9177.880680799484	-3210.40574657917	-8809.216559648514	-4577.258894264698	-8723.466463565826	-3302.8899941444397	-139.33438003063202	-129.84985852241516	-2437.470352470875	-8851.931558132172	-2302.313742160797	-2378.717968046665	-910.9097259640694	-8770.616184532642	-2685.616800427437	-8417.538515865803	-2601.248696923256	-2874.4864224791527	-2960.669997572899	-8696.715682446957	-2467.8752866983414	-8891.396582782269	-6783.963241696358	-2280.1198666095734	-2813.5087074637413	-357.6942555308342	-8062.493953585625
-8743.004816234112	-107.5903530716896	-8222.925001978874	-2097.738859951496	-8752.59056532383	-1561.8714789748192	-4865.7847865223885	-2375.2355128526688	-6932.67346060276	-1465.6955417990685	-8961.142173707485	-8887.024585485458	-2704.0044572353363	-3400.07326990366	-8730.64201760292	-2168.004501402378	-2751.3172521591187	-3396.6545100212097	-8748.192354619503	-1516.0863105654716	-8701.925387442112	-8974.397786915302	-8993.214382827282	-3342.6213443875313	-8700.86286777258	-4498.725913167	-8626.104499161243	-4032.0819256305695	-797.2789584994316	-830.1105155944824	-2585.999028325081	-8881.07252651453	-2433.4787798523903	-2508.3405732512474	-1058.5502311587334	-8659.451846718788	-2084.607492864132	-8287.394696950912	-2431.247980117798	-2552.995924770832	-3129.6644139289856	-8588.378769040108	-2601.474430203438	-8553.367587029934	-6725.4592941999435	-2411.806357204914	-2075.16901665926	-575.2918466925621	-7994.370120823383
-8842.202992379665	-1091.9228410124779	-8296.865450620651	-3080.0459522604942	-8728.12440609932	-1658.8547619581223	-4932.77783459425	-2489.202892422676	-7995.067196011543	-1563.210612297058	-8837.794981598854	-8740.804528772831	-3525.14550191164	-3461.021730720997	-8565.434997856617	-3148.401563167572	-2872.63182336092	-3538.364702999592	-8676.167761087418	-1584.1668320894241	-8635.250147163868	-8807.816890835762	-8793.545589923859	-3490.48184466362	-8606.0095769763	-4466.277650415897	-8464.383875608444	-4072.1533116698265	-914.6747494339943	-930.9639636874199	-1566.6757066249847	-8737.937173247337	-1491.579431951046	-2622.479871034622	-138.52884286642075	-8522.061051905155	-1929.3731959462166	-8297.452836096287	-3440.593976020813	-3683.8794071674347	-2086.8354780077934	-8655.708265781403	-2676.748247861862	-8674.83489882946	-6722.035854935646	-1469.2283858656883	-3064.4520914554596	-646.5566448569298	-8889.188165485859
-8367.494536995888	-421.4740869998932	-7917.451185107231	-2427.1766973137856	-8448.674926102161	-1854.959436237812	-5170.601893484592	-2678.4976504445076	-6605.738478004932	-1808.6702706217766	-8760.664916813374	-8574.630532979965	-2394.5685895085335	-3709.291752874851	-8473.829757094383	-2479.0240439772606	-2550.111083805561	-3722.7244725823402	-8469.358526706696	-1803.7400342822075	-8488.886684179306	-8671.283127129078	-8759.540575504303	-3631.186852514744	-8369.544141590595	-4154.649192690849	-8359.653265595436	-3755.0568767786026	-583.6344758868217	-573.0193759202957	-2886.110791325569	-8507.760425806046	-2733.05939245224	-2803.9821411967278	-1347.5947831869125	-8407.862433671951	-2386.242213010788	-7987.771807014942	-2148.4400712251663	-2278.630821585655	-3419.1992108225822	-8221.141739666462	-2921.8093504309654	-8333.111614763737	-6415.655961096287	-2723.4774854183197	-2358.860089480877	-817.1242718100548	-7703.763285934925
-8466.692713141441	-1405.8065749406815	-7991.391633749008	-3409.4837896227837	-8424.208766877651	-1951.942719221115	-5237.594941556454	-2792.465030014515	-7668.132213413715	-1906.1853411197662	-8637.317724704742	-8428.410476267338	-3215.7096341848373	-3770.2402136921883	-8308.62273734808	-3459.4211057424545	-2671.4256550073624	-3864.4346655607224	-8397.33393317461	-1871.82055580616	-8422.211443901062	-8504.702231049538	-8559.87178260088	-3779.0473527908325	-8274.690850794315	-4122.200929939747	-8197.932642042637	-3795.1282628178596	-701.0302668213844	-673.8728240132332	-1866.787469625473	-8364.625072538853	-1791.1600445508957	-2918.1214389801025	-427.5733948945999	-8270.471638858318	-2231.0079160928726	-7997.8299461603165	-3157.7860671281815	-3409.514303982258	-2376.37027490139	-8288.471236407757	-2997.08316808939	-8454.578926563263	-6412.232521831989	-1780.899514079094	-3348.1431642770767	-888.3890699744225	-8598.5813305974
-8452.821120738983	-1379.0822019577026	-7878.668609023094	-3428.001489639282	-8386.05063766241	-188.34250181913376	-3589.7512251138687	-2777.390811085701	-6539.074062347412	-200.6574512720108	-8575.145034015179	-8397.904805004597	-3967.2145289182663	-2122.196985781193	-8224.275095045567	-3498.2796090841293	-3160.6210203766823	-2069.2712618112564	-8328.566091120243	-190.9817132949829	-8230.743804574013	-8563.408394932747	-8565.01999759674	-2299.0235390663147	-8217.49788504839	-5807.7118700146675	-8190.413838922977	-2623.468020737171	-1244.0059742927551	-1288.4421142935753	-3048.267588019371	-8217.107764422894	-2886.7196165323257	-2886.6882005929947	-1544.5954221487045	-8119.9491401314735	-3263.700970053673	-7801.445971727371	-3744.773229956627	-4040.5967772603035	-3549.333301961422	-8218.968847453594	-3079.232448875904	-8280.040323853493	-6324.399583041668	-2836.214598417282	-3430.5095606446266	-957.6904194951057	-7603.219428896904
-8333.182131111622	-684.2318216562271	-7737.630418539047	-2631.8333634138107	-8206.555163562298	-2112.6834025382996	-5400.8533309698105	-2923.925986647606	-7470.176982104778	-1996.2705829143524	-8421.61316627264	-8360.151507616043	-3183.5926965475082	-3931.488092303276	-8198.669003486633	-2697.1246742606163	-3320.198373556137	-3998.6507729291916	-8263.288597404957	-2037.1812337636948	-8215.680373549461	-8429.50484406948	-8375.205484628677	-3911.2629505991936	-8166.337158918381	-4043.6679488420486	-8100.570677638054	-4524.320194303989	-1358.974845290184	-1374.1334810853004	-2015.316145479679	-8393.766040921211	-1922.3250822424889	-3047.7440441846848	-575.2139000892639	-8159.307301044464	-1629.9986085295677	-7867.686127245426	-2987.7853503227234	-3088.023806273937	-2545.364691257477	-8180.134323000908	-3130.6823115944862	-8116.549930810928	-6353.728574335575	-1912.5860046744347	-2609.803473472595	-1105.9866611361504	-8530.45749783516
-8077.310841500759	-1692.9659358859062	-7573.194792151451	-3757.4393270015717	-8082.1349984407425	-481.4304590821266	-3894.5683320760727	-3080.65294867754	-6212.139079749584	-543.6321800947189	-8374.667777121067	-8085.510752499104	-3657.7786611914635	-2431.415468752384	-7967.462834537029	-3809.299151659012	-2959.4148520231247	-2395.341224372387	-8049.732263207436	-478.63543701171875	-8017.705101311207	-8260.293735146523	-8331.346190273762	-2587.589047193527	-7886.1791588664055	-5463.635149538517	-7923.96260535717	-2346.4429718852043	-1030.3614916801453	-1031.3509746193886	-3348.3793510198593	-7843.795663714409	-3186.3002291321754	-3182.329768538475	-1833.6399741768837	-7868.359727084637	-3565.335690200329	-7501.823081791401	-3461.9653210639954	-3766.2316740751266	-3838.8680988550186	-7851.731818079948	-3399.5673691034317	-8059.7843515872955	-6014.596249938011	-3147.8857266306877	-3714.2006334662437	-1199.5228446125984	-7312.612594008446
-8142.324471235275	-1789.0327818989754	-7814.355278074741	-3738.9778415560722	-7966.616415917873	-2333.784674167633	-3193.3512113690376	-3187.1086107492447	-6313.971352875233	-2225.4665364027023	-8240.730071544647	-8104.272123277187	-4087.829596698284	-4102.647704184055	-7892.700506329536	-3860.611143410206	-3578.604998230934	-4166.023164868355	-8067.750832498074	-2240.324560582638	-8002.632848143578	-8231.997437536716	-8220.957596540451	-4140.78941732645	-8100.348230540752	-6101.679171264172	-7864.0068736076355	-4720.230032384396	-1577.8381260633469	-1594.062711417675	-3417.95637100935	-7900.007362425327	-3247.7150431871414	-3354.837942779064	-1906.3068568706512	-7836.065345108509	-3581.049774289131	-7454.716939330101	-4070.8543227910995	-4288.045117020607	-3964.7460058927536	-8024.161727249622	-3398.437268078327	-7851.966597080231	-5915.287420332432	-3273.684643268585	-3863.033770442009	-1307.01633644104	-7126.045255720615
-8127.487838029861	-1775.2557293772697	-7666.761744141579	-3806.3696553111076	-8170.118816137314	-2366.547388613224	-5659.590131521225	-3233.333226263523	-8726.124949634075	-2343.0161710977554	-8068.826430499554	-7959.092939555645	-4300.422721147537	-4229.6486194729805	-7876.376795232296	-3890.106556713581	-3588.6127160787582	-4213.461778998375	-7975.230595588684	-2332.5039603710175	-7836.196606874466	-7986.475991368294	-8182.12232363224	-4164.520941197872	-7926.802452683449	-3820.737594306469	-7817.246914327145	-4871.23935264349	-1598.6570368409157	-1680.9512447714806	-817.5337127447128	-8125.085705220699	-810.7004079222679	-3308.200546503067	-1935.0129919052124	-7827.343689620495	-1227.0130791664124	-7541.4096866846085	-4178.426547050476	-4416.402845859528	-3932.731532394886	-7895.579322993755	-3418.2378328442574	-7861.150997936726	-5692.765208125114	-835.4394350647926	-3808.6381727457047	-1374.2999623417854	-7213.007434725761
-7957.671851873398	-998.1155555844307	-7432.156601667404	-2961.2712007761	-7902.63952434063	-2405.7713598012924	-5705.6704379320145	-3227.1881242394447	-7143.24199950695	-2339.2453117370605	-8221.135909378529	-8047.75745511055	-2874.1568288207054	-4240.7065752744675	-7941.856742978096	-3008.144216835499	-3118.9922052025795	-4324.720735490322	-7984.454769492149	-2324.8349574804306	-8002.641670286655	-8126.3901842832565	-8141.531677305698	-4199.828458726406	-7835.018432736397	-3699.591228365898	-7834.119444072247	-4247.295145452023	-1145.3303626775742	-1117.0423414111137	-2315.4279084801674	-8020.453940212727	-2221.9056948423386	-3343.385612130165	-864.2584521174431	-7907.717887997627	-1931.6333286762238	-7568.063237309456	-2704.977441430092	-2813.6587030887604	-2834.8994881510735	-7812.897293627262	-3451.017231822014	-7896.293958544731	-6043.925241231918	-2224.2571328878403	-2893.4945462942123	-1347.819086253643	-8239.850662946701
-7943.80025947094	-971.3911826014519	-7319.43357694149	-2979.7889007925987	-7864.481395125389	-642.1711423993111	-4057.8267214894295	-3212.113905310631	-6014.183848440647	-633.7174218893051	-8158.963218688965	-8017.251783847809	-3625.6617235541344	-2592.663347363472	-7857.509100675583	-3047.0027201771736	-3608.1875705718994	-2529.557331740856	-7915.686927437782	-643.9961149692535	-7811.174030959606	-8185.096348166466	-8146.679892301559	-2719.8046450018883	-7777.825466990471	-5385.102168440819	-7826.600640952587	-3075.634903371334	-1688.3060701489449	-1731.6116316914558	-3496.9080268740654	-7872.936632096767	-3317.4652668237686	-3311.9523737430573	-1981.2804793715477	-7757.1953892707825	-2964.326382637024	-7371.679262876511	-3291.9646042585373	-3444.741176366806	-4007.8625152111053	-7743.3949046730995	-3533.166512608528	-7721.755355834961	-5956.092302441597	-3279.5722172260284	-2975.8609426617622	-1417.1204357743263	-7244.488761246204
-8042.998435616493	-1955.7236705422401	-7393.374025583267	-3962.095993101597	-7840.015235900879	-739.1544253826141	-4124.819769561291	-3326.081284880638	-7076.57758384943	-731.2324923872948	-8035.616026580334	-7871.031727135181	-4446.802768230438	-2653.611808180809	-7692.302080929279	-4027.3997819423676	-3729.5021417737007	-2671.2675247192383	-7843.662333905697	-712.076636493206	-7744.498790681362	-8018.5154520869255	-7947.011099398136	-2867.665145277977	-7682.972176194191	-5352.653905689716	-7664.880017399788	-3115.706289410591	-1805.7018610835075	-1832.4650797843933	-2477.5847051739693	-7729.801278829575	-2375.5659189224243	-3426.091671526432	-1061.259091079235	-7619.8045944571495	-2809.0920857191086	-7381.737402021885	-4301.310600161552	-4575.624658763409	-2965.033579289913	-7810.724401414394	-3608.4403302669525	-7843.222667634487	-5952.6688631772995	-2336.9942458868027	-3965.144017457962	-1488.385233938694	-8139.30680590868
-7766.814191997051	-2102.916515827179	-7508.881461203098	-4068.4156789183617	-7662.700776696205	-2626.872631430626	-3498.1683183312416	-3490.3707483410835	-5987.036370277405	-2568.4412652254105	-8040.252814650536	-7791.878070771694	-3778.3937289714813	-4411.866187155247	-7635.888245820999	-4171.630685985088	-3377.3988298773766	-4492.093127429485	-7788.917004585266	-2527.9782842993736	-7789.594144880772	-7928.882777750492	-7987.283789217472	-4429.354925453663	-7769.0295043587685	-5757.602450788021	-7597.555640041828	-4443.204983532429	-1364.193643450737	-1336.9715717434883	-3718.068134009838	-7526.695261716843	-3547.295655786991	-3650.4795107245445	-2195.3514088988304	-7584.475932061672	-3882.684494435787	-7155.094049394131	-3788.046413898468	-4013.68001383543	-4254.28080278635	-7656.924697875977	-3718.772188305855	-7631.7106248140335	-5605.484087228775	-3585.355771481991	-4146.724843263626	-1548.8487615585327	-6835.438420832157
-7751.977558791637	-2089.1394633054733	-7361.287927269936	-4135.807492673397	-7866.203176915646	-2659.635345876217	-5964.407238483429	-3536.595363855362	-8399.189967036247	-2685.9908999204636	-7868.349173605442	-7646.698887050152	-3990.9868534207344	-4538.867102444172	-7619.564534723759	-4201.126099288464	-3387.4065477252007	-4539.5317415595055	-7696.396767675877	-2620.1576840877533	-7623.15790361166	-7683.361331582069	-7948.448516309261	-4453.086449325085	-7595.483726501465	-3476.6608738303185	-7550.795680761337	-4594.214303791523	-1385.0125542283058	-1423.8601050972939	-1117.645475745201	-7751.773604512215	-1110.2810205221176	-3603.8421144485474	-2224.0575439333916	-7575.754276573658	-1528.6477993130684	-7241.786796748638	-3895.6186381578445	-4142.037742674351	-4222.266329288483	-7528.34229362011	-3738.572753071785	-7640.895025670528	-5382.961875021458	-1147.1105632781982	-4092.329245567322	-1616.132387459278	-6922.400599837303
-7568.289980232716	-1285.2749165296555	-7013.959760069847	-3309.226738154888	-7560.565755903721	-935.2590996623039	-4362.643828451633	-3515.3760429024696	-5687.248865842819	-976.6921507120132	-7958.485961794853	-7704.857731342316	-3316.2258558273315	-2901.8818303346634	-7600.696840167046	-3358.022262752056	-3406.981402218342	-2855.6272943019867	-7636.853099524975	-931.6498386859894	-7598.1353276968	-7881.981688380241	-7913.0060849785805	-3008.370153129101	-7446.506740808487	-5041.025447964668	-7560.14940738678	-2798.609854519367	-1474.661587536335	-1474.5204920172691	-3797.0197898745537	-7499.624531388283	-3617.0458794236183	-3607.5939416885376	-2270.325031399727	-7505.605976223946	-3265.96110278368	-7072.05637294054	-3009.1566953659058	-3170.376073181629	-4297.397312104702	-7376.157875299454	-3853.5014328360558	-7501.499383568764	-5646.28896933794	-3591.243345439434	-3259.5520154833794	-1658.952860891819	-6953.881926357746
-7633.303609967232	-1381.3417625427246	-7255.120245993137	-3290.7652527093887	-7445.047173380852	-2787.6133147478104	-3661.4267077445984	-3621.8317049741745	-5789.081138968468	-2658.5265070199966	-7824.548256218433	-7723.6191021203995	-3746.276791334152	-4573.1140657663345	-7525.934511959553	-3409.33425450325	-4026.1715484261513	-4626.309234797955	-7654.871668815613	-2693.3389622569084	-7583.063074529171	-7853.685390770435	-7802.61749124527	-4561.570523262024	-7660.675812482834	-5679.069469690323	-7500.193675637245	-5172.3969150185585	-2022.1382219195366	-2037.2322288155556	-3866.596809864044	-7555.836230099201	-3678.4606934785843	-3780.1021159291267	-2342.9919140934944	-7473.311594247818	-3281.6751868724823	-7024.95023047924	-3618.04569709301	-3692.1895161271095	-4423.275219142437	-7548.587784469128	-3852.3713318109512	-7293.681629061699	-5546.980139732361	-3717.0422620773315	-3408.3851524591446	-1766.4463527202606	-6767.314588069916
-7618.466976761818	-1367.564710021019	-7107.526712059975	-3358.157066464424	-7648.549573600292	-2820.3760291934013	-6127.665627896786	-3668.056320488453	-8201.23473572731	-2776.0761417150497	-7652.64461517334	-7578.439918398857	-3958.8699157834053	-4700.11498105526	-7509.610800862312	-3438.8296678066254	-4036.1792662739754	-4673.747848927975	-7562.351431906223	-2785.518362045288	-7416.626833260059	-7608.163944602013	-7763.782218337059	-4585.302047133446	-7487.13003462553	-3398.1278927326202	-7453.433716356754	-5323.406235277653	-2042.9571326971054	-2124.120762169361	-1266.1741515994072	-7780.914572894573	-1241.4460582137108	-3733.4647196531296	-2371.6980491280556	-7464.589938759804	-927.6384917497635	-7111.642977833748	-3725.6179213523865	-3820.54724496603	-4391.260745644569	-7420.005380213261	-3872.1718965768814	-7302.866029918194	-5324.4579275250435	-1278.797053873539	-3353.9895547628403	-1833.729978621006	-6854.276767075062
-7732.501786112785	-2365.674250483513	-7329.060694634914	-4273.072345018387	-7420.581014156342	-2884.5965977311134	-3728.4197558164597	-3735.799084544182	-6851.474874377251	-2756.0415775179863	-7701.201064109802	-7577.399045407772	-4567.417836010456	-4634.062526583672	-7360.727492213249	-4389.731316268444	-4147.486119627953	-4768.019427776337	-7582.847075283527	-2761.419483780861	-7516.387834250927	-7687.104494690895	-7602.9486983418465	-4709.431023538113	-7565.822521686554	-5646.62120693922	-7338.473052084446	-5212.468301057816	-2139.5340128540993	-2138.085676908493	-2847.273488163948	-7412.700876832008	-2736.56134557724	-3894.2414137125015	-1422.9705258011818	-7335.920799434185	-3126.440889954567	-7035.008369624615	-4627.391692996025	-4823.072998523712	-3380.446283221245	-7615.9172812104225	-3927.6451494693756	-7415.148940861225	-5543.556700468063	-2774.464290738106	-4397.668227255344	-1837.7111508846283	-7662.132632732391
-7717.6651529073715	-2351.8971979618073	-7181.467160701752	-4340.464158773422	-7624.083414375782	-2917.3593121767044	-6194.658675968647	-3782.0237000584602	-9263.628471136093	-2873.5912122130394	-7529.297423064709	-7432.21986168623	-4780.010960459709	-4761.063441872597	-7344.403781116009	-4419.226729571819	-4157.493837475777	-4815.458041906357	-7490.326838374138	-2853.5988835692406	-7349.951592981815	-7441.583048522472	-7564.113425433636	-4733.162547409534	-7392.27674382925	-3365.679629981518	-7291.713092803955	-5363.47762131691	-2160.352923631668	-2224.9742102622986	-246.85082989931107	-7637.77921962738	-299.5467103123665	-3847.6040174365044	-1451.676660835743	-7327.199143946171	-772.4041948318481	-7121.701116979122	-4734.963917255402	-4951.430727362633	-3348.4318097233772	-7487.3348769545555	-3947.445714235306	-7424.33334171772	-5321.034488260746	-336.2190825343132	-4343.27262955904	-1904.9947767853737	-7749.094811737537
-7348.11893337965	-2267.3165261745453	-7337.948034584522	-4288.638051688671	-7491.310806453228	-2928.1073843836784	-2667.0904225707054	-325.7021138072014	-5581.106970608234	-2818.7679718136787	-7459.766952514648	-7612.861691832542	-4888.519561111927	-1279.6688187122345	-7189.92016428709	-4435.9714314341545	-4054.0270735621452	-1299.0163632035255	-7330.8007390499115	-2827.7161472439766	-7402.271505892277	-7483.061324000359	-7624.563110291958	-1025.6192945837975	-7539.2760355472565	-6790.320179462433	-7412.423937320709	-1708.3970421552658	-2163.046021103859	-2165.594239115715	-4002.202324151993	-7526.159615039825	-3794.3758379220963	-346.1311055421829	-2452.7069345116615	-7266.151848614216	-4239.347751677036	-7418.731600821018	-4730.779729068279	-4929.422295451164	-4464.909601330757	-7386.573152244091	-4007.3271777629852	-7423.0404198765755	-8923.616143643856	-3852.9871836304665	-4388.258863925934	-1971.1557940244675	-6719.981666922569
-7488.326027691364	-2409.958157300949	-7017.9933715462685	-885.5094637870789	-7518.04996907711	-3003.4445852041245	-6228.111317932606	-3769.548117876053	-5738.651571393013	-2870.117583692074	-7484.603337228298	-7369.717574000359	-1185.0194517374039	-4812.276865065098	-7516.268686234951	-876.7049661874771	-569.861500620842	-4762.820067048073	-7326.661350607872	-2890.4007629156113	-7410.428080916405	-7497.852665901184	-7621.603909194469	-4803.324322342873	-7193.818257987499	-3040.228307425976	-7115.449560761452	-5488.303444325924	-2255.665780067444	-2213.038745164871	-3970.6652029156685	-7417.4782457351685	-3847.4804273843765	-3937.6716391444206	-2522.5117092728615	-7308.1836396455765	-4243.498454093933	-7071.228394329548	-1230.9081200957298	-1285.7709066867828	-988.8851222395897	-7224.45388096571	-342.01702266931534	-7444.10392588377	-5270.486025869846	-3813.8074195981026	-847.3566789031029	-1991.2038246393204	-6537.661794424057
-7257.793330729008	-1695.2254964709282	-6949.646429121494	-3620.203090071678	-7141.1315341591835	-3080.701272010803	-3966.2438147068024	-3925.0938425660133	-5462.14615637064	-3001.501235842705	-7624.070999324322	-7411.225049614906	-3436.8409236073494	-4882.332548737526	-7269.1222514510155	-3720.3537970781326	-3824.9653800725937	-4952.379197359085	-7376.037840902805	-2980.9926859736443	-7370.024371266365	-7550.570730984211	-7568.943683922291	-4850.136031389236	-7329.35708630085	-5334.992749214172	-7233.742442071438	-4895.371866166592	-1808.4937393069267	-1780.1410891413689	-4166.7085728645325	-7182.524129390717	-3978.041306078434	-4075.743683874607	-2632.0364661216736	-7221.722181200981	-3583.3099070191383	-6725.32734054327	-3335.2377882003784	-3417.8244129419327	-4712.810016036034	-7181.350755095482	-4172.706252038479	-7073.425656795502	-5237.176806628704	-4028.713390290737	-3692.0762252807617	-2008.2787778377533	-6476.7077531814575
-7242.956697523594	-1681.4484439492226	-6802.052895188332	-3687.5949038267136	-7344.633934378624	-3113.463986456394	-6432.48273485899	-3971.3184580802917	-7874.299753129482	-3119.050870537758	-7452.167358279228	-7266.045865893364	-3649.4340480566025	-5009.333464026451	-7252.798540353775	-3749.849210381508	-3834.973097920418	-4999.817811489105	-7283.517603993416	-3073.172085762024	-7203.588129997253	-7305.049284815788	-7530.10841101408	-4873.867555260658	-7155.811308443546	-3054.0511722564697	-7186.982482790947	-5046.381186425686	-1829.3126500844955	-1867.0296224951744	-1566.2859145998955	-7407.602472186089	-1541.0266708135605	-4029.10628759861	-2660.7426011562347	-7213.000525712967	-1229.2732118964195	-6812.020087897778	-3442.810012459755	-3546.1821417808533	-4680.795542538166	-7052.768350839615	-4192.506816804409	-7082.610057651997	-5014.654594421387	-1590.4681820869446	-3637.6806275844574	-2075.5624037384987	-6563.669932186604
-6972.608654141426	-2581.200260102749	-7032.474217712879	-4618.0758890509605	-7187.39516723156	-3221.1953416466713	-2971.9075295329094	-628.9642513990402	-5254.1719880104065	-3161.742700636387	-7259.289695620537	-7300.467639327049	-4579.083693385124	-1588.887301683426	-6933.107903778553	-4746.990974009037	-3852.8209052085876	-1625.086325764656	-7051.966911137104	-3115.3698709607124	-7189.232802629471	-7179.946664214134	-7390.889302968979	-1314.18480271101	-7207.9573093652725	-6446.243458986282	-7145.972703754902	-1431.371993303299	-1949.401538491249	-1908.5030994415283	-4302.314087152481	-7152.847514331341	-4093.956450521946	-641.7726734876633	-2741.7514865398407	-7014.562435567379	-4540.982471823692	-7119.108710885048	-4447.971820175648	-4655.057192265987	-4754.444398224354	-7019.336122870445	-4327.662097990513	-7202.784447610378	-8613.8128105402	-4164.658311843872	-4671.949936747551	-2212.98821914196	-6429.374832034111
-7343.119914472103	-2652.8336114287376	-6910.863853037357	-4621.027882397175	-7078.507245719433	-1414.084337592125	-2385.3931463360786	-4023.9870032072067	-5395.4817407131195	-1393.488416492939	-7438.551116526127	-7234.499321639538	-5009.486863017082	-3295.2377816438675	-7019.567589402199	-4739.609362185001	-4435.475316643715	-3298.9259865880013	-7235.245405316353	-1368.2343649864197	-7111.881491661072	-7442.69599878788	-7374.423106014729	-3517.9727179408073	-7177.310829758644	-6988.055426537991	-7064.503015398979	-3763.78301012516	-2468.86523771286	-2495.5638275146484	-4328.865369558334	-6891.8714680075645	-4131.70153015852	-4158.449743270874	-2829.0371050834656	-6933.808887660503	-4460.768664062023	-6539.001505255699	-4931.570946931839	-5179.790368616581	-4842.944107174873	-7179.177862882614	-4330.1293504834175	-7020.354365885258	-5145.920428574085	-4141.4505032897	-4763.725696444511	-2148.8449255228043	-6376.163896143436
-7328.283281266689	-2639.056558907032	-6763.270319104195	-4688.41969615221	-7282.009645938873	-1446.847052037716	-4851.632066488266	-4070.211618721485	-7807.635337471962	-1511.038051187992	-7266.647475481033	-7089.320137917995	-5222.079987466335	-3422.2386969327927	-7003.243878304958	-4769.104775488377	-4445.483034491539	-3346.3646007180214	-7142.725168406963	-1460.4137647747993	-6945.44525039196	-7197.174552619457	-7335.587833106518	-3541.704241812229	-7003.7650519013405	-4707.113849580288	-7017.743056118488	-3914.7923303842545	-2489.684148490429	-2582.452360868454	-1728.4427112936974	-7116.949810802937	-1694.6868948936462	-4111.812346994877	-2857.7432401180267	-6925.087232172489	-2106.7319689393044	-6625.694252610207	-5039.1431711912155	-5308.148097455502	-4810.929633677006	-7050.595458626747	-4349.929915249348	-7029.538766741753	-4923.398216366768	-1703.205295085907	-4709.330098748207	-2216.1285514235497	-6463.1260751485825
-7112.81574845314	-2723.8418912291527	-6712.519554674625	-1214.9473011493683	-7214.134329855442	-3296.5325424671173	-6532.92842489481	-4072.8102554678917	-5411.716588795185	-3213.092312514782	-7284.126080334187	-7057.323521494865	-875.583584010601	-5121.495348036289	-7259.456425726414	-1187.7245087623596	-368.6553322672844	-5088.890029609203	-7047.8275226950645	-3178.054486632347	-7197.389377653599	-7194.73800611496	-7387.9301018714905	-5091.889830470085	-6862.499531805515	-2696.1515869498253	-6848.998327195644	-5211.278395473957	-2042.021297454834	-1955.9476054906845	-4270.776965916157	-7044.166145026684	-4147.061039984226	-4233.313207089901	-2811.5562613010406	-7056.59422659874	-4545.133174240589	-6771.605504393578	-948.1002112030983	-1011.405803501606	-1278.4199191331863	-6857.216851592064	-662.351942896843	-7223.847953617573	-4960.68269276619	-4125.478547811508	-1131.04775172472	-2233.036249756813	-6247.054959535599
-6839.098072111607	-1859.6255068182945	-6778.713002502918	-3840.4254628419876	-6969.741563916206	-3381.9360249638557	-3135.165918946266	-760.4252080321312	-5056.216756701469	-3251.827942430973	-7043.585137188435	-7232.208670675755	-4546.966755747795	-1750.1351802945137	-6823.154169917107	-3984.694542527199	-4501.593623757362	-1759.3024331331253	-6917.921575367451	-3280.730548918247	-6982.70173227787	-7104.749277234077	-7206.223004996777	-1446.400400519371	-7099.603617489338	-6367.710477888584	-7048.610739350319	-2160.5639247894287	-2607.3461169600487	-2608.7637565135956	-4450.842763006687	-7181.988482713699	-4225.121488213539	-771.3952786922455	-2889.3919917345047	-6903.398097753525	-3939.9731642603874	-6988.964891970158	-4277.97110337019	-4333.566694557667	-4923.4388145804405	-6910.999209463596	-4461.261241495609	-6864.755451858044	-8555.308863043785	-4296.344802439213	-3933.6102459430695	-2430.585810303688	-6361.25099927187
-6979.305166423321	-2002.2671379446983	-6458.7583394646645	-437.29687494039536	-6996.480726540089	-3457.2732257843018	-6696.1868143081665	-4204.271212100983	-5213.761357486248	-3303.177554309368	-7068.421521902084	-6989.064552843571	-843.4666463732719	-5282.743226647377	-7149.502691864967	-425.4280772805214	-1017.4280508160591	-5223.106136977673	-6913.782186925411	-3343.415164589882	-6990.858307301998	-7119.540619134903	-7203.263803899288	-5224.105428278446	-6754.145839929581	-2617.618605852127	-6751.636362791061	-5940.470326960087	-2699.9658759236336	-2656.2082625627518	-4419.305641770363	-7073.307113409042	-4278.226077675819	-4362.935812294483	-2959.1967664957047	-6945.429888784885	-3944.1238666772842	-6641.461685478687	-778.0994943976402	-689.9153057932854	-1447.414335489273	-6748.879938185215	-795.9510864019394	-6885.818957865238	-4902.178745269775	-4257.165038406849	-392.7080609202385	-2450.633840918541	-6178.931126773357
-6938.29624825716	-2843.957994759083	-6852.653451144695	-4822.732555150986	-6945.275404691696	-3478.919307947159	-3202.1589670181274	-874.3925876021385	-6118.610492110252	-3349.3430129289627	-6920.2379450798035	-7085.988613963127	-5368.107800424099	-1811.0836411118507	-6657.947150170803	-4965.091604292393	-4622.908194959164	-1901.0126261115074	-6845.896981835365	-3348.8110704421997	-6916.026491999626	-6938.168381154537	-7006.554212093353	-1594.2609007954597	-7004.750326693058	-6335.262215137482	-6886.89011579752	-2200.6353108286858	-2724.7419078946114	-2709.617204606533	-3431.519441306591	-7038.8531294465065	-3283.222140312195	-885.5345764756203	-1969.370603442192	-6766.007302939892	-3784.738867342472	-6999.023031115532	-5287.317099273205	-5464.450176954269	-3880.6098786592484	-6978.328706204891	-4536.535059154034	-6986.22276365757	-8551.885423779488	-3353.766831099987	-4922.893320739269	-2501.8506084680557	-7256.069043934345
-7078.503342568874	-2986.5996258854866	-6532.6987881064415	-1419.6039672493935	-6972.0145673155785	-3554.256508767605	-6763.179862380028	-4318.23859167099	-6276.155092895031	-3400.692624807358	-6945.074329793453	-6842.844496130943	-1664.6076910495758	-5343.691687464714	-6984.295672118664	-1405.8251390457153	-1138.7426220178604	-5364.816329956055	-6841.757593393326	-3411.4956861138344	-6924.183067023754	-6952.959723055363	-7003.595010995865	-5371.965928554535	-6659.292549133301	-2585.1703431010246	-6589.915739238262	-5980.541712999344	-2817.3616668581963	-2757.0617106556892	-3399.9823200702667	-6930.1717601418495	-3336.326729774475	-4477.075110077858	-2039.175378203392	-6808.039093971252	-3788.889569759369	-6651.519824624062	-1787.4454903006554	-1820.798788189888	-404.5853995680809	-6816.20943492651	-871.2249040603638	-7007.286269664764	-4898.755306005478	-3314.587067067623	-1381.9911357164383	-2521.8986390829086	-7073.749171435833
-7017.786631762981	-3049.0071388483047	-6698.956988155842	-4999.396048069	-6862.575424194336	-3592.289224386215	-4455.232052743435	-4479.929418385029	-7582.532627999783	-3535.8471363186836	-6932.232513010502	-6795.687456190586	-5342.695055246353	-5402.689415335655	-6671.669289588928	-5131.436309814453	-4863.467012345791	-5443.11650377512	-6881.909909784794	-3509.756612062454	-6717.334293961525	-6865.763595223427	-6991.525432050228	-5383.470120072365	-6886.6153973937035	-5001.081150829792	-6691.336090803146	-6011.554342031479	-2823.5163002610207	-2888.0729579925537	-2098.131494283676	-6799.84940880537	-2055.682321548462	-4579.962089180946	-3219.4546748399734	-6641.203437149525	-2424.0807731747627	-6278.965220212936	-5365.224264025688	-5555.596437215805	-5226.342337608337	-6855.788338422775	-4669.134734451771	-6601.465039968491	-4514.286053657532	-2140.67533993721	-5141.854308545589	-2565.454468369484	-5985.951901972294
-6833.134012401104	-2258.08991253376	-6316.758311748505	-4221.689407289028	-6798.598532617092	-3664.2759100198746	-6967.551279306412	-4520.008931875229	-8411.8032746315	-3649.625911653042	-6912.638350844383	-6739.172788023949	-4129.022287368774	-5540.748286426067	-6720.825526237488	-4278.969383239746	-4403.854219317436	-5601.814074397087	-6798.61384677887	-3594.267008960247	-6717.343116104603	-6760.156341969967	-6912.0995128154755	-5442.509161472321	-6621.285599589348	-2598.9932079315186	-6661.448661267757	-5538.619455099106	-2391.008536875248	-2411.0525879859924	-995.6030317544937	-6920.29598659277	-1029.872973203659	-4568.509758532047	-2177.4062700867653	-6712.855980038643	-774.6643275618553	-6392.311518192291	-3999.3473826646805	-4081.2100232839584	-4096.495819866657	-6644.523904800415	-4721.7146981954575	-6645.792401432991	-4642.923874557018	-1091.2478295564651	-4172.315084397793	-2606.257218182087	-7099.7573091983795
-6463.587792873383	-2173.509240746498	-6473.239185631275	-4169.863300204277	-6665.825924694538	-3675.0239822268486	-3439.98302590847	-1063.68734562397	-4729.2817741036415	-3594.802671253681	-6843.107880294323	-6919.814618170261	-4237.530888020992	-2059.353663265705	-6566.341909408569	-4295.714085102081	-4300.387455403805	-2085.372395694256	-6639.087747454643	-3568.384272634983	-6769.663029015064	-6801.634617447853	-6972.549197673798	-1734.9659086465836	-6768.284891307354	-6023.633757412434	-6782.159505784512	-1883.5388759374619	-2393.701634347439	-2351.672616839409	-4750.954526007175	-6808.676382005215	-4524.702100813389	-1067.0368466377258	-3178.436543762684	-6651.808684706688	-4241.6078844070435	-6689.342002034187	-3995.163194477558	-4059.20159137249	-5212.973611474037	-6543.762180089951	-4781.596161723137	-6644.4994795918465	-8245.505529940128	-4608.015930652618	-4217.301318764687	-2672.4182354211807	-6070.644164383411
-6603.794887185097	-2316.150871872902	-6153.284522593021	-766.7347123026848	-6692.56508731842	-3750.3611830472946	-7001.0039212703705	-4507.5333496928215	-4886.82637488842	-3646.1522831320763	-6867.944265007973	-6676.6705003380775	-534.0307786464691	-5591.961709618568	-6892.69043135643	-736.4476198554039	-816.2218824625015	-5549.176099538803	-6634.948359012604	-3631.0688883066177	-6777.819604039192	-6816.425959348679	-6969.589996576309	-5512.670936405659	-6422.827113747597	-2273.5418853759766	-6485.185129225254	-5663.44527810812	-2486.3213933110237	-2399.117122888565	-4719.417404770851	-6699.995012700558	-4577.806690275669	-4658.5773802399635	-3248.241318523884	-6693.840475738049	-4245.75858682394	-6341.838795542717	-495.2915855050087	-415.5502026081085	-1736.9491323828697	-6381.642908811569	-1116.286006629467	-6665.562985599041	-4592.375412166119	-4568.8361666202545	-676.3991337418556	-2692.4662660360336	-5888.324291884899
-6548.914376616478	-3131.1173557043076	-6434.456609547138	-5170.688092529774	-6603.201636254787	-2008.4070478081703	-1859.1323575377464	-1162.5805062651634	-4662.617358446121	-1986.7898519039154	-6657.587997496128	-6743.088890194893	-5810.176827430725	-472.25889617204666	-6316.787247359753	-5314.96965020895	-4910.897391974926	-431.919184923172	-6498.295311868191	-1955.6259516477585	-6511.520149409771	-6693.759885251522	-6778.028619766235	-402.80259519815445	-6616.238634765148	-7676.696434736252	-6612.920079112053	-751.9500198960304	-3054.073132753372	-3067.0953552126884	-4913.111322700977	-6518.023720622063	-4678.362324893475	-1149.7429060339928	-3375.437182724476	-6363.89539116621	-5119.066641449928	-6503.016166746616	-5591.496353209019	-5821.167547047138	-5343.107702612877	-6541.589287877083	-4939.019260168076	-6591.4281886816025	-8154.2491518855095	-4720.753043651581	-5288.950789928436	-2812.9843831062317	-5970.10030734539
-6689.121470928192	-3273.7589868307114	-6114.501946508884	-1767.5595046281815	-6629.94079887867	-2083.7442486286163	-5420.153252899647	-4606.426510334015	-4820.1619592309	-2038.1394637823105	-6682.424382209778	-6499.944772362709	-2106.676718056202	-4004.86694252491	-6643.135769307613	-1755.7031849622726	-1426.7318190336227	-3895.7228887677193	-6494.155923426151	-2018.3105673193932	-6519.676724433899	-6708.551227152348	-6775.069418668747	-4180.50762295723	-6270.780857205391	-3926.6045626997948	-6315.945702552795	-4531.8564220666885	-3146.692891716957	-3114.5398612618446	-4881.574201464653	-6409.342351317406	-4731.466914355755	-4741.2834396362305	-3445.241957485676	-6405.927182197571	-5123.217343866825	-6155.512960255146	-2091.6247442364693	-2177.516158282757	-1867.0832235217094	-6379.4700165987015	-1273.7091050744057	-6612.491694688797	-4501.1190341115	-4681.573279619217	-1748.0486049056053	-2833.0324137210846	-5787.780434846878
-6173.404097378254	-3445.001089632511	-6128.982792675495	-5500.125929892063	-6299.285997033119	-2301.495005071163	-2163.9494644999504	-1465.8426438570023	-4335.682375848293	-2329.7645807266235	-6457.110740602016	-6430.6948376894	-5500.740959703922	-781.4773791432381	-6059.974986851215	-5625.989192783833	-4709.691223621368	-757.9891474843025	-6219.461483955383	-2243.2796753644943	-6298.481446146965	-6390.645225465298	-6544.354812443256	-691.368103325367	-6284.919908583164	-7332.619714260101	-6346.468845546246	-474.92497104406357	-2840.4286501407623	-2810.0042155385017	-5213.223085701466	-6144.711619913578	-4977.942937493324	-1445.3844739794731	-3664.481734752655	-6112.305978119373	-5420.701361596584	-6203.393276810646	-5308.688444316387	-5546.802443861961	-5632.6424995064735	-6174.352258503437	-5259.354180395603	-6371.172216415405	-7844.445818781853	-5032.424171864986	-5572.641862750053	-3054.8168082237244	-5679.493472456932
-6238.41772711277	-3541.0679356455803	-6370.143278598785	-5481.664444446564	-6183.76741451025	-4153.84922015667	-1462.7323437929153	-1572.2983059287071	-4437.514648973942	-4011.598937034607	-6323.173035025597	-6449.4562084674835	-5930.791895210743	-2452.709614574909	-5985.2126586437225	-5677.301184535027	-5328.881369829178	-2528.6710879802704	-6237.480053246021	-4004.9687989354134	-6283.409192979336	-6362.348927855492	-6433.966218709946	-2244.56847345829	-6499.088980257511	-7970.663735985756	-6286.513113796711	-2848.712031543255	-3387.905284523964	-3372.715952336788	-5282.800105690956	-6200.9233186244965	-5039.35775154829	-1617.8926482200623	-3737.1486174464226	-6080.011596143246	-5436.415445685387	-6156.287134349346	-5917.577446043491	-6068.615886807442	-5758.5204065442085	-6346.782167673111	-5258.224079370499	-6163.35446190834	-7745.136989176273	-5158.223088502884	-5721.474999725819	-3162.310300052166	-5492.926134169102
-6223.581093907356	-3527.2908831238747	-6222.549744665623	-5549.056258201599	-6387.269814729691	-4186.611934602261	-3928.9712639451027	-1618.5229214429855	-6849.668245732784	-4129.14857172966	-6151.269393980503	-6304.277024745941	-6143.385019659996	-2579.7105298638344	-5968.888947546482	-5706.796597838402	-5338.889087677002	-2576.1097021102905	-6144.959816336632	-4097.148198723793	-6116.972951710224	-6116.827481687069	-6395.130945801735	-2268.299997329712	-6325.5432024002075	-5689.722159028053	-6239.75315451622	-2999.721351802349	-3408.7241953015327	-3459.6044856905937	-2682.377447426319	-6426.0016614198685	-2602.3431162834167	-1571.255251944065	-3765.8547524809837	-6071.2899406552315	-3082.378750562668	-6242.979881703854	-6025.149670302868	-6196.973615646362	-5726.505933046341	-6218.199763417244	-5278.024644136429	-6172.538862764835	-7522.614776968956	-2719.9778802990913	-5667.079402029514	-3229.5939259529114	-5579.888313174248
-6378.624821424484	-3683.709566771984	-6050.188615560532	-2078.5358565449715	-6210.506577134132	-4229.186420977116	-5023.753239154816	-5016.144309997559	-4595.05924975872	-4062.948548913002	-6348.009419739246	-6206.3120906353	-2227.29178583622	-5985.3176609277725	-6311.561180591583	-2118.034719288349	-1844.7157968878746	-5992.474791824818	-6233.340664803982	-4067.653414607048	-6291.565768003464	-6377.140269756317	-6431.007017612457	-6022.273501217365	-6153.631202697754	-4220.571863949299	-5989.5387372374535	-6628.618433713913	-3480.525043487549	-3420.1604583859444	-5251.262984454632	-6092.2419493198395	-5092.4623410105705	-5209.4331818223	-3806.9533922076225	-6122.043387174606	-5440.5661481022835	-5808.783927857876	-2417.705837070942	-2424.9644980430603	-2282.495927453041	-6184.66289639473	-1592.9139242768288	-6184.417967915535	-4092.0068714022636	-5119.04332447052	-2180.5728147029877	-3182.358330667019	-5310.606261670589
-6363.78818821907	-3669.9325142502785	-5902.595081627369	-2145.927670300007	-6414.008977353573	-4261.949135422707	-7489.992159307003	-5062.368925511837	-7007.212846517563	-4180.498183608055	-6176.105778694153	-6061.132906913757	-2439.884910285473	-6112.318576216698	-6295.237469494343	-2147.5301325917244	-1854.7235147356987	-6039.913405954838	-6140.820427894592	-4159.832814395428	-6125.129526734352	-6131.618823587894	-6392.1717447042465	-6046.005025088787	-5980.08542484045	-1939.6302869915962	-5942.778777956963	-6779.627753973007	-3501.3439542651176	-3507.04899173975	-2650.840326189995	-6317.3202921152115	-2655.447705745697	-5162.795785546303	-3835.6595272421837	-6113.321731686592	-3086.5294529795647	-5895.476675212383	-2525.2780613303185	-2553.322226881981	-2250.4814539551735	-6056.080492138863	-1612.714489042759	-6193.60236877203	-3869.4846591949463	-2680.7981162667274	-2126.1772170066833	-3249.6419565677643	-5397.5684406757355
-6193.972202062607	-2892.7923404574394	-5667.989939153194	-1300.8292157649994	-6146.529685556889	-4301.173106610775	-7536.0724657177925	-5056.223823487759	-5424.329896390438	-4176.72732424736	-6328.415257573128	-6149.797422468662	-1013.619017958641	-6123.376532018185	-6360.717417240143	-1265.5677927136421	-1385.10300385952	-6151.172362446785	-6150.044601798058	-4152.163811504841	-6291.574590146542	-6271.533016502857	-6351.581098377705	-6081.312542617321	-5888.301404893398	-1818.4839210510254	-5959.6513077020645	-6155.68354678154	-3048.017280101776	-2943.140088379383	-4148.734521925449	-6212.688527107239	-4066.6529926657677	-5197.980851173401	-2764.9049874544144	-6193.6959300637245	-3791.149702489376	-5922.130225837231	-1051.8289557099342	-950.5780841112137	-1152.649409711361	-5973.398462772369	-1645.4938880205154	-6228.745329380035	-4220.64469230175	-4069.615814089775	-1211.033590555191	-3223.161080479622	-6424.411668896675
-6039.893515348434	-2723.426336348057	-5875.221577465534	-4722.47550368309	-6081.632393717766	-2462.2356883883476	-2327.207853913307	-1597.3036004900932	-4137.727144539356	-2419.8498225212097	-6241.406182169914	-6362.435869038105	-5468.624022066593	-942.7252577543259	-5950.021252989769	-4863.692761301994	-5358.463942170143	-892.2052548527718	-6085.41614818573	-2408.640353322029	-6091.950375795364	-6315.447838485241	-6359.688514471054	-823.583701133728	-6176.56621670723	-7254.086733162403	-6249.106881141663	-1204.1169025301933	-3498.373228609562	-3510.264872610569	-5361.751761555672	-6173.852588295937	-5109.107975184917	-1575.0070791840553	-3812.122239947319	-6001.141640305519	-4819.692054033279	-6073.249457895756	-5138.687727510929	-5225.311946153641	-5801.63691586256	-6066.015345096588	-5392.9533239007	-6033.143220663071	-7785.9418712854385	-5164.110662460327	-4834.302171945572	-3272.4143993854523	-5611.369639694691
-6139.091691493988	-3707.758824288845	-5949.162026107311	-5704.782595992088	-6057.166234493256	-2559.2189713716507	-2394.2009019851685	-1711.2709800601006	-5200.120879948139	-2517.3648930191994	-6118.058990061283	-6216.215812325478	-6289.765066742897	-1003.6737185716629	-5784.814233243465	-5844.089823067188	-5479.778513371944	-1033.9154478311539	-6013.391554653645	-2476.7208748459816	-6025.27513551712	-6148.866942405701	-6160.019721567631	-971.4442014098167	-6081.71292591095	-7221.638470411301	-6087.386257588863	-1244.1882885694504	-3615.7690195441246	-3611.1183207035065	-4342.428439855576	-6030.717235028744	-4167.208627283573	-1689.1463769674301	-2892.1008516550064	-5863.750845491886	-4664.457757115364	-6083.30759704113	-6148.033723413944	-6356.195428550243	-4758.807979941368	-6133.344841837883	-5468.227141559124	-6154.610532462597	-7782.518432021141	-4221.532691121101	-5823.585246741772	-3343.67919754982	-6506.187684357166
-5988.277908980846	-3983.816248178482	-5597.121264755726	-2475.3655076622963	-6110.093338131905	-4555.0370926856995	-7794.809266269207	-5365.631063103676	-6680.277863919735	-4523.472912430763	-5975.628521800041	-5748.738854408264	-2130.44904255867	-6421.537059187889	-6038.4252089858055	-2458.549675166607	-1653.517346382141	-6365.983368515968	-5861.986599981785	-4447.4865381121635	-5912.090823471546	-5828.50416380167	-6158.497937381268	-6334.570533216	-5648.766698658466	-1595.5535665154457	-5676.327544391155	-6502.60270512104	-3287.699471652508	-3249.957852065563	-2950.952089190483	-5944.008191406727	-2955.0283183455467	-5458.437353491783	-4124.704079270363	-5861.732318639755	-3388.1641731262207	-5595.853785276413	-2242.470152437687	-2278.957123696804	-2540.01625084877	-5688.843462765217	-1933.0494092702866	-5973.346396505833	-3559.6813260912895	-2992.469244480133	-2409.8682898283005	-3491.474381685257	-5106.961605787277
-5664.38323611021	-3037.3100702762604	-5569.747760593891	-5051.91334104538	-5777.716754496098	-2755.3236456513405	-2632.024960875511	-1900.565738081932	-3810.7921619415283	-2762.824551343918	-6040.928925275803	-6050.041816532612	-5159.18815433979	-1251.9437407255173	-5693.208992481232	-5174.712303876877	-5157.2577738165855	-1218.2752174139023	-5806.5823202729225	-2696.294077038765	-5878.911672532558	-6012.333178699017	-6126.014707148075	-1112.1492092609406	-5845.247490525246	-6910.010012686253	-5982.655647575855	-927.0918536782265	-3284.728745996952	-3253.1737329363823	-5661.86352455616	-5800.540487587452	-5408.688587784767	-1870.6486471295357	-4101.166791975498	-5749.552227258682	-5121.3267741799355	-5773.6265679597855	-4855.879818618298	-4950.946842968464	-6091.171712756157	-5698.778315722942	-5713.288244128227	-5812.8872483968735	-7476.138538181782	-5475.781790673733	-5117.993244767189	-3514.246824502945	-5320.762804806232
-5854.767326951027	-3262.2414948940277	-5343.360049545765	-1697.7150814533234	-5892.439734816551	-4715.777776002884	-7958.067655682564	-5497.092019736767	-6482.322632610798	-4613.558154225349	-5759.923963367939	-5680.479885756969	-2098.332104921341	-6582.784937798977	-5928.471475124359	-1696.2532436847687	-2302.290064930916	-6500.199475884438	-5727.9412642121315	-4612.847216069698	-5705.5597531199455	-5753.306776821613	-5973.831639409065	-6466.786131024361	-5540.413006782532	-1517.0205854177475	-5578.965579986572	-7231.79463660717	-3945.6440501213074	-3950.2185091376305	-3099.480765044689	-5973.149159789085	-3086.19335603714	-5588.059958696365	-4272.344584465027	-5750.567980825901	-2787.154865562916	-5465.709966361523	-2072.469435632229	-1957.4666259884834	-2709.010667204857	-5580.506549358368	-2066.648552775383	-5635.317400753498	-3501.1773785948753	-3124.155735075474	-1671.528599023819	-3709.071972846985	-5038.837773025036
-5953.9655030965805	-4246.573982834816	-5417.300498187542	-2680.0221737623215	-5867.973575592041	-4812.761058986187	-8025.060703754425	-5611.059399306774	-7544.716368019581	-4711.073224723339	-5636.576771259308	-5534.259829044342	-2919.473149597645	-6643.733398616314	-5763.264455378056	-2676.6503054499626	-2423.604636132717	-6641.90966886282	-5655.916670680046	-4680.927737593651	-5638.8845128417015	-5586.725880742073	-5774.162846505642	-6614.646631300449	-5445.559715986252	-1484.572322666645	-5417.244956433773	-7271.866022646427	-4063.03984105587	-4051.071957230568	-2080.157443344593	-5830.013806521893	-2144.2940081357956	-5702.19925647974	-3352.3231961727142	-5613.177186012268	-2631.9205686450005	-5475.768105506897	-3081.815431535244	-3088.350108385086	-1666.1817312836647	-5647.836046099663	-2141.9223704338074	-5756.784712553024	-3497.753939330578	-2181.577763736248	-2660.8116738200188	-3780.3367710113525	-5933.655817687511
-5584.419283568859	-4161.993311047554	-5573.7813720703125	-2628.1960666775703	-5735.200967669487	-4823.509131193161	-4497.4924503564835	-2154.7378130555153	-3862.194867491722	-4656.249984323978	-5567.046300709248	-5714.901659190655	-3027.9817502498627	-3162.3387754559517	-5608.780838549137	-2693.395007312298	-2320.1378722190857	-3125.4679901599884	-5496.39057135582	-4655.045001268387	-5691.204425752163	-5628.204156219959	-5834.612531363964	-2907.1033784747124	-5592.559007704258	-4909.21287214756	-5537.955800950527	-3616.785443484783	-4065.732938528061	-3991.6919860839844	-5835.508937597275	-5718.394201934338	-5639.123135745525	-2200.7263445854187	-4353.353469848633	-5552.129890680313	-6098.864125490189	-5772.798589348793	-3077.6312433481216	-3066.3416764736176	-2782.6595228910446	-5547.074321389198	-2201.803833961487	-5755.49179071188	-7100.335594713688	-5698.345864832401	-2705.7979081869125	-3846.4977882504463	-4904.542672872543
-5479.257047712803	-3576.1252288222313	-5037.886232674122	-2027.1529188156128	-5588.524095594883	-5008.865733265877	-8262.884762644768	-5800.354157328606	-6155.38765001297	-4956.532883048058	-5559.446706473827	-5368.085833251476	-1788.8962371945381	-6892.003420770168	-5671.659214615822	-2007.2727862596512	-2101.0838965773582	-6826.269438445568	-5449.107436299324	-4900.500939786434	-5492.52104985714	-5450.192117035389	-5740.157832086086	-6755.351639151573	-5209.094280600548	-1172.943864941597	-5312.514346420765	-6954.769587755203	-3731.9995675086975	-3693.1273694634438	-3399.5925280451775	-5599.837059080601	-3385.7739686369896	-5883.701526641846	-4561.389136493206	-5498.978567779064	-3088.789585709572	-5166.087076425552	-1789.6615267395973	-1683.1015228033066	-2998.5454640984535	-5213.269519984722	-2386.9834730029106	-5415.061428487301	-3191.3740454912186	-3435.8268632888794	-1955.219671845436	-3950.9043979644775	-4748.230938136578
-5439.213170349598	-4404.868765175343	-5466.651853561401	-6363.714485287666	-5295.6582443118095	-3234.1488835811615	-654.7742787599564	-2409.176698386669	-3519.0250368118286	-3179.6208171248436	-5520.994080007076	-5579.683406829834	-6852.449161529541	-1645.2996920347214	-5112.079741716385	-6556.299403309822	-6185.751688241959	-1661.5739096999168	-5404.9746260643005	-3132.8786033391953	-5392.65783649683	-5573.047489106655	-5587.431728184223	-1621.751774072647	-5576.051579475403	-8857.039991259575	-5487.009255588055	-1892.2650092840195	-4278.932396173477	-4274.217068433762	-6193.709104239941	-5192.787424206734	-5923.344238519669	-2421.504448711872	-4659.878865659237	-5177.75513869524	-6316.134335458279	-5240.571700274944	-6778.294070184231	-6960.361138403416	-6636.718507826328	-5501.798303306103	-6189.916161775589	-5331.7422307133675	-6975.769997417927	-6025.988948523998	-6622.166925728321	-4004.13888913393	-4743.044774591923
-5578.4552238583565	-4560.45771676302	-5111.826681315899	-3009.460011124611	-5564.057936370373	-5105.84901624918	-8329.877810716629	-5914.321536898613	-7217.781385421753	-5054.047953546047	-5436.099514365196	-5221.865776538849	-2610.037281870842	-6952.951881587505	-5506.452194869518	-2987.669848024845	-2222.3984677791595	-6967.97963142395	-5377.082842767239	-4968.581461310387	-5425.845809578896	-5283.611220955849	-5540.489039182663	-6903.212139427662	-5114.240989804268	-1140.4956021904945	-5150.793722867966	-6994.84097379446	-3849.39535844326	-3793.980817556381	-2380.2692063450813	-5456.701705813408	-2443.8746207356453	-5997.8408244252205	-3641.3677482008934	-5361.587772965431	-2933.5552887916565	-5176.145215570927	-2799.0075226426125	-2813.985005199909	-1955.7165281772614	-5280.599016726017	-2462.257290661335	-5536.528740286827	-3187.950606226921	-2493.2488919496536	-2944.502746641636	-4022.169196128845	-5643.048982799053
-5424.376537144184	-4391.091712653637	-5319.058319628239	-6431.106299042702	-5499.16064453125	-3266.9115980267525	-3121.0131989121437	-2455.4013139009476	-5931.178633570671	-3297.1704518198967	-5349.090438961983	-5434.504223108292	-7065.042285978794	-1772.3006073236465	-5095.756030619144	-6585.794816613197	-6195.759406089783	-1709.012523829937	-5312.454389154911	-3225.058003127575	-5226.221595227718	-5327.526042938232	-5548.596455276012	-1645.483297944069	-5402.505801618099	-6576.098414301872	-5440.249296307564	-2043.2743295431137	-4299.751306951046	-4361.105601787567	-3593.2864459753036	-5417.865767002106	-3486.329603254795	-2374.867052435875	-4688.585000693798	-5169.033483207226	-3962.09764033556	-5327.264447629452	-6885.866294443607	-7088.718867242336	-6604.704034328461	-5373.215899050236	-6209.716726541519	-5340.926631569862	-6753.247785210609	-3587.7437403202057	-6567.771328032017	-4071.4225150346756	-4830.006953597069
-5564.583631455898	-4533.733343780041	-4999.103656589985	-3027.9777111411095	-5525.899807155132	-3342.2487988471985	-6682.034094274044	-5899.247317969799	-6088.72323435545	-3348.520063698292	-5373.9268236756325	-5191.360105276108	-3361.542176604271	-5304.90865367651	-5422.104552567005	-3026.52835136652	-2711.5938331484795	-5172.816227674484	-5308.315000712872	-3287.7426187992096	-5234.378170251846	-5342.317384839058	-5545.637254178524	-5423.188325703144	-5057.048024058342	-2826.006542265415	-5143.274919748306	-5823.180731713772	-4392.371065914631	-4408.550107836723	-3561.7493247389793	-5309.184397697449	-3539.4341927170753	-5966.407586038113	-4758.389775454998	-5211.065274238586	-3966.2483427524567	-4979.761241137981	-3385.994685471058	-3445.067478477955	-3128.6795552372932	-5211.096627771854	-2544.4065714478493	-5361.990137577057	-3100.1176674365997	-3548.563976287842	-3026.869143009186	-4091.4705456495285	-4647.6870810985565
-5444.944641828537	-3838.882963478565	-4858.065466105938	-2231.809584915638	-5346.404333055019	-5266.589699566364	-8493.136200129986	-6045.782493531704	-7019.826154112816	-5144.133195340633	-5220.394955933094	-5153.606807887554	-2577.920344233513	-7114.199760198593	-5396.498461008072	-2225.373416543007	-2871.1711863279343	-7102.195738792419	-5243.037506997585	-5133.942139267921	-5219.314739227295	-5208.413833975792	-5355.822741210461	-7035.427737236023	-5005.887297928333	-1061.9626210927963	-5053.431758463383	-7724.03290528059	-4507.33993691206	-4494.2414746284485	-2528.7978821992874	-5485.842674195766	-2575.0396584272385	-6127.463429629803	-3789.0082533955574	-5250.423435151577	-2332.5459812283516	-5046.001396656036	-2629.0068058371544	-2492.4945074915886	-2124.710944533348	-5172.262103319168	-2595.8564341664314	-5198.4997445344925	-3129.446658730507	-2624.9353825449944	-2206.1630558371544	-4239.766787290573	-5574.925150036812
-5063.702891111374	-4718.752499103546	-5161.178036689758	-6693.152322649956	-4991.742605090141	-3527.2368408441544	-959.5913857221603	-2712.438835978508	-3192.0900542140007	-3522.5955459475517	-5320.516823112965	-5267.289354324341	-6543.013293802738	-1954.5181750059128	-4855.267481207848	-6867.318945884705	-5984.545519888401	-1987.6438722610474	-5126.140798151493	-3420.532327055931	-5179.619133234024	-5269.932829320431	-5353.757920861244	-1910.3172821998596	-5244.732853293419	-8512.963270783424	-5220.558022022247	-1615.2399604320526	-4065.2879135608673	-4017.125928759575	-6493.820867240429	-4819.475323498249	-6222.924851119518	-2717.1460166573524	-4948.923417687416	-4926.165725648403	-6617.769055604935	-4940.948810338974	-6495.486161291599	-6685.996035218239	-6926.253304719925	-5134.561273932457	-6510.251082003117	-5111.48625844717	-6665.96666431427	-6337.660076737404	-6905.857998549938	-4245.971314251423	-4452.4379397034645
-5254.08698195219	-4943.6839237213135	-4934.790325641632	-3338.9540630578995	-5106.465585410595	-5487.690971195698	-6285.634080529213	-6308.965117633343	-5863.62052488327	-5373.329148828983	-5039.511861205101	-4897.727423548698	-3482.157244384289	-7285.359372079372	-5090.529963850975	-3388.8598856925964	-3129.5778110027313	-7269.568130731583	-5047.499742090702	-5337.0854660868645	-5006.267213821411	-5010.9064274430275	-5201.574853122234	-7264.95420396328	-4939.898369550705	-3119.9738435149193	-4816.867954432964	-7919.942743360996	-4726.203217685223	-4714.170704960823	-3931.438107728958	-4992.0839956998825	-3900.429619371891	-6434.557328224182	-5120.101210176945	-4927.181479215622	-4283.597146987915	-4633.032208740711	-3712.0757783055305	-3692.5158182382584	-3544.092259168625	-5016.2895075678825	-2863.6113906502724	-4933.916410803795	-2691.0055047273636	-3986.034021139145	-3459.393352806568	-4440.796462595463	-4170.512907922268
-4930.192309081554	-3997.177745819092	-4907.416821479797	-5915.501896440983	-4774.089001774788	-3687.977524161339	-1122.8497751355171	-2843.899792611599	-2994.1348229050636	-3612.680787742138	-5104.812264680862	-5199.030385673046	-6510.896356165409	-2115.7660536170006	-4745.313747346401	-6105.022514402866	-6633.318238437176	-2121.8599796295166	-4992.09546238184	-3585.893005013466	-4973.088062882423	-5194.735442340374	-5169.091622889042	-2042.5328800082207	-5136.379161417484	-8434.430289685726	-5123.196057617664	-2344.4318919181824	-4723.232492029667	-4717.386585831642	-6642.349543094635	-4848.616291880608	-6354.089888811111	-2846.7686218619347	-5096.56392288208	-4815.001387834549	-6016.75974804163	-4810.804991424084	-6325.485444486141	-6364.505537509918	-7095.247721076012	-5026.224360525608	-6643.850225508213	-4773.457262694836	-6607.462716817856	-6469.346567332745	-6167.518307745457	-4463.568905413151	-4384.314106941223
-5069.434362590313	-4152.766697406769	-4552.591649234295	-2561.2474222779274	-5042.488693833351	-5559.677656829357	-8797.95330709219	-6349.044631123543	-6692.891171514988	-5487.1079241633415	-5019.917699038982	-4841.212755382061	-2268.48447650671	-7423.418243169785	-5139.686200499535	-2536.3929591178894	-2669.9650179743767	-7428.26570135355	-4964.203679084778	-5421.595862984657	-5006.276035964489	-4905.299174189568	-5122.148933887482	-7323.9932453632355	-4674.568571746349	-717.8859006166458	-4786.980524897575	-7447.007856428623	-4293.69545429945	-4237.150334954262	-2828.9096451997757	-5112.530573487282	-2874.620271027088	-6423.104997575283	-4078.0528054237366	-4998.83402210474	-2634.1807013750076	-4746.378506720066	-2346.198896944523	-2218.1294043064117	-2414.2457414269447	-4805.025073945522	-2916.191354393959	-4978.243772268295	-2819.64332562685	-2936.6065107584	-2489.8541286587715	-4481.599212408066	-5284.318315148354
-5029.390485227108	-4981.51023375988	-4981.357270121574	-6897.808988749981	-4749.622842550278	-3784.960807144642	-1189.8428232073784	-2957.8671721816063	-4056.5285583138466	-3710.1958582401276	-4981.465072572231	-5052.810328960419	-7332.037400841713	-2176.7145144343376	-4580.106727600098	-7085.41957616806	-6754.632809638977	-2263.5701726078987	-4920.070868849754	-3653.9735265374184	-4906.412822604179	-5028.154546260834	-4969.422829985619	-2190.3933802843094	-5041.525870621204	-8401.982026934624	-4961.475434064865	-2384.5032779574394	-4840.62828296423	-4818.24003392458	-5623.026221394539	-4705.480938613415	-5412.190540909767	-2960.9079196453094	-4176.5425345897675	-4677.610593020916	-5861.525451123714	-4820.863130569458	-7334.831440389156	-7495.389019906521	-6052.4187851548195	-5093.553857266903	-6719.124043166637	-4894.924574494362	-6604.039277553558	-5526.768595993519	-7156.8013825416565	-4534.8337035775185	-5279.132151603699
-5154.760946333408	-5110.374812364578	-4513.809073150158	-3562.072214603424	-4979.8644053936005	-3893.060722410679	-7217.102638721466	-6447.937791764736	-6626.226755857468	-3879.0951048135757	-4834.3978162407875	-4664.4870274066925	-3841.130415916443	-5836.323476076126	-4890.131538450718	-3555.648524224758	-3280.474954545498	-5774.812490582466	-4823.411243498325	-3808.8375419974327	-4748.133156359196	-4797.4244419932365	-4927.628355979919	-5991.829931914806	-4522.5223152041435	-2370.948577940464	-4617.741098225117	-6315.419000387192	-4954.066952705383	-4952.573073327541	-2991.0664418935776	-4821.87791210413	-3028.280495107174	-6505.81105697155	-4275.053444385529	-4710.920728564262	-3511.6394584178925	-4560.052671432495	-3942.5320556759834	-3980.09535998106	-2544.3798325657845	-4802.852181732655	-3073.6144528388977	-4925.172481358051	-2728.3869475722313	-3049.3436237573624	-3561.503599822521	-4622.165360093117	-5183.7744581103325
-4785.214726805687	-5025.794140577316	-4670.2899470329285	-3510.246107518673	-4847.091797471046	-3903.808794617653	-3689.5343853235245	-2991.6162055134773	-2943.705255329609	-3824.271864414215	-4764.867345690727	-4845.128857553005	-3949.6390165686607	-2354.928852915764	-4735.6479216217995	-3572.3932260870934	-3177.0081906318665	-2258.370811879635	-4663.885144174099	-3782.9548056721687	-4800.453069269657	-4838.902717471123	-4988.078040838242	-2284.2866790890694	-4669.52160692215	-5795.589127421379	-4738.451942741871	-2660.338421225548	-4956.760050177574	-4893.193102180958	-6746.417936146259	-4710.258307516575	-6523.109622716904	-3004.3381450772285	-5276.083718061447	-4649.873433232307	-6978.583015263081	-4857.083155274391	-3938.347867488861	-3958.0869280695915	-3660.8576241731644	-4702.09045702219	-3133.495916366577	-4923.879559516907	-6330.968602955341	-6566.111724853516	-3606.489834189415	-4688.3263773322105	-4154.661313295364
-4554.68202984333	-4311.061479747295	-4601.943004608154	-6244.939733803272	-4470.17336255312	-3981.0654814243317	-1427.666882097721	-3147.161930203438	-2667.1998403072357	-3955.655516564846	-4904.335007786751	-4886.636333167553	-6201.460488438606	-2424.984536588192	-4488.501486837864	-6416.042056977749	-6432.112070083618	-2447.929942190647	-4713.261634469032	-3873.5467287302017	-4760.0493596196175	-4891.62078255415	-4935.417815566063	-2331.098388135433	-4805.0604352355	-8090.353569209576	-4856.744824051857	-2067.4068430662155	-4509.588009417057	-4460.295446157455	-6942.461306095123	-4475.304191172123	-6653.670501410961	-3142.410189807415	-5385.608474910259	-4563.411974787712	-6318.394468188286	-4511.182101488113	-6042.67753559351	-6090.140434324741	-7384.782517969608	-4658.987331151962	-6964.185145735741	-4553.2012904286385	-6297.659383714199	-6781.01769554615	-6451.209380567074	-4705.4013305306435	-4093.707272052765
-4844.2642968297005	-5520.325392305851	-4449.495742201805	-3873.048566520214	-4560.430183649063	-6038.502894759178	-6820.702624976635	-6857.65559142828	-6401.124046385288	-5903.904189944267	-4499.982853770256	-4370.854345679283	-3961.7454836964607	-7816.774194478989	-4558.556949734688	-3917.9800585508347	-3698.4589323997498	-7871.5643936395645	-4562.595984876156	-5858.180389285088	-4520.0221999287605	-4466.013484597206	-4583.56595492363	-7833.595810174942	-4405.3726606965065	-2664.915879189968	-4291.334132909775	-8412.181012034416	-5287.899104475975	-5258.193670451641	-3360.7552248835564	-4504.777510106564	-3389.2759217619896	-6973.9607991576195	-4636.764879107475	-4427.036933541298	-3828.988262653351	-4213.323639035225	-4268.613148510456	-4227.5436997413635	-2959.792536497116	-4608.045061528683	-3392.819272041321	-4497.098754584789	-2319.274784862995	-3486.8136686086655	-3994.0278096199036	-4971.491277039051	-4706.600284934044
-4459.881444096565	-5421.967667996883	-4458.383082151413	-3888.6142731904984	-4631.15997594595	-6082.013681411743	-5759.373291730881	-3447.5586206912994	-5130.756142616272	-5966.63058423996	-4258.548742175102	-4406.3169921040535	-4282.847208797932	-4462.380486607552	-4387.749621808529	-3964.220173716545	-3604.9998863339424	-4402.561329066753	-4310.54964864254	-5924.477052748203	-4405.90587157011	-4261.97031390667	-4605.180366873741	-4149.784081220627	-4378.826174557209	-3808.6148517131805	-4365.285018146038	-4908.1097531318665	-5311.411112725735	-5285.702232658863	-4515.684060871601	-4618.236248314381	-4447.090414106846	-3425.850490987301	-5666.501287817955	-4357.267982721329	-4941.89512437582	-4597.046870231628	-4372.00118458271	-4333.892996668816	-4044.2558546066284	-4378.700932562351	-3472.5013003349304	-4504.99023360014	-5699.334228038788	-4565.336561501026	-3984.618446290493	-5104.93592017889	-3764.449319124222
-4314.675330877304	-5664.843122124672	-4351.253563642502	-7624.132691800594	-4191.617252588272	-4492.653433799744	-1916.6551201343536	-3701.9975060224533	-4787.5863119363785	-4490.001417040825	-4212.496521472931	-4271.098739743233	-8107.31462007761	-2945.3414031863213	-3891.0485249757767	-7827.124569714069	-7470.613702356815	-2938.667248606682	-4219.133703351021	-4402.310654819012	-4107.359282314777	-4206.8136467933655	-4357.999563694	-2864.4324768185616	-4362.318746328354	-7756.441970825195	-4314.3384727835655	-3183.5893189311028	-5524.610570371151	-5568.22731500864	-4873.884227514267	-4092.6294705867767	-4731.311516880989	-3646.6285951137543	-5973.026683628559	-3982.8932307362556	-5159.16533434391	-4064.8199811577797	-8072.664011418819	-8227.912458598614	-7898.314839541912	-4333.424914479256	-7460.613628149033	-4081.2406736016273	-5574.768630743027	-4892.979645192623	-7900.987463831902	-5262.577021062374	-3602.951420843601
-4144.85934472084	-4887.702948331833	-4116.648421168327	-6779.034237265587	-3924.137960791588	-4531.877404987812	-1962.7354265451431	-3695.852403998375	-3204.7033618092537	-4486.23055768013	-4364.806000351906	-4359.763255298138	-6681.048727750778	-2956.3993589878082	-3956.5284727215767	-6945.162229835987	-7000.993191480637	-3049.926205098629	-4228.357877254486	-4394.641651928425	-4273.804345726967	-4346.727839708328	-4317.408917367458	-2899.7399943470955	-4270.534726381302	-7635.2956048846245	-4331.211002528667	-2559.6451117396355	-5071.283896207809	-5004.3184116482735	-6371.7784232497215	-3987.997705578804	-6142.51680380106	-3681.8136607408524	-4902.27214384079	-4063.267429113388	-5863.785583853722	-4091.473531782627	-6599.214905798435	-6625.1683158278465	-6800.4827952980995	-4250.742885112762	-7493.393027126789	-4116.383634209633	-5925.928663849831	-6281.797343015671	-6985.843837380409	-5236.096144974232	-4629.794649064541
-4270.229805827141	-5016.567526936531	-3649.100224196911	-3443.29746311903	-4154.379523634911	-4639.977320253849	-7989.995242059231	-7185.923023581505	-5774.401559352875	-4655.129804253578	-4217.738744020462	-3971.4399537444115	-3190.141742825508	-6616.008320629597	-4266.553283572197	-3415.391177892685	-3526.8353363871574	-6561.168523073196	-4131.698251903057	-4549.505667388439	-4115.524679481983	-4115.997735440731	-4275.614443361759	-6701.1765459775925	-3751.531170964241	-1604.2621558904648	-3987.476666688919	-6490.560834169388	-5184.722565948963	-5138.651451051235	-3739.81864374876	-4104.394679069519	-3758.6067579984665	-7226.716798067093	-5000.783053636551	-4096.5775646567345	-3513.8995911478996	-3830.663072645664	-3206.9155210852623	-3109.8746559023857	-3292.4438427090645	-3960.041209578514	-3847.8834367990494	-4146.631541073322	-2050.2763338685036	-3804.3723707795143	-3390.546054661274	-5323.42780148983	-4534.436955571175
-4050.0587589740753	-5998.609136581421	-3973.088498711586	-4422.708776652813	-4085.1245741844177	-6632.8256049752235	-6294.441836178303	-3996.2490944862366	-5668.25966411829	-6497.205625355244	-3719.0197347402573	-3879.443914234638	-4762.435448110104	-4993.795309007168	-3855.7766076922417	-4493.340346574783	-4173.881007730961	-5004.557591974735	-3825.645891427994	-6445.571975946426	-3919.6608576774597	-3717.0773710608482	-3987.1714686751366	-4718.425687432289	-3844.3004657030106	-3353.5568873882294	-3839.7511966228485	-5400.348021805286	-5873.106999516487	-5829.725198149681	-3945.0011780261993	-4130.929762721062	-3935.9367164969444	-3965.253961920738	-5183.164956748486	-3857.1234370470047	-4487.286240041256	-4177.338300526142	-4928.538554787636	-4868.920878171921	-3459.9561319351196	-3970.4564865231514	-4001.709181725979	-4068.172577381134	-5327.603508174419	-4066.1162089705467	-4519.252903103828	-5635.6307346224785	-4300.536696135998
-3959.733156323433	-5426.518106877804	-3584.786893248558	-3754.27381503582	-3734.9453018903732	-6785.419492602348	-7593.5952283144	-7595.6408232450485	-5549.298849880695	-6679.93888938427	-3883.3237815499306	-3677.807272017002	-3310.756810605526	-8596.45903903246	-3934.978694856167	-3777.7227122187614	-3944.8193142414093	-8657.920426130295	-3870.8829932808876	-6598.848514676094	-3887.413723051548	-3784.5867780447006	-3931.5520423054695	-8542.942424237728	-3634.381516456604	-1898.2294571399689	-3661.069701373577	-8587.322845816612	-5518.554717719555	-5444.272048175335	-4109.507426738739	-3787.294277071953	-4119.602184653282	-7694.866540253162	-5362.494488358498	-3812.69376963377	-3831.248395383358	-3483.934040248394	-3532.996613919735	-3357.322995662689	-3707.856546640396	-3765.2340893745422	-4167.0882560014725	-3718.5578143000603	-1641.1641711592674	-4241.842415630817	-3823.0702644586563	-5672.753718435764	-4057.262782394886
-3675.513520538807	-6299.545550048351	-3702.4851910471916	-4703.272500276566	-3539.5484055280685	-5129.550630390644	-2485.1763065457344	-4238.212397634983	-1800.1129336953163	-5017.102829635143	-3628.2734282016754	-3681.7233741879463	-4991.911350667477	-3527.9696487784386	-3530.9404159784317	-4813.722979187965	-4451.862486898899	-3488.0255366563797	-3570.5644583702087	-4960.2074573636055	-3681.590756356716	-3718.190321326256	-3797.4811492562294	-3503.235857963562	-3629.3345516324043	-6975.932683944702	-3612.5411192178726	-3800.653410613537	-6181.619313597679	-6100.314815402031	-8027.015717685223	-3385.022011101246	-7768.091536343098	-4276.099687755108	-6560.525400996208	-3463.7331807613373	-8175.650709271431	-3594.638688802719	-5125.145584464073	-5097.280519425869	-4954.468429386616	-3662.29947245121	-4384.392817974091	-3664.1936015486717	-5152.489448487759	-7871.347629725933	-4939.7059699893	-5879.480883359909	-2927.605780541897
-3660.676887333393	-6285.768497526646	-3554.891657114029	-4770.664314031601	-3743.050805747509	-5162.313344836235	-4951.415226697922	-4284.4370131492615	-4212.266530454159	-5134.652464330196	-3456.369787156582	-3536.544190466404	-5204.50447511673	-3654.9705640673637	-3514.6167048811913	-4843.218392491341	-4461.870204746723	-3535.4641507864	-3478.0442214608192	-5052.386857151985	-3515.1545150876045	-3472.668875157833	-3758.6458763480186	-3526.967381834984	-3455.7887737751007	-4694.9911069869995	-3565.7811599373817	-3951.662730872631	-6202.438224375248	-6187.2033487558365	-5426.593059420586	-3610.100353896618	-5331.076901078224	-4229.462291479111	-6589.231536030769	-3455.011525273323	-5821.614014148712	-3681.3314361572266	-5232.71780872345	-5225.63824826479	-4922.453955888748	-3533.717068195343	-4404.193382740021	-3673.3780024051666	-4929.967236280441	-5433.1024215221405	-4885.310372292995	-5946.764509260654	-3014.567959547043
-3165.5276184678078	-5904.801851153374	-3108.379649758339	-4303.934025168419	-3259.639692425728	-7379.742202818394	-7067.3344395160675	-4734.234326303005	-4816.434467613697	-7273.240324795246	-3102.360662519932	-3186.396840572357	-4111.446775019169	-5773.480153560638	-3232.1983528137207	-4353.08300024271	-4420.24138957262	-5790.913624465466	-3133.9328998327255	-7186.240101337433	-3287.052380800247	-3035.6506645083427	-3335.1575560569763	-5427.772301495075	-3073.309321463108	-2586.87046533823	-3209.486765086651	-5575.489855587482	-6103.762612760067	-6015.803575873375	-4693.753379881382	-3413.446529686451	-4666.262979388237	-4686.159703016281	-5908.894565999508	-3242.780273139477	-4489.546372771263	-3447.948701739311	-4192.922020196915	-3998.7001740932465	-4208.0201420784	-3127.645514369011	-4775.9781656861305	-3289.631637096405	-4649.492894470692	-4821.144955992699	-4348.295357942581	-6336.893176019192	-3651.19919359684
-3250.854202210903	-6862.409966111183	-3069.597073674202	-5304.758817493916	-3197.015403985977	-5713.125268399715	-5486.483771145344	-4833.127486944199	-4749.770051956177	-5665.22750544548	-2916.840779721737	-3009.6711125969887	-5684.092714428902	-4186.38538646698	-2982.643690764904	-5372.338565349579	-5030.751326143742	-4137.460413694382	-2993.140464246273	-5573.481780350208	-3028.909501194954	-2927.7759323120117	-3140.636978149414	-4095.608988046646	-2921.2630649209023	-4239.933142662048	-3040.247338414192	-4443.900999546051	-6764.134111166	-6731.2263142466545	-4855.910176575184	-3122.793868303299	-4819.923203468323	-4768.865762412548	-6105.8952049613	-2954.866979598999	-5367.005129814148	-3261.6228664517403	-5789.255178928375	-5760.666129767895	-4338.154233217239	-3125.472622156143	-4933.401264131069	-3236.560346186161	-4558.236516416073	-4933.882068991661	-5419.944829106331	-6477.459323704243	-3550.655336558819
-3020.3215052485466	-6147.677305281162	-3001.250131249428	-8039.452443778515	-2820.0969690680504	-5790.381955206394	-3224.6162679195404	-4988.673211634159	-4473.264636933804	-5796.611157596111	-3056.3084418177605	-3051.1785882115364	-7935.914186298847	-4256.441070139408	-2735.4972559809685	-8215.987396240234	-8285.855205595493	-4327.019544005394	-3042.5169545412064	-5664.073703408241	-2988.5057915449142	-2980.4939973950386	-3087.9767528772354	-4142.42069709301	-3056.801893234253	-6534.697584450245	-3158.5402197241783	-3850.9694213867188	-6316.962070405483	-6298.328658223152	-5051.953546524048	-2887.839751958847	-4950.48408216238	-4906.9378071427345	-6215.419961810112	-2868.4055211544037	-4706.816582739353	-2915.7218126654625	-7893.584847033024	-7892.719636023045	-8062.079127013683	-3082.3694962859154	-8764.090493500233	-2865.8820770978928	-4524.927297174931	-5148.788039684296	-8264.66437548399	-6494.534276902676	-3489.7012953162193
-3160.528599560261	-6290.318936407566	-2681.295468211174	-4636.323855876923	-2846.8361316919327	-5865.71915602684	-6785.637163281441	-8432.51921570301	-4630.809237718582	-5847.960769474506	-3081.14482653141	-2808.0344703793526	-4232.414076924324	-7789.049116492271	-3061.845777928829	-4656.720930993557	-4801.68963265419	-7790.823247849941	-3038.377566099167	-5726.758319079876	-2996.662366569042	-2995.285339295864	-3085.017551779747	-7920.125724852085	-2711.3441156744957	-2784.605712413788	-2861.565843164921	-7630.875823557377	-6409.581829369068	-6345.773164272308	-5020.4164252877235	-2779.15838265419	-5003.5886716246605	-8498.478340744972	-6285.224736571312	-2910.4373121857643	-4710.96728515625	-2568.218606173992	-4393.713238060474	-4249.068247258663	-4586.054647922516	-2920.250225007534	-5098.780338406563	-2886.9455831050873	-871.7971794009209	-5109.608275651932	-4723.762190461159	-6514.5823075175285	-3307.381422817707
-2550.975681066513	-7559.519906997681	-2587.086901128292	-5963.690706789494	-2435.507413804531	-6388.055180609226	-3747.0571479201317	-5531.033205270767	-3068.674208819866	-6327.483429551125	-2319.77586966753	-2373.138707101345	-6246.776809215546	-4828.011359930038	-2309.9091992378235	-6084.548145592213	-5736.724501013756	-4765.118875563145	-2384.723535656929	-6229.639508843422	-2396.2922021746635	-2351.956479012966	-2568.0489847660065	-4745.9165607094765	-2415.6017184853554	-5875.334663510323	-2439.8703364133835	-5091.97772026062	-7427.297487795353	-7394.32506197691	-6707.190840959549	-2284.864057481289	-6576.058814704418	-5501.22383415699	-7873.67321896553	-2268.871272802353	-7018.6817081570625	-2418.8869696855545	-6419.515525698662	-6364.831839621067	-6216.0647611022	-2493.926083624363	-5655.090284347534	-2413.6920444369316	-3751.4880818128586	-6738.338326394558	-6218.52650809288	-7137.919015288353	-1787.5124267935753
-2381.1596949100494	-6782.379733204842	-2352.4817586541176	-5118.592252254486	-2168.028122007847	-6427.279151797295	-3793.137454330921	-5524.888103246689	-1485.7912586927414	-6323.71257019043	-2472.085348546505	-2461.80322265625	-4820.510916888714	-4839.069315731525	-2375.3891469836235	-5202.58580571413	-5267.103990137577	-4876.377832055092	-2393.9477095603943	-6221.970505952835	-2562.737265586853	-2491.870671927929	-2527.4583384394646	-4781.22407823801	-2323.8176985383034	-5754.188297569752	-2456.7428661584854	-4468.033513069153	-6973.970813632011	-6830.416158616543	-8205.085036695004	-2180.232292473316	-7987.264101624489	-5536.408899784088	-6802.918679177761	-2349.2454711794853	-7723.301957666874	-2445.540520310402	-4946.066420078278	-4762.0876968503	-5118.232716858387	-2411.2440542578697	-5687.869683325291	-2448.835005044937	-4102.6481149196625	-8127.156024217606	-5303.382881641388	-7111.438139200211	-2814.355655014515
-2366.3230617046356	-6768.602680683136	-2204.888224720955	-5185.9840660095215	-2371.5305222272873	-6460.041866242886	-6259.3763744831085	-5571.112718760967	-3897.944855451584	-6441.262204885483	-2300.1817075014114	-2316.6240389347076	-5033.104041337967	-4966.070231020451	-2359.065435886383	-5232.081219017506	-5277.111707985401	-4923.816446185112	-2301.427472651005	-6314.149905741215	-2396.3010243177414	-2246.349225759506	-2488.623065531254	-4804.955602109432	-2150.2719206809998	-3473.246720612049	-2409.9829068779945	-4619.042833328247	-6994.78972440958	-6917.304691970348	-5604.6623784303665	-2405.310635268688	-5550.249466359615	-5489.771503508091	-6831.624814212322	-2340.523815691471	-5369.265262544155	-2532.2332676649094	-5053.638644337654	-4890.44542568922	-5086.218243360519	-2282.6616500020027	-5707.670248091221	-2458.019405901432	-3880.125902712345	-5688.910816013813	-5248.987283945084	-7178.721765100956	-2901.317834019661
-2055.8264122009277	-7178.553260624409	-2140.574893772602	-5496.9604179263115	-1952.09630048275	-8605.484038591385	-5862.976360738277	-5980.830518424511	-3672.8421459794044	-8466.071290016174	-1965.76674503088	-2022.9913572072983	-5153.719109117985	-6946.520949423313	-2027.490847170353	-5594.412753343582	-5695.095685839653	-7020.56834924221	-2040.6122140288353	-8363.49275302887	-2168.190067887306	-1914.9382683634758	-2144.560664474964	-6646.721480369568	-2033.1222661733627	-3767.214021861553	-2083.5759415626526	-6715.8048449754715	-7328.621876180172	-7222.925289094448	-5974.351161420345	-2088.210233271122	-5911.244893014431	-5957.9212456941605	-7193.336248934269	-2056.6400206685066	-5686.6140667796135	-2185.504235267639	-5379.719737172127	-5137.893765449524	-5501.630947291851	-2087.854529798031	-6026.875067293644	-2029.94567912817	-3471.013740003109	-6126.380860865116	-5681.511493742466	-7528.04768204689	-2424.1436608433723
-2141.152995944023	-8136.161375582218	-2101.792317688465	-6497.785210251808	-1889.4720120429993	-6938.867104172707	-4282.125692367554	-6079.723679065704	-3606.177730321884	-6858.0584706664085	-1780.246862232685	-1846.2656292319298	-6726.365048527718	-5359.426182329655	-1777.9361851215363	-6613.668318450451	-6305.605622410774	-5367.115138471127	-1899.8197784423828	-6750.734432041645	-1910.047188282013	-1807.0635361671448	-1950.0400865674019	-5314.558166921139	-1881.076009631157	-5420.276699185371	-1914.336514890194	-5584.21598893404	-7988.993374586105	-7938.348027467728	-6136.507958114147	-1797.55757188797	-6064.905117094517	-6040.627305090427	-7390.336887896061	-1768.7267271280289	-6564.072823822498	-1999.1783999800682	-6976.052895903587	-6899.859721124172	-5631.765038430691	-2085.681637585163	-6184.298165738583	-1976.874388217926	-3379.75736194849	-6239.1179738640785	-6753.160964906216	-7668.613829731941	-2323.5998038053513
-1666.4445405602455	-7465.7126215696335	-1722.378052175045	-5844.9159553050995	-1610.0225320458412	-7134.971778452396	-4519.949751257896	-6269.018437087536	-2216.8490123152733	-7103.518128991127	-1703.1167974472046	-1680.091633439064	-5595.788136124611	-5607.696204483509	-1686.3309443593025	-5944.2907992601395	-5983.084882855415	-5551.474908053875	-1693.0105440616608	-6970.307634234428	-1763.683725297451	-1670.5297724604607	-1916.0350721478462	-5455.263174772263	-1644.6105742454529	-5108.648241460323	-1809.6059048771858	-5267.119554042816	-7657.953101038933	-7580.4034397006035	-7455.943042814732	-1567.3808244466782	-7306.385077595711	-6222.129575252533	-8599.402828216553	-1654.528108894825	-7020.94184088707	-1689.4973708987236	-5683.898991107941	-5494.611135542393	-6964.12877124548	-1651.1151114702225	-6429.359268307686	-1635.1511041522026	-3073.377468109131	-7493.36707341671	-6047.568962931633	-7839.181456685066	-1138.1749242544174
-1765.642716705799	-8450.045109510422	-1796.318500816822	-6827.223047614098	-1585.556372821331	-7231.9550614356995	-4586.942799329758	-6382.985816657543	-3279.2427477240562	-7201.033199489117	-1579.7696053385735	-1533.8715767264366	-6416.929180800915	-5668.644665300846	-1521.123924612999	-6924.687861025333	-6104.399454057217	-5693.185101032257	-1620.9859505295753	-7038.388155758381	-1697.008485019207	-1503.9488763809204	-1716.366279244423	-5603.123675048351	-1549.757283449173	-5076.199978709221	-1647.8852813243866	-5307.190940082073	-7775.3488919734955	-7681.256887793541	-6436.6197211146355	-1424.2454711794853	-6364.4857296943665	-6336.268873035908	-7679.38143992424	-1517.137314081192	-6865.707543969154	-1699.555510044098	-6693.244987010956	-6625.494617938995	-5921.299835324287	-1718.4446082115173	-6504.63308596611	-1756.6184159517288	-3069.9540288448334	-6550.789102077484	-7036.852037727833	-7910.446254849434	-2032.992968916893
-1632.1321346759796	-7728.470356225967	-1542.5572856068611	-6049.572621405125	-1367.9027695059776	-7392.695744752884	-4750.2011887431145	-6514.446773290634	-3081.287516415119	-7291.118441283703	-1364.0650469064713	-1465.612608075142	-6384.812243163586	-5829.892543911934	-1411.1701907515526	-6162.391429543495	-6753.172172605991	-5827.401208400726	-1486.940614759922	-7203.748833715916	-1490.4774146676064	-1428.7514894008636	-1531.6999812722206	-5735.339272856712	-1441.4035915732384	-4997.666997611523	-1550.5233169198036	-6036.382871568203	-8433.293470442295	-8381.517544865608	-6585.148396968842	-1453.3864395618439	-6495.65076738596	-6465.89147824049	-7827.021945118904	-1405.9729762673378	-6264.6982364058495	-1569.4116911292076	-6523.244270205498	-6304.004120230675	-6090.294251680374	-1610.1076948046684	-6638.232229471207	-1418.5894201993942	-3011.450081348419	-6682.475592672825	-6298.512346923351	-8128.043846011162	-1964.8691361546516
-1256.6218554377556	-8042.354090154171	-1237.083468735218	-6379.010458767414	-1063.9871302843094	-7685.783702015877	-5055.018295705318	-6817.708910882473	-2754.3525338172913	-7634.093170106411	-1163.5877900123596	-1153.2185555696487	-6075.376375436783	-6139.111026883125	-1154.3579302430153	-6473.410972118378	-6551.966004252434	-6153.471170961857	-1208.1067868471146	-7491.4025574326515	-1277.4387114048004	-1125.6368296146393	-1298.0261739492416	-6023.904780983925	-1110.0848653912544	-4653.590277135372	-1284.0720833539963	-5759.357822716236	-8219.648987829685	-8124.4264051914215	-6885.26015996933	-1080.0743388533592	-6795.231379985809	-6761.53304618597	-8116.066497147083	-1154.383563220501	-6566.3329565525055	-1269.7888011932373	-6240.436361312866	-6029.639017045498	-6379.829048573971	-1242.8706654310226	-6958.567149698734	-1198.333447933197	-2701.6467482447624	-6994.1467208862305	-6582.203419744968	-8369.876271128654	-1674.2623012661934
