-105.74501770734787	-2866.7010955810547	-1382.4529096484184	-1383.4633088111877	-4127.970304012299	-1762.7391748428345	-102.19307601451874	-87.24276369810104	-283.8464267849922	-7034.682949066162	-23428.109375	-7295.552291631699	-595.7564680576324	-20393.9921875	-8988.410210490227	-4882.875463485718	-1232.6700008511543	-8372.157435655594	-9107.558970630169	-8195.7177811265	-9474.654950261116	-8060.511671543121	-8696.155519843102	-8934.113793075085	-8661.0828281641	-2540.635738313198	-13156.93359375	-4033.4981479644775	-7970.33909702301	-4843.158243298531	-19826.2265625	-6663.693160176277	-8023.4530255794525	-5522.832167565823	-8106.048118710518	-17666.78515625	-4129.091598510742	-721.874974668026	-2864.4481415748596	-923.3013118505478	-11314.048065185547	-16353.798828125	-7210.467767059803	-7710.748026311398	-1603.2285259962082	-9260.458797991276	-20848.375	-21357.8515625	-1288.889708518982	-9101.477239310741	-1544.2259158492088	-24089.23046875	-3755.1386073827744	-23944.6015625	-3432.1036395430565	-1301.1970598101616	-23747.296875	-4012.40784317255	-2149.775650203228	-113.95303648710251
-589.879059612751	-2796.3036670684814	-2157.531835615635	-2142.2911116480827	-3936.340456724167	-2245.1774805784225	-608.6974214911461	-384.3413272500038	-557.9680242538452	-6682.717300772667	-22372.445316910744	-7004.92394810915	-1020.5956718921661	-19502.7890625	-8482.436477959156	-4669.330015361309	-1398.237780570984	-8203.056720495224	-8588.093508839607	-7775.511517345905	-9160.103719055653	-7582.476518988609	-8439.208415389061	-8571.783988296986	-8423.343789935112	-2436.77198022604	-12573.62238162756	-3790.9859533309937	-8300.596857011318	-4679.059762477875	-18947.838522017002	-6306.42447668314	-7783.4912558197975	-5248.914134979248	-7698.264215528965	-16902.308698952198	-3942.360523223877	-881.0913283228874	-2743.5576004981995	-1127.7312626242638	-10879.690915465355	-15739.512535572052	-6877.172311306	-7432.651828765869	-2263.508582174778	-8810.87503528595	-19949.765625	-20457.320312798023	-2027.7036490440369	-8652.676942646503	-2246.0259432792664	-23063.113282322884	-4299.943727910519	-22834.351572692394	-3300.9208309054375	-1219.5390936136246	-22673.42969071865	-4557.0279331207275	-2059.4137186408043	-472.60629391670227
-896.0475738048553	-2673.226375579834	-2585.2552478313446	-2602.2453386187553	-3838.2001653313637	-2412.111018896103	-713.788597881794	-555.7207816243172	-708.1730210781097	-6591.085889816284	-21942.390625	-6844.545834124088	-1463.6601528525352	-19056.8046875	-8738.6314945817	-4583.560862660408	-1574.161825120449	-7856.475032866001	-9799.529363393784	-8488.818072497845	-8817.17060381174	-7722.138022065163	-8519.730461061	-8394.504876434803	-8123.197191953659	-2424.718333363533	-12323.214467287064	-3812.5763258337975	-7460.142675280571	-4560.80957531929	-18415.67690616846	-6263.295494914055	-7419.2410079836845	-5233.35569947958	-7848.748641490936	-16393.86764782667	-3841.6207523345947	-958.6257146596909	-2677.673994541168	-1446.4378699064255	-10470.573201179504	-15130.15650331974	-6609.77407938242	-7349.558487355709	-2714.5487464666367	-8640.694325387478	-19560.67187553644	-20058.687500178814	-2379.437611222267	-8463.74633550644	-2682.2001905441284	-22496.496094822884	-4650.238914072514	-22338.64885520935	-3205.2830595970154	-1519.8323236703873	-22182.01567709446	-4877.781068146229	-2083.068780004978	-813.4089938998222
-742.2464038729668	-2669.2350964546204	-2561.571440041065	-2607.9765058755875	-3947.3781555891037	-2322.3300001621246	-658.0945217609406	-453.77525693178177	-658.4444854259491	-6749.107593357563	-21688.062507510185	-7002.25455147028	-1036.7250230312347	-18981.703128755093	-8744.171282351017	-4647.4916687607765	-1203.4787011146545	-7976.76315587759	-10012.421918392181	-8799.032752633095	-10212.447387695312	-8723.85002285242	-8813.975405454636	-8535.943227648735	-8259.561831593513	-2386.695429265499	-12324.772627711296	-3770.1225543022156	-7523.798099696636	-4623.406783699989	-18664.809751451015	-6201.073403120041	-7456.296909213066	-5142.97910875082	-7674.331821858883	-16480.645059406757	-3862.8577795028687	-932.8217241168022	-2682.8294587135315	-1245.7308895587921	-10570.555463254452	-15322.234234452248	-6797.314443171024	-7259.870224535465	-2449.857484936714	-8981.259612083435	-19276.218855798244	-19643.14862370491	-2326.937410235405	-8707.745011031628	-2538.026102244854	-22396.55079817772	-4523.7680878043175	-22318.867197990417	-3237.06561678648	-1431.432980298996	-22168.039066195488	-4741.2379469275475	-2132.9074370265007	-624.7221614122391
-805.3355147838593	-2676.9681129455566	-2703.3329877257347	-2706.058590054512	-3887.374672293663	-2376.372132360935	-704.3817300796509	-439.2155655026436	-604.7265809178352	-6547.328124940395	-21738.859377264977	-6686.391845107079	-1256.6075843572617	-18942.9921875	-8778.882584273815	-4550.276846766472	-1383.937762916088	-7729.566210985184	-8374.787076413631	-7540.334097266197	-8755.57328671217	-8690.683059751987	-8251.454012989998	-8274.044922888279	-8499.19460451603	-2385.7261084914207	-12221.444141983986	-3743.8627838492393	-7575.652294635773	-4448.784549951553	-18384.19691556692	-6201.340216398239	-7393.436724483967	-5126.507129788399	-7412.888587594032	-16377.76195204258	-3845.477075576782	-927.592419564724	-2678.267403125763	-1293.8079650998116	-10568.751096963882	-15268.88260936737	-6694.492573857307	-7191.063106298447	-2756.608705818653	-8508.42772936821	-19439.562500417233	-19802.085937798023	-2498.4024689793587	-8573.866016089916	-2767.6286050081253	-22269.668179273605	-4646.5694460868835	-22255.500081181526	-3204.103817522526	-1390.9295194745064	-21972.039178550243	-4885.373714625835	-2074.962985754013	-815.0322605371475
-784.1092663407326	-2588.731876373291	-3018.3200703263283	-2958.453843176365	-3806.7268831133842	-2478.565222263336	-926.524592101574	-478.24057430028915	-537.463457942009	-6491.489674210548	-21320.437500059605	-6750.5754536390305	-1391.9535869956017	-18496.8984375	-7864.7279997467995	-4390.249657869339	-1213.476432979107	-7611.478137791157	-8154.702208578587	-7382.347664535046	-8634.52117216587	-7067.007976293564	-7645.920692265034	-8076.34873598814	-8032.298615157604	-2308.4911155104637	-11955.404723882675	-3694.1927406787872	-6988.076659679413	-4412.157877445221	-18061.52727943659	-6038.939582943916	-7344.61633181572	-5036.788120627403	-7408.374480962753	-16142.868512749672	-3762.974708557129	-1025.012620985508	-2604.1297001838684	-1371.6821502447128	-10279.630875468254	-14899.556470036507	-6605.043154358864	-6983.41223692894	-3033.100977241993	-8464.848841011524	-18962.546875059605	-19556.89844030142	-2975.8621841669083	-8815.146843850613	-3047.3415262699127	-21886.69925761223	-4863.055062532425	-21654.023444473743	-3153.2211765646935	-1292.9809166193008	-21473.01564782858	-5081.969945967197	-2003.8211339116096	-912.3181942105293
-678.3055912852287	-2578.423444509506	-3149.3569810390472	-3146.258660018444	-3855.8401798009872	-2560.0092554092407	-864.541924059391	-461.36204928159714	-613.0177991986275	-6648.034819662571	-20883.96878105402	-6653.499343156815	-703.9192239046097	-18134.9609375	-8129.893717765808	-4433.546553611755	-1044.5515218377113	-7582.181411087513	-8147.8117525577545	-7379.83177113533	-8606.967118501663	-7036.32595038414	-7614.522790670395	-8083.731981575489	-7916.83341139555	-2282.169160783291	-11950.850371181965	-3713.9839545488358	-7108.585990130901	-4340.322978317738	-18231.157090306282	-6031.234160721302	-7259.235988497734	-4979.928863346577	-7477.975562334061	-16099.78247076273	-3766.3278732299805	-679.480431497097	-2595.402624607086	-893.5950708985329	-10412.536386549473	-15061.967783272266	-6612.57123875618	-7090.787659406662	-2998.521799683571	-8690.70647239685	-18627.50000011921	-19086.7265625	-3202.461851477623	-8117.186209619045	-3023.4081342220306	-21653.910233914852	-4665.1765676140785	-21901.890908420086	-3081.5846995711327	-1185.4056404232979	-21449.320331156254	-4968.802097797394	-1912.655999660492	-825.2141439318657
-1190.9779998064041	-2577.5486842393875	-3286.596273601055	-3305.6179572939873	-3662.6509181261063	-2767.258373737335	-1273.5820136070251	-906.6059461236	-970.8087354898453	-6233.33006799221	-21017.179693222046	-6553.527316689491	-1878.949074625969	-18288.9765625	-8376.258359074593	-4363.292462468147	-1983.0085534453392	-7371.079292118549	-7836.649372220039	-7115.717330813408	-8318.779406905174	-7125.228459537029	-7996.988263130188	-7937.183622181416	-7664.393420279026	-2320.839674770832	-11750.350928485394	-3600.0249540805817	-7416.832689881325	-4349.086297631264	-17485.09945267439	-5761.611638307571	-7161.01254594326	-4806.655767381191	-9351.509501636028	-15736.00875043869	-3686.836748123169	-1252.0282803177834	-2554.757593154907	-1766.0859299898148	-9998.16246688366	-14375.402054786682	-6339.00183993578	-6886.529312670231	-3439.4630987644196	-8386.164206564426	-18732.171886980534	-19131.59375399351	-3199.525833249092	-8504.945243299007	-3426.627355992794	-21471.964843928814	-5269.761377215385	-21097.493159234524	-3065.0361952781677	-1882.997036933899	-21164.609534323215	-5493.499137759209	-2105.0185893177986	-1240.7024186849594
-955.165703356266	-2668.3841047286987	-3072.5584787130356	-3003.1094927191734	-3762.32654440403	-2730.4329082369804	-1215.8966744542122	-654.8868978023529	-701.3468713760376	-6519.503307878971	-20514.671904087067	-6923.098820567131	-1211.1739510297775	-17881.398451566696	-8711.452871978283	-4545.515032708645	-1279.3416546583176	-7724.757783353329	-8139.726942241192	-7190.079254925251	-8555.545705199242	-7272.1695511341095	-7916.481630086899	-7910.958944618702	-8115.488294661045	-2275.7849273085594	-11704.940967440605	-3745.022943496704	-7652.077058017254	-4524.814840614796	-17775.617347955704	-6632.465753912926	-8078.610461235046	-5635.606505155563	-7300.509705245495	-15907.775952219963	-3675.974639892578	-1061.0225053429604	-2567.940893650055	-1248.580311536789	-10174.40502524376	-14721.818796038628	-6852.197587788105	-6938.0395720005035	-2969.162008345127	-8843.540837585926	-18209.109833180904	-18520.40625154972	-3133.117802143097	-8539.547946155071	-3284.9960756897926	-21192.542976140976	-4821.872381329536	-21200.101736545563	-3111.056611955166	-1496.7612667679787	-20861.218765735626	-5012.41610699892	-2080.7220190167427	-1025.1149407625198
-1268.2433082461357	-2518.334447860718	-3793.3989962935448	-3717.28164601326	-3615.0970358252525	-2961.0035279989243	-1433.0289375782013	-775.3391378521919	-811.585055410862	-6139.524025917053	-20264.77344197035	-6459.947110116482	-1816.7927908301353	-17605.6953125	-7358.754267215729	-4176.70420974493	-1379.0442126989365	-7442.377422630787	-7635.236746788025	-6962.141400754452	-8319.969940960407	-6588.972823739052	-7388.973587810993	-7714.018931210041	-7794.559576928616	-2204.6273574233055	-11372.093511760235	-3451.6805460453033	-7318.334419667721	-4248.059396624565	-17183.13923895359	-5681.670899450779	-7104.654562056065	-4762.870088040829	-7000.5905777812	-15378.39205545187	-3576.2436332702637	-1184.2289746403694	-2483.2391591072083	-1576.1121010184288	-9845.273725748062	-14285.270177483559	-6271.747698605061	-6705.316039383411	-3693.3810334205627	-8015.265078306198	-18063.937500059605	-18656.36719059944	-3714.676124691963	-8366.346547186375	-3749.1415536999702	-20860.582071185112	-5407.860183060169	-20543.773454666138	-3022.0383679270744	-1211.3229504227638	-20399.14846354723	-5626.590035915375	-1913.459202349186	-1270.971451640129
-2094.164635181427	-2415.723687529564	-4091.6612401008606	-4176.132131874561	-3500.996055185795	-3533.262408196926	-1848.0563611388206	-1203.364470422268	-1203.5572898983955	-5961.191356062889	-20334.078125059605	-6194.327548742294	-2852.35266238451	-17609.6484375	-7624.07021355629	-4114.7122930288315	-2835.811304628849	-7023.604283154011	-7601.612558424473	-6776.906400740147	-8164.0269610881805	-7353.197408854961	-8294.953784406185	-7469.2126232385635	-7017.880639135838	-2204.704128205776	-11013.395249426365	-3438.1475220918655	-7296.26655203104	-4413.203845024109	-16526.414279043674	-5668.025845825672	-6793.788309276104	-4683.811206996441	-6456.908157587051	-14620.098098576069	-3477.934804916382	-2158.2844403386116	-2459.1757287979126	-2400.331954598427	-9364.719951927662	-13424.939291119576	-6291.264309883118	-6505.707433581352	-4130.0452063679695	-8004.664564669132	-17999.296877920628	-18432.460938751698	-3664.220842242241	-8018.751622676849	-4058.3531087636948	-20643.62109518051	-5940.217023611069	-20376.835937857628	-2988.529330968857	-2282.691485464573	-20475.210938990116	-6249.916383326054	-2743.179936528206	-1837.2403830885887
-2013.6565816402435	-2478.0332741737366	-610.4309706687927	-609.077603161335	-3291.9403477311134	-859.5921195745468	-813.4397609829903	-1086.4896767735481	-1166.8511779904366	-5667.062763869762	-19040.89062935114	-5932.927115082741	-501.03119307756424	-16649.7578125	-7552.306891083717	-3959.1956313848495	-2265.1264194846153	-6787.432984769344	-7842.299765944481	-6784.710954546928	-7939.831183612347	-6885.079268753529	-7134.136990845203	-7362.276658833027	-7309.061516463757	-2112.766890466213	-10594.47125196457	-3242.326258599758	-6682.259662091732	-4043.9679123163223	-15943.745334506035	-5559.716344535351	-6534.026802718639	-4553.96030318737	-7064.520953536034	-14339.971660137177	-3350.5570640563965	-1565.0896291136742	-2351.864378452301	-1892.963040292263	-9142.088964700699	-13239.918807327747	-6016.891856312752	-6405.603968262672	-564.4342235326767	-7733.98388838768	-16878.531252920628	-17531.335938096046	-672.4296616911888	-7670.133413374424	-652.799787402153	-19728.509205579758	-58.69873785972595	-19523.703530848026	-2806.085386157036	-1727.3058740496635	-19306.77348023653	-140.07185065746307	-2018.0683423876762	-1885.841432750225
-1527.7262769341469	-2380.1064536571503	-4839.462550103664	-4765.90484392643	-3490.1964201927185	-3527.7029888033867	-1978.2455224990845	-1029.006183385849	-1030.5182437896729	-6132.85517847538	-17970.531310141087	-6281.045872092247	-1319.3367068767548	-15622.367201566696	-7852.936379253864	-4096.1861228346825	-1091.2231756448746	-6934.781758785248	-7179.9797241687775	-6374.193244934082	-7687.857873439789	-6247.983829975128	-6834.848900914192	-7060.577133119106	-7371.238877892494	-2017.3183497786522	-10498.85774487257	-3425.5087500810623	-6790.323951125145	-4021.9795756340027	-16180.547875761986	-6000.006754457951	-7314.393424153328	-5092.703200936317	-6672.437148869038	-14340.773266732693	-3313.2109146118164	-1018.6279621720314	-2298.8953766822815	-1218.874070584774	-9272.893346607685	-13429.987751185894	-6254.301059484482	-6318.079205095768	-4364.45528203249	-8273.7885119915	-15988.234833300114	-16249.28125154972	-5046.689945101738	-7555.256916463375	-4764.178294062614	-18757.222741305828	-5731.910341560841	-19157.39108246565	-2760.537671983242	-1380.969847381115	-18563.24222189188	-5968.810361623764	-1843.6023684740067	-1736.376048207283
-2690.2245674729347	-2031.7398059368134	-7250.408636748791	-7099.723181128502	-2977.3231520056725	-4725.9673419594765	-3309.081384062767	-1717.1025575399399	-1558.2568724155426	-5237.696255326271	-14807.195377111435	-5445.44069057703	-2540.3730296492577	-12834.070326566696	-6223.280435979366	-3390.014869093895	-1237.5973874926567	-6005.001745760441	-5707.657500326633	-5140.616864562035	-6533.17286413908	-4776.444982171059	-5527.666968882084	-5840.482271254063	-6504.715626657009	-1681.3099688887596	-8714.017662882805	-2843.691148161888	-6138.3192737698555	-3426.8807289600372	-13537.460552215576	-5017.984493732452	-6395.59496062994	-4332.741121411324	-5566.97960793972	-12052.380165934563	-2760.362949371338	-1480.9819621443748	-1917.6863942146301	-1871.684859752655	-7804.1190071702	-11361.459100544453	-5315.580991029739	-5312.647218167782	-6454.607789456844	-7028.594792306423	-13203.797333359718	-13547.796879649162	-7472.476361274719	-6820.126224339008	-6969.093931913376	-15528.57434374094	-7384.6319172382355	-15756.562974631786	-2350.47240036726	-1291.0957379937172	-15215.09381043911	-7582.992554366589	-1607.2859206199646	-2893.3944633603096
-3389.815064549446	-1842.0068233013153	-8571.288714826107	-8422.318462371826	-2736.727520287037	-5339.600299477577	-3911.270038127899	-2069.0753593444824	-1879.1370265483856	-4750.341431200504	-13117.945379376411	-4836.28024405241	-3201.224145948887	-11383.070326566696	-6013.752809762955	-3057.416252374649	-1388.8651495575905	-5362.410521090031	-4974.885606110096	-4485.233180701733	-5814.091200590134	-5406.616370379925	-5082.96546202898	-5180.413401067257	-6342.827403008938	-1526.4003390669823	-7778.528211116791	-2554.05578404665	-5743.632471382618	-3032.50703561306	-12095.430905282497	-4555.631549954414	-5765.578659534454	-3936.4160836338997	-4873.820076823235	-10763.356961727142	-2476.748426437378	-1686.6994070410728	-1731.5056557655334	-2242.191513001919	-7058.822038948536	-10276.542881786823	-4799.605797827244	-4792.962298154831	-7607.987969279289	-6276.563723683357	-11794.98483377695	-11992.031254947186	-8681.989121735096	-6292.515001118183	-8192.496621072292	-13709.012054264545	-8276.062755942345	-14067.461493313313	-2122.4725783467293	-1380.828197658062	-13439.836113989353	-8455.958425819874	-1532.4732561707497	-3594.4736874103546
-5297.726628482342	-1453.3390018939972	-7799.266775846481	-7647.932756721973	-1900.6975640058517	-4436.45324420929	-4622.516723096371	-3068.3222724199295	-2762.14177775383	-3382.7212460041046	-8730.72663372755	-3473.6550675034523	-3106.4988709688187	-7638.835951566696	-4577.649490356445	-2133.736420273781	-2421.3215681910515	-3777.686070203781	-3709.626401424408	-3074.226354122162	-4279.267433941364	-4231.183967590332	-3520.946933031082	-3608.576266825199	-4990.806091308594	-1098.5314912199974	-5216.06586933136	-1762.8838946819305	-4455.55303645134	-2233.3167046308517	-8212.949677288532	-3451.654734313488	-4276.152436673641	-2967.5442192554474	-3832.2929116487503	-7436.543465614319	-1698.2138919830322	-2529.914061486721	-1218.9218926429749	-3211.853241443634	-4886.862938463688	-7162.662860989571	-3606.0298870801926	-3487.818240106106	-6569.193666815758	-4750.0888140797615	-7825.141086697578	-8165.515630543232	-8065.529074907303	-4861.171175181866	-7301.0704926252365	-9348.290791094303	-4579.622886419296	-9646.563461661339	-1496.4543249607086	-1806.937011897564	-8999.312719225883	-4583.622433304787	-1400.765948355198	-5366.362083673477
-7286.146245956421	-1002.3615938425064	-10508.475106298923	-10440.601579785347	-1273.723315179348	-6206.976477563381	-6368.380008220673	-4184.443979144096	-3681.8526408672333	-2309.2296530008316	-5636.695383787155	-2372.430324614048	-5363.095065295696	-4854.492201566696	-3213.3094934225082	-1365.5732498168945	-4024.462871968746	-2429.132917702198	-2203.679989218712	-1655.4149737358093	-2968.639444768429	-3523.869704902172	-3119.745197594166	-2143.675096988678	-3347.6039022803307	-762.5998811125755	-3072.5275250077248	-1167.5332688093185	-3781.4804914593697	-1803.36230635643	-4913.137393832207	-2455.987419962883	-3046.4877203702927	-2128.5232586860657	-2183.152950525284	-4389.856407940388	-1047.0570983886719	-3966.3235271573067	-813.6494798660278	-4688.883884191513	-2937.534825205803	-4233.803323984146	-2686.8264299035072	-2282.7776473760605	-9096.010347187519	-3494.294580757618	-4976.062964618206	-5240.1250067949295	-10440.860208630562	-3778.4455585479736	-9815.197685539722	-5902.681417524815	-6764.701302647591	-6078.797837018967	-1052.880016386509	-2788.4314375519753	-5727.226783216	-6821.13097345829	-1994.1702346801758	-7089.649430274963
-8371.379228055477	-713.2091825008392	-12412.61847025156	-12362.756228268147	-808.4039292931557	-7211.495676457882	-7539.768945813179	-5003.807161569595	-4368.814949572086	-1507.8767719268799	-3225.765702009201	-1630.4053496718407	-6646.287671864033	-2749.476576566696	-2601.157642006874	-845.990248799324	-4774.801424562931	-1428.0547741651535	-932.7703908085823	-575.414523422718	-1812.763901412487	-2588.58649289608	-2420.5779408812523	-1146.7449260950089	-2350.914494395256	-542.8038175702095	-1665.9448597431183	-734.0600749254227	-3227.974084317684	-1309.2903606891632	-2572.0102840065956	-1553.9058980941772	-2184.0472407341003	-1412.3468585014343	-3428.614333450794	-2459.080002129078	-604.8022480010986	-4496.476832807064	-503.95893144607544	-5531.66850233078	-1621.6492269039154	-2255.4065506458282	-1815.3605027794838	-1458.5589337348938	-10932.24491995573	-2619.9999893307686	-2859.8598515987396	-3013.8671982884407	-12351.496333360672	-3181.9135625362396	-11697.599125683308	-3285.4157927036285	-8279.324072480202	-3231.6894337534904	-685.8125721216202	-3370.2314146757126	-3144.539442539215	-8302.222268044949	-1949.4131737947464	-8216.39881247282
-9161.681784152985	-519.7344624996185	-13615.420808434486	-13581.538258075714	-518.6337906122208	-7860.86752051115	-8151.364467680454	-5472.2851794958115	-4793.141543865204	-1064.279712677002	-1740.046952009201	-1179.3988921642303	-7514.191356658936	-1412.2890765666962	-2351.3789260983467	-546.6756479740143	-5116.293248832226	-912.3723713755608	-1624.740783572197	-868.5148147940636	-1155.2795549631119	-2250.2128434181213	-2244.1528820991516	-607.1360094547272	-1813.0288581848145	-426.88641262054443	-832.2257332801819	-513.1382527947426	-2717.777662575245	-1026.9416927099228	-1161.4606276750565	-1153.508232831955	-1579.8352231383324	-1122.8703904151917	-3171.3148562312126	-1186.1624937057495	-317.3314018249512	-4733.227572798729	-317.18478441238403	-6054.805060386658	-778.1743628978729	-1031.7642258405685	-1214.6668151021004	-1097.3693947792053	-12043.565140426159	-2000.2355167269707	-1572.1567271351814	-1714.7031359672546	-13442.044236063957	-2544.1826587319374	-12835.573400378227	-1692.6814187765121	-9174.424379169941	-1625.736726462841	-458.99199217557907	-3588.8666785359383	-1579.2582446336746	-9167.595493018627	-1882.7063035964966	-8915.85476988554
-9798.183170318604	-322.2684633731842	-14794.539338827133	-14806.051455140114	-338.0416421890259	-8420.45834583044	-8707.265913426876	-5838.817672729492	-5167.739602506161	-778.7043569684029	-8.45193862915039e-05	-886.1011520028114	-7955.159911632538	-1.7821788787841797e-05	-2107.139997959137	-311.29185324907303	-5087.101949095726	-516.9780915975571	-2529.6037313342094	-1471.8297863006592	-1893.0719923973083	-2913.551194727421	-2361.9727677106857	-208.96544402837753	-1411.5078616142273	-272.94610357284546	-0.06476724147796631	-249.76265913248062	-2271.236665248871	-807.1902331113815	-0.04381662607192993	-690.8884757757187	-1012.679106771946	-743.0173316001892	-2739.5985593795776	-0.022396862506866455	-51.09758281707764	-4944.174322247505	-135.5661015510559	-6377.234638094902	-34.6817609667778	-0.1996321678161621	-801.5134912133217	-646.491593003273	-12890.194099366665	-1721.03633081913	-0.0005829334259033203	-0.0001971721649169922	-14480.09193778038	-2150.4504304528236	-13829.373586773872	-0.001748204231262207	-9943.053859591484	-0.0023619532585144043	-263.95396941900253	-3719.1025990247726	-0.00043582916259765625	-9896.425596773624	-1865.8380904197693	-9426.623894810677
