-434.4893564581871	-14002.856647491455	-64691.734375	-65815.59375	-17044.21382522583	-57496.03125	-17604.383178710938	-18044.9852142334	-17904.55613708496	-15828.745780944824	-15461.806610107422	-18080.184677124023	-13872.766738891602	-29835.103515625	-20938.808115005493	-21530.254627227783	-18481.675647735596	-18449.596408843994	-16288.569274902344	-14715.414289474487	-51967.79296875	-50717.654296875	-60117.6640625	-16732.39306640625	-56228.05078125	-3980.838575363159
-675.3687799572945	-13321.961213946342	-61971.55054485798	-63072.09628921747	-16497.25302118063	-55074.064228117466	-17022.55162334442	-17273.901168465614	-17149.85146945715	-15139.824971079826	-14827.31618732214	-17322.7661896348	-13284.199069976807	-28652.00553381443	-20369.66301381588	-21703.966188788414	-18749.28262746334	-18644.227524280548	-15555.950756072998	-13981.708282232285	-49795.86909198761	-48574.13479155302	-57599.23433601856	-16007.098848581314	-53863.13738387823	-4189.033666610718
-1466.1897854208946	-14117.260142922401	-61396.183478176594	-62475.565520107746	-16179.20669388771	-54567.400276601315	-16786.383926212788	-17300.983737051487	-17174.283528089523	-15076.420373737812	-14732.693360447884	-17175.80698031187	-13196.69116973877	-28460.20572078228	-21315.157858252525	-22013.14593875408	-19357.25213432312	-19236.602893829346	-15521.236282348633	-15356.542663574219	-49281.617351055145	-48139.29458808899	-57082.73446947336	-15888.437249183655	-53348.40820103884	-4270.269300460815
-1707.069208920002	-13436.364709377289	-58675.99964803457	-59732.06805932522	-15632.24588984251	-52145.43325471878	-16204.552370846272	-16529.899691283703	-16419.578860461712	-14387.499563872814	-14098.202937662601	-16418.388492822647	-12608.123500823975	-27277.10773897171	-20746.012757062912	-22186.857500314713	-19624.859114050865	-19431.2340092659	-14788.617763519287	-14622.836656332016	-47109.693474292755	-45995.77508276701	-54564.304742991924	-15163.143031358719	-50983.49480366707	-4478.464391708374
-2640.7146214842796	-12170.953071773052	-57420.202895343304	-58368.01264756918	-14929.087919473648	-50950.75631034374	-15583.387234032154	-15969.785669088364	-15859.392655849457	-13985.93223798275	-13704.13293260336	-16090.461619973183	-12339.383491516113	-26100.004846930504	-17131.646578490734	-17720.659978568554	-14716.51018166542	-14731.40592122078	-14421.82064384222	-12759.374063134193	-45927.75601410866	-44760.279110491276	-53454.56237709522	-14803.14664888382	-49883.200507164	-5769.900783538818
-2660.0477833151817	-12221.867620408535	-57391.422602415085	-58458.7207801342	-15077.436986982822	-50991.91456460953	-15563.160231471062	-15902.964230656624	-15829.957788586617	-13941.940908193588	-13679.94751048088	-16006.273266673088	-12281.208892822266	-26368.297803997993	-19943.792145371437	-19603.34347164631	-17781.917797088623	-17201.298010349274	-14313.918427824974	-12756.603686332703	-45919.28901845217	-44872.36599254608	-53262.808287501335	-14838.82251572609	-49776.549345850945	-4379.058027267456
-2880.625684440136	-14369.082706272602	-56853.07690227032	-57825.81724357605	-15047.910088419914	-50488.074443638325	-15521.878803372383	-16351.714063704014	-16259.967006742954	-14010.554300189018	-13600.252732038498	-15849.197165369987	-12238.988639831543	-26056.255353808403	-17774.95229959488	-18119.189278125763	-15496.204164385796	-15546.237733960152	-14411.92605984211	-16271.000367045403	-45618.992234408855	-44650.26368165016	-52757.69524842501	-14667.847551167011	-49343.3589861393	-4342.074384689331
-3233.976031124592	-12282.926523029804	-55813.61677163839	-56748.59762740135	-15081.608993649483	-49640.001027584076	-15719.88571882248	-15728.49713331461	-15443.625737011433	-13943.457832276821	-13568.285205125809	-15827.793490290642	-12020.337806463242	-25792.413654327393	-17215.838686943054	-17718.457675933838	-16498.93332529068	-17131.955640792847	-14500.383076488972	-12428.663519322872	-44815.5540420413	-43748.37584203482	-51869.65473932028	-14678.284957110882	-48535.35119897127	-4424.16948890686
-2881.594044983387	-11490.05763822794	-54700.01906520128	-55624.51518678665	-14382.127115428448	-48528.78928846121	-15001.555678665638	-15198.70162332058	-15104.687988221645	-13297.011428117752	-13069.642509818077	-15333.04313248396	-11750.815822601318	-24916.906865119934	-16562.50147730112	-17894.371540129185	-14984.117161393166	-14926.037036657333	-13689.202125012875	-12025.66805589199	-43755.83213734627	-42616.759605169296	-50936.132650613785	-14077.852431058884	-47518.28710979223	-5978.095874786377
-2900.927206814289	-11540.972186863422	-54671.238772273064	-55715.22331935167	-14530.476182937622	-48569.94754272699	-14981.328676104546	-15131.88018488884	-15075.253120958805	-13253.02009832859	-13045.457087695599	-15248.854779183865	-11692.64122390747	-25185.199822187424	-19374.647044181824	-19777.05503320694	-18049.524776816368	-17395.929125785828	-13581.299908995628	-12022.8976790905	-43747.36514168978	-42728.8464872241	-50744.3785610199	-14113.528297901154	-47411.635948479176	-4587.253118515015
-3121.5051079392433	-13688.18727272749	-54132.893072128296	-55082.31978279352	-14500.949284374714	-48066.10742175579	-14940.047248005867	-15580.63001793623	-15505.262339115143	-13321.63349032402	-12965.762309253216	-15091.778677880764	-11650.420970916748	-24873.157371997833	-17205.807198405266	-18292.900839686394	-15763.81114411354	-15740.868849396706	-13679.307541012764	-15537.2943598032	-43447.068357646465	-42506.74417632818	-50239.26552194357	-13942.553333342075	-46978.44558876753	-4550.26947593689
-3672.415050446987	-12285.356567203999	-54124.6519985199	-55027.984417676926	-14064.080788135529	-48022.12533694506	-14765.387981534004	-15225.784191906452	-15129.12004685402	-13233.606830775738	-12975.019682943821	-15186.08392316103	-11663.307922363281	-24725.107052087784	-17507.996321737766	-18203.551290094852	-15592.086668252945	-15518.412406206131	-13654.48765128851	-13400.502437233925	-43241.5803964138	-42181.919401705265	-50419.632784068584	-13959.190831661224	-47003.55792695284	-6059.331508636475
-3782.6145562529564	-11481.945000648499	-53883.17803066969	-54833.5271487236	-14226.751574456692	-47972.65754926205	-14601.857858896255	-14929.719936609268	-14828.840371727943	-13321.05461281538	-12919.326004624367	-15149.467592477798	-11590.541492462158	-25319.208997249603	-23622.44116973877	-23736.900959014893	-21348.93063545227	-20923.687427520752	-13570.773543179035	-11828.863639295101	-43200.2714394927	-42335.38581740856	-50102.94807869196	-13991.858220815659	-46848.60857361555	-4517.676778793335
-3691.7482122778893	-12336.271115839481	-54095.87170559168	-55118.69255024195	-14212.429855644703	-48063.28359121084	-14745.160978972912	-15158.962753474712	-15099.685179591179	-13189.615500986576	-12950.834260821342	-15101.895569860935	-11605.133323669434	-24993.400009155273	-20320.14188861847	-20086.234783172607	-18657.494283676147	-17988.304495334625	-13546.585435271263	-13397.732060432434	-43233.11340075731	-42294.00628376007	-50227.8786944747	-13994.866698503494	-46896.90676563978	-4668.488752365112
-3912.3261134028435	-14483.486201703548	-53557.52600544691	-54485.789013683796	-14182.902957081795	-47559.44347023964	-14703.879550874233	-15607.712586522102	-15529.694397747517	-13258.228892982006	-12871.13948237896	-14944.819468557835	-11562.913070678711	-24681.357558965683	-18151.30204284191	-18602.08058965206	-16371.78065097332	-16333.244218945503	-13644.593067288399	-16912.128741145134	-42932.816616714	-42071.90397286415	-49722.76565539837	-13823.891733944416	-46463.716405928135	-4631.505109786987
-3474.855454623699	-11602.031089484692	-53093.43294149637	-54005.100166618824	-14534.648189604282	-47218.03400570154	-15138.054163455963	-14957.413087546825	-14688.921069383621	-13254.537022411823	-12933.794782340527	-15070.375002801418	-11431.770137548447	-24609.315672516823	-16646.69358575344	-17892.16923749447	-16766.540305018425	-17326.5867562294	-13767.764557659626	-11694.95751208067	-42643.63016527891	-41604.85633671284	-49351.22501283884	-13952.990739285946	-46170.4378015995	-4632.364580154419
-4265.676460087299	-12397.33001846075	-52518.06587481499	-53408.5693975091	-14216.601862311363	-46711.37005418539	-14901.88646632433	-14984.495656132698	-14713.353128015995	-13191.132425069809	-12839.17195546627	-14923.415793478489	-11344.26223731041	-24417.515859484673	-17592.188430190086	-18201.348987460136	-17374.509811878204	-17918.9621257782	-13733.05008393526	-13069.791893422604	-42129.37842434645	-41170.016133248806	-48834.72514629364	-13834.329139888287	-45655.70861876011	-4713.600214004517
-4023.4939797520638	-10801.049567103386	-51162.99420052767	-52090.029687941074	-13679.790770411491	-45550.69052737951	-14020.02630352974	-14158.635890841484	-14074.135704100132	-12632.133802950382	-12284.835581839085	-14392.049104988575	-11001.973823547363	-24136.111015439034	-23053.296068549156	-23910.612520575523	-21616.537615180016	-21118.318542957306	-12838.15502434969	-11095.157632052898	-41028.34756273031	-40191.86631208658	-47584.51835221052	-13266.564002990723	-44483.69517624378	-4725.871870040894
-4814.314985215664	-11596.348496079445	-50587.62713384628	-51493.49891883135	-13361.744443118572	-45044.02657586336	-13783.858606398106	-14185.718459427357	-14098.567762732506	-12568.729205608368	-12190.212754964828	-14245.089895665646	-10914.465923309326	-23944.311202406883	-23998.7909129858	-24219.79227054119	-22224.507122039795	-21710.693912506104	-12803.440550625324	-12469.992013394833	-40514.09582179785	-39757.02610862255	-47068.01848566532	-13147.902403593063	-43968.96599340439	-4807.107503890991
-4866.273048341274	-10389.964044690132	-50119.89112275839	-51011.13967770338	-12962.31108123064	-44446.63962495327	-13542.164286792278	-13827.764685511589	-13784.794307351112	-12099.127365231514	-11922.273832976818	-14016.550209522247	-10747.825645446777	-22633.199135303497	-16136.630608856678	-15793.74882298708	-14016.752331018448	-13483.107522726059	-12447.16979676485	-10800.563459992409	-39879.252063810825	-38914.99080616236	-46599.70660209656	-12909.576098203659	-43431.699071764946	-6168.120235443115
-5086.8509494662285	-12537.1791305542	-49581.54542261362	-50378.23614114523	-12932.784182667732	-43942.79950398207	-13500.8828586936	-14276.514518558979	-14214.80352550745	-12167.740757226944	-11842.579054534435	-13859.474108219147	-10705.605392456055	-22321.156685113907	-13967.79076308012	-14309.594629466534	-11731.03869831562	-11828.047246336937	-12545.177428781986	-14314.960140705109	-39578.95527976751	-38692.88849526644	-46094.59356302023	-12738.60113364458	-42998.5087120533	-6131.13659286499
-5106.184111297131	-12588.093679189682	-49552.7651296854	-50468.94427371025	-13081.133250176907	-43983.95775824785	-13480.655856132507	-14209.69308012724	-14185.36865824461	-12123.749427437782	-11818.393632411957	-13775.285754919052	-10647.430793762207	-22589.449642181396	-16779.936329960823	-16192.278122544289	-14796.446313738823	-14297.939335465431	-12437.27521276474	-14312.189763903618	-39570.48828411102	-38804.97537732124	-45902.83947342634	-12774.27700048685	-42891.85755074024	-4740.293836593628
-5838.1761251688	-10149.420069038868	-48113.16424673796	-48926.92672473192	-12899.69498437643	-42787.76525616646	-13090.465223491192	-13435.280765414238	-13324.628166794777	-11964.176108539104	-11637.075289309025	-13482.59398728609	-10549.306541442871	-22118.036302387714	-13105.251085400581	-13705.125813603401	-10707.146746575832	-10752.346346318722	-12334.07924491167	-10449.41106081009	-39216.44538086653	-37944.19067245722	-44694.23690533638	-12637.039271950722	-41998.05145430565	-3093.412130355835
-5440.201296150684	-10451.022947311401	-48542.0852919817	-49301.01652497053	-12966.4830878973	-43094.72608792782	-13698.889774143696	-13653.297588169575	-13398.462255775928	-12100.644289314747	-11810.611527621746	-13838.070433139801	-10486.954559087753	-22057.314985632896	-13408.677150428295	-13908.863027274609	-12733.767859220505	-13413.765153169632	-12633.634445428848	-10472.623292982578	-38775.51708739996	-37791.00065565109	-45206.5530539155	-12749.038539588451	-42190.50092488527	-6213.2316970825195
-5459.5344579815865	-10501.937495946884	-48513.30499905348	-49391.72465753555	-13114.832155406475	-43135.8843421936	-13678.662771582603	-13586.476149737835	-13369.027388513088	-12056.652959525585	-11786.426105499268	-13753.882079839706	-10428.779960393906	-22325.607942700386	-16220.822717308998	-15791.546520352364	-15799.175474643707	-15883.657242298126	-12525.732229411602	-10469.852916181087	-38767.05009174347	-37903.0875377059	-45014.79896432161	-12784.714406430721	-42083.849763572216	-4822.388940811157
-5680.112359106541	-12649.152581810951	-47974.95929890871	-48758.8211209774	-13085.305256843567	-42632.0442212224	-13637.381343483925	-14035.225982785225	-13799.036606669426	-12125.266351521015	-11706.731327056885	-13596.805978536606	-10386.559707403183	-22013.565492510796	-14051.98287153244	-14307.392326831818	-13513.46184194088	-14228.596965909004	-12623.739861428738	-13984.249596893787	-38466.75330770016	-37680.98522680998	-44509.685925245285	-12613.739441871643	-41650.65940386057	-4785.405298233032
-5055.194408714771	-10915.453062534332	-47867.44330370426	-48750.00145804882	-12814.783639073372	-42622.05955398083	-13202.02705103159	-13414.634413659573	-13343.863095104694	-11879.80839574337	-11555.722332179546	-13487.671408176422	-10325.898254394531	-22761.213220596313	-23429.64581179619	-24393.503832101822	-22492.11410176754	-21905.325027942657	-12070.822031795979	-11736.28600615263	-38342.17194503546	-37613.50660330057	-44549.588759183884	-12422.608185768127	-41604.05259603262	-5015.30259513855
-5988.839821279049	-9650.041424930096	-46611.64655101299	-47385.94604629278	-12111.62566870451	-41427.38260960579	-12580.861914217472	-12854.520391464233	-12783.67689049244	-11478.241069853306	-11161.652327120304	-13159.744535326958	-10057.15824508667	-21584.110328555107	-19815.27963322401	-19927.306310355663	-17583.765169382095	-17205.496939897537	-11704.024912118912	-9872.823412954807	-37160.23448485136	-36378.01063102484	-43439.84639328718	-12062.611803293228	-40503.75829952955	-6306.738986968994
-5347.063534796238	-11907.19824564457	-46832.58129954338	-47725.44681292772	-12534.172446131706	-41561.99073636532	-12898.824300765991	-13438.609034359455	-13430.663990616798	-11434.828617572784	-11183.903209626675	-13017.867267429829	-10058.863124847412	-21406.351660370827	-16210.79122877121	-16365.98968410492	-15064.053293466568	-14492.570450901985	-11704.656693935394	-13578.483756661415	-37398.56440734863	-36661.455871999264	-43384.409746944904	-12048.982782661915	-40526.94415336847	-4948.4889278411865
-6079.055548667908	-9468.524635493755	-45392.980416595936	-46183.429263949394	-12352.73418033123	-40365.798234283924	-12508.633668124676	-12664.196719646454	-12569.923499166965	-11275.255298674107	-11002.584866523743	-12725.175499796867	-9960.738872528076	-20934.938320577145	-12536.105984210968	-13878.837375164032	-10974.753726303577	-10946.977461755276	-11601.460726082325	-9715.705053567886	-37044.52150410414	-35800.67116713524	-42175.80717885494	-11911.745054125786	-39633.13805693388	-3301.6072216033936
-6008.172983109951	-9700.955973565578	-46582.866258084774	-47476.6541788578	-12259.974736213684	-41468.540863871574	-12560.63491165638	-12787.698953032494	-12754.242023229599	-11434.249740064144	-11137.466904997826	-13075.556182026863	-9998.983646392822	-21852.403285622597	-22627.425200104713	-21809.98980343342	-20649.172784805298	-19675.38902902603	-11596.122696101665	-9870.053036153316	-37151.76748919487	-36490.09751307964	-43248.092303693295	-12098.287670135498	-40397.107138216496	-4915.896230697632
-6228.750884234905	-11848.171059429646	-46044.520557940006	-46843.75064229965	-12230.447837650776	-40964.70074290037	-12519.353483557701	-13236.448786079884	-13184.251241385937	-11502.863132059574	-11057.772126555443	-12918.480080723763	-9956.7633934021	-21540.360835433006	-20458.585354328156	-20325.835609912872	-18363.45915210247	-18020.32875263691	-11694.130328118801	-13384.449716866016	-36851.47070515156	-36267.99520218372	-42742.979264616966	-11927.31270557642	-39963.91677850485	-4878.912588119507
-6137.884540259838	-12702.497174620628	-46257.214232861996	-47128.916043818	-12216.126118838787	-41055.32678484917	-12662.656603634357	-13465.691602945328	-13455.096049249172	-11371.42402023077	-11089.280382752419	-12870.9080581069	-9971.355224609375	-21214.551847338676	-17156.286073207855	-16675.169434070587	-15672.022800326347	-15084.945820450783	-11669.942220211029	-14953.31813800335	-36884.31266641617	-36226.61566853523	-42867.909880399704	-11930.321183264256	-40012.21497052908	-5029.724561691284
-5681.080719649792	-9770.127513766289	-45821.901461839676	-46557.519064188	-12419.5222838521	-40672.759066045284	-13117.05821877718	-12882.21354240179	-12643.757588148117	-11411.723479449749	-11176.121104836464	-13080.651945650578	-9898.386890172958	-20874.217003822327	-12839.532049238682	-14082.57458883524	-13001.37483894825	-13608.396268606186	-11901.015926599503	-9738.917285740376	-36603.59321063757	-35647.48115032911	-42688.12332743406	-12023.744321763515	-39825.587527513504	-6421.426788330078
-6869.876554131508	-10263.823564469814	-44817.61334991455	-45586.89849483967	-12034.687853038311	-39859.13428276777	-12272.465970993042	-12691.279288232327	-12594.35555779934	-11211.850701332092	-10907.962039649487	-12578.216290473938	-9873.230972290039	-20743.138507544994	-13481.600828647614	-14188.0171251297	-11582.723233163357	-11539.352831304073	-11566.74625235796	-11090.53943490982	-36530.26976317167	-35365.83096367121	-41659.30731230974	-11793.083454728127	-39118.408874094486	-3382.842855453491
-6471.901725113392	-10565.426442742348	-45246.53439515829	-45960.98829507828	-12101.475956559181	-40166.09511452913	-12880.890521645546	-12909.296110987663	-12668.18964678049	-11348.318882107735	-11081.498277962208	-12933.692736327648	-9810.878989934921	-20682.417190790176	-13785.026893675327	-14391.754338800907	-13609.34434580803	-14200.771638154984	-11866.301452875137	-11113.75166708231	-36089.341469705105	-35212.64094686508	-42171.62346088886	-11905.082722365856	-39310.85834467411	-6502.662422180176
-6582.101230919361	-9762.014876186848	-45005.06042730808	-45766.531026124954	-12264.146742880344	-40116.62732684612	-12717.360399007797	-12613.23185569048	-12367.909971654415	-11435.766664147377	-11025.804599642754	-12897.076405644417	-9738.112560033798	-21276.519135951996	-19899.47174167633	-19925.104007720947	-19366.188313007355	-19606.046659469604	-11782.587344765663	-9542.112869143486	-36048.032512784004	-35366.10736256838	-41854.93875551224	-11937.75011152029	-39155.90899133682	-4961.007692337036
-7312.409376323223	-10756.19010347128	-42281.233650028706	-43021.36317127943	-10966.007344424725	-37438.682818591595	-11459.659911453724	-12134.493534982204	-12140.205177009106	-10280.935884475708	-10060.719954907894	-11785.562697768211	-9114.047546386719	-18854.3509734869	-12972.774793446064	-12382.68347388506	-11031.280847668648	-10579.748847842216	-10570.526581704617	-12356.149537563324	-33530.45132946968	-32847.60019093752	-39239.737788021564	-10845.03058296442	-36547.00727665424	-6529.356044769287
-8044.401390194893	-8317.516493320465	-40841.63276708126	-41479.3456223011	-10784.569078624249	-36242.4903165102	-11069.469278812408	-11360.081220269203	-11279.464685559273	-10121.36256557703	-9879.401611804962	-11492.87093013525	-9015.923294067383	-18382.93763369322	-9298.089548885822	-9895.531164944172	-6941.981280505657	-7034.155858695507	-10467.330613851547	-8493.370834469795	-33176.408426225185	-31986.815486073494	-38031.1352199316	-10707.792854428291	-35653.20118021965	-4882.474338531494
-8063.734552025795	-8368.431041955948	-40812.85247415304	-41570.05375486612	-10932.918146133423	-36283.648570775986	-11049.242276251316	-11293.259781837463	-11250.029818296432	-10077.371235787868	-9855.216189682484	-11408.682576835155	-8957.748695373535	-18651.230590760708	-12110.235115766525	-11778.214658021927	-10007.38889592886	-9504.047947824001	-10359.428397834301	-8490.600457668304	-33167.941430568695	-32098.9023681283	-37839.381130337715	-10743.468721270561	-35546.55001890659	-3491.631582260132
-8284.31245315075	-10515.646127820015	-40274.506774008274	-40937.15021830797	-10903.391247570515	-35779.80844980478	-11007.960848152637	-11742.009614884853	-11680.03903645277	-10145.984627783298	-9775.5214112401	-11251.606475532055	-8915.528442382812	-18339.188140571117	-9941.395269989967	-10294.060464501381	-7721.675263226032	-7848.987671434879	-10457.436029851437	-12004.997138381004	-32867.64464652538	-31876.80005723238	-37334.26809126139	-10572.493756711483	-35113.359659194946	-3454.647939682007
-7665.759723007679	-8670.033920228481	-41241.77351939678	-41944.14355510473	-10999.706249654293	-36590.609402537346	-11657.66682690382	-11511.2766045928	-11323.863907277584	-10213.83941656351	-10028.752427995205	-11764.159022688866	-8895.396713018417	-18590.50927400589	-12413.661180794239	-11981.951871693134	-12034.010008573532	-12165.466754674911	-10658.983598351479	-8513.812689840794	-32727.013137102127	-31945.712351322174	-38351.697278916836	-10855.46798890829	-35738.99948948622	-6611.451148986816
-7886.337624132633	-10817.249006092548	-40703.427819252014	-41311.24001854658	-10970.179351091385	-36086.76928156614	-11616.385398805141	-11960.02643764019	-11753.873125433922	-10282.45280855894	-9949.057649552822	-11607.082921385765	-8853.176460027695	-18278.4668238163	-10244.821335017681	-10497.797678172588	-9748.296375870705	-10510.40647828579	-10756.991230368614	-12028.209370553493	-32426.716353058815	-31723.610040426254	-37846.58423984051	-10684.493024349213	-35305.80912977457	-6574.467506408691
-7905.670785963535	-10868.163554728031	-40674.647526323795	-41401.9481511116	-11118.52841860056	-36127.92753583193	-11596.158396244049	-11893.20499920845	-11724.438258171082	-10238.46147876978	-9924.872227430344	-11522.89456808567	-8795.001861333847	-18546.75978088379	-13056.966901898384	-12380.481171250343	-12813.703991293907	-12980.298567414284	-10649.089014351368	-12025.438993752003	-32418.249357402325	-31835.69692248106	-37654.83015024662	-10720.168891191483	-35199.15796846151	-5183.624750137329
-8637.662799835205	-8429.489944577217	-39235.04664337635	-39859.930602133274	-10937.090152800083	-34931.735033750534	-11205.967763602734	-11118.792684495449	-10863.697766721249	-10078.888159871101	-9743.553884327412	-11230.20280045271	-8696.877609014511	-18075.346441090107	-9382.281657338142	-9893.328862309456	-8724.404424130917	-9434.705578267574	-10545.893046498299	-8162.660290658474	-32064.20645415783	-30974.912217617035	-36446.22758215666	-10582.931162655354	-34305.35187202692	-3536.743043899536
-8454.3093110919	-10067.182032346725	-38744.20878535509	-39486.87767243385	-10263.670999407768	-34460.5840575099	-10478.130536317825	-11094.427802503109	-11109.652892887592	-9616.058259308338	-9275.913026928902	-10844.568670272827	-8365.205547332764	-18073.555123806	-19463.5693846941	-18398.924454331398	-17663.701301455498	-16772.03035414219	-9719.479481041431	-11425.639113724232	-30802.966754853725	-30422.706897854805	-35888.1234896183	-10033.74215489626	-33512.41534310579	-5277.132040023804
-9186.30132496357	-7628.508422195911	-37304.607902407646	-37944.860123455524	-10082.232733607292	-33264.391555428505	-10087.93990367651	-10320.015487790108	-10248.91240143776	-9456.48494040966	-9094.59468382597	-10551.876902639866	-8267.081295013428	-17602.141784012318	-15788.884140133858	-15911.77214539051	-13574.401734292507	-13226.43736499548	-9616.283513188362	-7562.860410630703	-30448.92385160923	-29561.92219299078	-34679.52092152834	-9896.50442636013	-32618.6092466712	-3630.2503337860107
-8788.326495945454	-7930.111300468445	-37733.528947651386	-38318.949923694134	-10149.020837128162	-33571.352387189865	-10696.364454329014	-10538.032310545444	-10322.746490418911	-9592.953121185303	-9268.130922138691	-10907.353348493576	-8204.72931265831	-17541.4204672575	-16092.310205161572	-16115.509359061718	-15601.02284693718	-15887.85617184639	-9915.83871370554	-7586.072642803192	-30007.995558142662	-29408.732176184654	-35191.83707010746	-10008.50369399786	-32811.058717250824	-6750.069900512695
-8695.188734591007	-9386.286598801613	-36024.02495521307	-36743.380211651325	-9716.710195362568	-32038.617035627365	-9896.29898095131	-10323.343756735325	-10354.94822525978	-8927.13744944334	-8641.42260414362	-10087.150182783604	-7776.637878417969	-16890.45714199543	-18894.424283504486	-18572.63601589203	-17931.308281183243	-16966.661469578743	-8986.860962212086	-10691.933106482029	-28631.042878091335	-28279.187392532825	-33369.693763136864	-9308.447937071323	-31147.501945734024	-5485.327131271362
-10509.870880007744	-8734.657100737095	-32974.19500142336	-33580.27724844217	-8936.614409327507	-29275.69176441431	-8966.737900912762	-9599.988631308079	-9605.440687954426	-8259.179755032063	-7993.66231161356	-9177.69506508112	-7323.970596313477	-14872.38242894411	-8946.379300355911	-8367.149308919907	-7021.91741257906	-6600.689272940159	-8482.785182774067	-10046.18653523922	-26819.14069622755	-26031.51175290346	-30479.412316262722	-8678.923206031322	-28661.85822379589	-3852.8673915863037
-10111.896050989628	-9036.259979009628	-33403.1160466671	-33954.36704868078	-9003.402512848377	-29582.65259617567	-9575.162451565266	-9818.005454063416	-9679.274776935577	-8395.647935807705	-8167.198549926281	-9533.17151093483	-7261.618613958359	-14811.661112189293	-9249.805365383625	-8570.886522591114	-9048.538525223732	-9262.108079791069	-8782.340383291245	-10069.398767411709	-26378.212402760983	-25878.321736097336	-30991.728464841843	-8790.922473669052	-28854.307694375515	-6972.686958312988
-10843.888064861298	-6597.586368858814	-31963.515163719654	-32412.349499702454	-8821.964247047901	-28386.460094094276	-9184.97181892395	-9043.593139350414	-8818.534285485744	-8236.074616909027	-7985.880206823349	-9240.479743301868	-7163.494361639023	-14340.24777239561	-5575.120120823383	-6083.734213650227	-4959.238958060741	-5716.51509064436	-8679.144415438175	-6206.62006431818	-26024.169499516487	-25017.53703123331	-29783.12589675188	-8653.684745132923	-27960.50159794092	-5325.805252075195
-9726.889163553715	-9500.69009423256	-32728.474058389664	-33403.35198175907	-8851.703064024448	-29109.98606222868	-9078.29972845316	-9579.342279553413	-9624.675616264343	-8174.812042236328	-7912.309354484081	-9182.77248597145	-7100.562309265137	-15515.55934715271	-19270.77402675152	-19055.527327418327	-18806.884767770767	-17753.667954564095	-8219.527969658375	-11333.06148058176	-25944.86726039648	-25700.827683746815	-30334.764170110226	-8464.492119848728	-28267.85936552286	-5774.757856369019
-10750.750303506851	-8053.761667191982	-30254.011171281338	-30836.779787659645	-8389.653605282307	-26853.724742531776	-8384.906345546246	-8828.904585540295	-8850.736020326614	-7570.258945167065	-7359.171888828278	-8420.276577591896	-6735.402927398682	-13689.284447133541	-8377.234199166298	-8540.860870480537	-7289.524392306805	-6795.320388376713	-7750.166663944721	-9312.480527997017	-24647.21681946516	-23887.992247581482	-27960.982589781284	-7953.628988206387	-26296.944826424122	-4061.0624828338623
-10352.775474488735	-8355.364545464516	-30682.932216525078	-31210.869587898254	-8456.441708803177	-27160.685574293137	-8993.33089619875	-9046.921408295631	-8924.570109307766	-7706.727125942707	-7532.708127140999	-8775.753023445606	-6673.050945043564	-13628.563130378723	-8680.660264194012	-8744.598084151745	-9316.145504951477	-9456.739195227623	-8049.721864461899	-9335.692760169506	-24206.288525998592	-23734.802230775356	-28473.298738360405	-8065.628255844116	-26489.394297003746	-7180.882049560547
-11084.767488360405	-5916.690935313702	-29243.331333577633	-29668.852038919926	-8275.0034430027	-25964.493072211742	-8603.140263557434	-8272.50909358263	-8063.829617857933	-7547.153807044029	-7351.389784038067	-8483.061255812645	-6574.926692724228	-13157.149790585041	-5005.97501963377	-6257.445775210857	-5226.8459377884865	-5911.1462060809135	-7946.5258966088295	-5472.914057075977	-23852.245622754097	-22874.01752591133	-27264.696170270443	-7928.390527307987	-25595.588200569153	-5534.000343322754
-11875.588493824005	-6711.989864289761	-28667.964266896248	-29072.3212698102	-7956.957115709782	-25457.82912069559	-8366.9725664258	-8299.591662168503	-8088.261676490307	-7483.749209702015	-7256.766957163811	-8336.102046489716	-6487.418792486191	-12965.34997755289	-5951.4698640704155	-6566.625525176525	-5834.815444648266	-6503.521575629711	-7911.811422884464	-6847.7484384179115	-23337.993881821632	-22439.1773224473	-26748.196303725243	-7809.728927910328	-25080.85901772976	-5615.235977172852
-12716.096145033836	-6902.753525018692	-25702.663521766663	-26132.696146011353	-6821.488503575325	-22730.416824758053	-6945.741956233978	-7524.789086163044	-7560.277206718922	-6416.366212069988	-6235.988634109497	-7187.972007930279	-5790.587348937988	-11137.283760249615	-5139.217763841152	-4557.554660260677	-3256.7519465088844	-2882.498785316944	-6616.0365517139435	-8090.146308898926	-20779.10374158621	-20074.136566519737	-23816.310630857944	-6749.676788508892	-22317.007949709892	-5641.929599761963
-13069.446491718292	-4816.597341775894	-24663.20339113474	-25055.476529836655	-6855.1874088048935	-21882.343408703804	-7143.748871684074	-6901.57215577364	-6743.9359369874	-6349.269744157791	-6204.021107196808	-7166.568332850933	-5571.936515569687	-10873.442060768604	-4580.104151189327	-4156.823058068752	-4259.481107413769	-4468.216692149639	-6704.4935683608055	-4247.809461176395	-19975.665549218655	-19172.248726904392	-22928.270121753216	-6760.114194452763	-21509.000162541866	-5724.024703979492
-13290.024392843246	-6963.812427639961	-24124.85769098997	-24422.572993278503	-6825.660510241985	-21378.5032877326	-7102.467443585396	-7350.32198882103	-7173.945155143738	-6417.883136153221	-6124.326328754425	-7009.4922315478325	-5529.716262578964	-10561.399610579014	-2411.2643054127693	-2672.6688645482063	-1973.7674747109413	-2813.156415760517	-6802.501200377941	-7762.206141889095	-19675.368765175343	-18950.146416008472	-22423.157082676888	-6589.139229893684	-21075.80980283022	-5687.041061401367
-13309.357554674149	-7014.726976275444	-24096.077398061752	-24513.281125843525	-6974.00957775116	-21419.661541998386	-7082.240441024303	-7283.50055038929	-7144.5102878808975	-6373.891806364059	-6100.140906631947	-6925.303878247738	-5471.541663885117	-10829.692567646503	-5223.409872293472	-4555.352357625961	-5039.175090134144	-5283.048504889011	-6694.598984360695	-7759.4357650876045	-19666.901769518852	-19062.23329806328	-22231.402993083	-6624.815096735954	-20969.158641517162	-4296.198305130005
-12956.975568532944	-6221.858091473579	-22982.47969162464	-23389.198685228825	-6274.527699530125	-20308.44980287552	-6363.910400867462	-6753.70504039526	-6805.57253909111	-5727.44540220499	-5601.498211324215	-6430.553520441055	-5202.019680023193	-9954.185778439045	-4570.072662651539	-4731.266221821308	-3524.3589262366295	-3077.129900753498	-5883.418032884598	-7356.440301656723	-18607.17986482382	-17930.617061197758	-21297.880904376507	-6024.382570683956	-19952.094552338123	-5850.1246910095215
-13310.3259152174	-4135.701908230782	-21943.019560992718	-22311.979069054127	-6308.226604759693	-19460.37638682127	-6561.917316317558	-6130.488110005856	-5989.231269359589	-5660.348934292793	-5569.530684411526	-6409.14984536171	-4983.368846654892	-9690.344078958035	-4010.959049999714	-4330.534619629383	-4527.088087141514	-4662.847807586193	-5971.87504953146	-3514.1034539341927	-17803.741672456264	-17028.729221582413	-20409.840395271778	-6034.819976627827	-19144.086765170097	-5932.219795227051
-13530.903816342354	-6282.916994094849	-21404.67386084795	-21679.075532495975	-6278.699706196785	-18956.536265850067	-6520.63588821888	-6579.2379430532455	-6419.240487515926	-5728.962326288223	-5489.835905969143	-6252.073744058609	-4941.148593664169	-9378.301628768444	-1842.119204223156	-2846.380426108837	-2241.3744544386864	-3007.787531197071	-6069.882681548595	-7028.500134646893	-17503.444888412952	-16806.626910686493	-19904.72735619545	-5863.8450120687485	-18710.89640545845	-5895.236152648926
-14192.013264656067	-4076.6747220158577	-21154.958819389343	-21430.282898426056	-6004.501996278763	-18863.086393356323	-6182.446499109268	-5928.327861726284	-5742.818520128727	-5728.383448779583	-5443.399601340294	-6309.7626586556435	-4881.2691152095795	-9824.353254020214	-8258.75317555666	-8290.380545437336	-7826.493945777416	-8190.606109321117	-5961.348683714867	-3320.069414138794	-17256.64797025919	-16635.268551766872	-19768.40991294384	-5913.149899542332	-18581.059390306473	-5862.643455505371
-13550.236978173256	-6333.831542730331	-21375.89356791973	-21769.783665060997	-6427.048773705959	-18997.694520115852	-6500.408885657787	-6512.416504621506	-6389.805620253086	-5684.970996499062	-5465.650483846664	-6167.885390758514	-4882.973994970322	-9646.594585835934	-4654.264771103859	-4729.063919186592	-5306.782069861889	-5477.679620325565	-5961.980465531349	-7025.729757845402	-17494.977892756462	-16918.7137927413	-19712.973266601562	-5899.520878911018	-18604.245244145393	-4504.3933963775635
-14098.87550330162	-5532.850020349026	-19445.454826951027	-19854.713186383247	-5572.191354513168	-17330.351041793823	-5382.381025731564	-5713.639307916164	-5775.020254969597	-5062.5677770376205	-4816.6912833452225	-5489.559492945671	-4453.177680969238	-9173.389928758144	-11060.867253899574	-10747.507202267647	-10156.77938002348	-9269.41140705347	-5032.370932221413	-6425.929877817631	-15879.695290207863	-15505.723768115044	-17946.266605973244	-5213.094142615795	-16917.502618789673	-4597.900686264038
-13700.900674283504	-5834.452898621559	-19874.375872194767	-20228.802986621857	-5638.9794580340385	-17637.311873555183	-5990.8055763840675	-5931.656130671501	-5848.854343950748	-5199.035957813263	-4990.227521657944	-5845.035938799381	-4390.8256986141205	-9112.668612003326	-11364.293318927288	-10951.244415938854	-12183.400492668152	-11930.83021390438	-5331.92613273859	-6449.14210999012	-15438.766996741295	-15352.533751308918	-18458.582754552364	-5325.093410253525	-17109.952089369297	-7717.720252990723
-14432.892688155174	-3395.779288470745	-18434.774989247322	-18686.785437643528	-5457.5411922335625	-16441.11937147379	-5600.614943742752	-5157.2438159585	-4988.1138525009155	-5039.462638914585	-4808.909178555012	-5552.34417116642	-4292.701446294785	-8641.255272209644	-7689.608074367046	-8464.092106997967	-8094.100925505161	-8385.237224757671	-5228.730164885521	-2586.363406896591	-15084.7240934968	-14491.749046444893	-17249.980186462402	-5187.855681717396	-16216.145992934704	-6070.83854675293
-15515.582819700241	-5182.823400557041	-16824.545918405056	-17065.700023412704	-4858.883671998978	-14874.386602342129	-5061.24449634552	-5208.301005244255	-5099.346806645393	-4531.078263401985	-4342.467229127884	-4935.580821096897	-3938.1584165096283	-7094.593898952007	-1416.2483357787132	-745.757708966732	-1274.0096240639687	-1564.8580172657967	-4827.850353300571	-5803.395538747311	-13626.86481487751	-13104.858111679554	-15568.301307678223	-4695.568679213524	-14624.308367431164	-6085.260513305664
-15130.575932264328	-5647.253515779972	-16149.90393012762	-16514.684956490993	-4707.184223175049	-14401.720068395138	-4564.381773233414	-4969.637830734253	-5044.747645974159	-4310.242369830608	-4087.578033685684	-4585.181796133518	-3777.1021118164062	-7798.492133915424	-11437.216997146606	-11230.398513793945	-11032.355866611004	-10056.417892038822	-4265.037939667702	-7067.058251917362	-13193.519672513008	-12927.364059329033	-14911.337012946606	-4369.1383253932	-14037.86003857851	-4887.331411361694
-14732.601103246212	-5948.8563940525055	-16578.82497537136	-16888.774756729603	-4773.972326695919	-14708.680900156498	-5172.806323885918	-5187.65465348959	-5118.581734955311	-4446.710550606251	-4261.1142719984055	-4940.658241987228	-3714.7501294612885	-7737.770817160606	-11740.64306217432	-11434.135727465153	-13058.976979255676	-12717.836698889732	-4564.593140184879	-7090.270484089851	-12752.59137904644	-12774.174042522907	-15423.653161525726	-4481.13759303093	-14230.309509158134	-8007.150978088379
-15464.593117117882	-3510.1827839016914	-15139.224092423916	-15346.757207751274	-4592.534060895443	-13512.488398075104	-4782.615691244602	-4413.242338776588	-4257.841243505478	-4287.137231707573	-4079.7959288954735	-4647.966474354267	-3616.6258771419525	-7266.357477366924	-8065.9578176140785	-8946.983418524265	-8969.677412092686	-9172.243709743023	-4461.39717233181	-3227.4917809963226	-12398.548475801945	-11913.389337658882	-14215.050593435764	-4343.899864494801	-13336.503412723541	-6360.269271850586
-15756.462243199348	-4501.927967011929	-14104.362088263035	-14322.202562630177	-4311.922867953777	-12452.419580459595	-4479.412940979004	-4437.216959476471	-4344.642139017582	-3842.1574535369873	-3707.976806342602	-4178.162333607674	-3349.5907475948334	-5911.4959171414375	-847.1032345890999	-919.4692705273628	-1541.6166037917137	-1759.4891327023506	-4095.2318344712257	-5069.689531505108	-11454.94093811512	-10961.338606357574	-13049.871581196785	-3970.274461388588	-12259.394970059395	-6293.455604553223
-16547.28324866295	-5297.2268959879875	-13528.99502158165	-13725.67179352045	-3993.876540660858	-11945.755628943443	-4243.24524384737	-4464.299528062344	-4369.074197649956	-3778.752856194973	-3613.3539794683456	-4031.2031242847443	-3262.0828473567963	-5719.696104109287	-1792.5980790257454	-1228.6490204930305	-2149.586110651493	-2351.864502251148	-4060.5173607468605	-6444.523912847042	-10940.689197182655	-10526.498402893543	-12533.371714651585	-3851.6128619909286	-11744.665787220001	-6374.69123840332
-16305.100768327713	-3700.946444630623	-12173.92334729433	-12407.132083952427	-3457.0654487609863	-10785.076102137566	-3361.38508105278	-3638.4397627711296	-3729.8567737340927	-3219.7542340755463	-3059.01760584116	-3499.8364357948303	-2919.79443359375	-5438.291260063648	-7253.705717384815	-6937.9125536084175	-6391.613913953304	-5551.220919430256	-3165.622301161289	-4469.889651477337	-9839.65833556652	-9548.34858173132	-11283.164920568466	-3283.8477250933647	-10572.652344703674	-6386.962894439697
-16658.45111501217	-1614.790261387825	-11134.463216662407	-11329.912467777729	-3490.764353990555	-9937.002686083317	-3559.3919965028763	-3015.2228323817253	-2913.515504002571	-3152.657766163349	-3027.0500789284706	-3478.4327607154846	-2701.1436002254486	-5174.449560582638	-6694.59210473299	-6537.1809514164925	-7394.343074858189	-7136.938826262951	-3254.0793178081512	-627.5528037548065	-9036.220143198967	-8646.460742115974	-10395.124411463737	-3294.2851310372353	-9764.644557535648	-6469.057998657227
-16879.029016137123	-3762.005347251892	-10596.11751651764	-10697.008931219578	-3461.2374554276466	-9433.162565112114	-3518.1105684041977	-3463.9726654291153	-3343.524722158909	-3221.271158158779	-2947.355300486088	-3321.356659412384	-2658.923347234726	-4862.407110393047	-4525.752258956432	-5053.0267578959465	-5108.629442155361	-5481.878549873829	-3352.086949825287	-4141.949484467506	-8735.923359155655	-8424.358431220055	-9890.01137238741	-3123.310166478157	-9331.454197824001	-6432.074356079102
-16788.162672162056	-4616.331462442875	-10808.811191439629	-10982.174332737923	-3446.915736615658	-9523.78860706091	-3661.413688480854	-3693.2154822945595	-3614.3695300221443	-3089.832046329975	-2978.8635566830635	-3273.784636795521	-2673.5151784420013	-4536.5981222987175	-1223.452977836132	-1402.3605820536613	-2417.193090379238	-2546.495617687702	-3327.898841917515	-5710.817905604839	-8768.765320420265	-8382.978897571564	-10014.941988170147	-3126.3186441659927	-9379.752389848232	-6582.886329650879
-16898.362177968025	-3812.919895887375	-10567.33722358942	-10787.7170637846	-3609.586522936821	-9474.3208193779	-3497.8835658431053	-3397.1512269973755	-3314.0898548960686	-3177.2798283696175	-2923.1698783636093	-3237.1683061122894	-2600.7487485408783	-5130.700067460537	-7337.897825837135	-6935.7102509737015	-8174.037057578564	-7951.770639002323	-3244.1847338080406	-4139.179107666016	-8727.456363499165	-8536.44531327486	-9698.257282793522	-3158.986033320427	-9224.803036510944	-5041.231599807739
-17336.80119729042	-3815.349940061569	-8878.372450470924	-9067.103854060173	-2592.058317422867	-7856.44512873888	-2543.3858285546303	-2894.438285589218	-2999.584164738655	-2467.428826868534	-2329.9043561816216	-2595.4587389826775	-2243.718864440918	-4063.393465220928	-7630.055460631847	-7420.803865134716	-7267.190400540829	-6338.227404415607	-2398.2893086075783	-5111.018025577068	-7153.482717871666	-6969.988872945309	-8248.235327541828	-2439.8919078707695	-7693.009764492512	-6676.3936195373535
-17690.151543974876	-1729.1937568187714	-7838.912319839001	-7989.884237885475	-2625.7572226524353	-7008.371712684631	-2741.3927440047264	-2271.221355199814	-2183.2428950071335	-2400.332358956337	-2297.9368292689323	-2574.0550639033318	-2025.0680310726166	-3799.5517657399178	-7070.941847980022	-7020.072262942791	-8269.919561445713	-7923.9453112483025	-2486.7463252544403	-1268.681177854538	-6350.044525504112	-6068.101033329964	-7360.1948184370995	-2450.32931381464	-6885.001977324486	-6758.488723754883
-17910.72944509983	-3876.4088426828384	-7300.566619694233	-7356.980701327324	-2596.230324089527	-6504.5315917134285	-2700.111315906048	-2719.971188247204	-2613.252113163471	-2468.945750951767	-2218.2420508265495	-2416.978962600231	-1982.847778081894	-3487.5093155503273	-4902.1020022034645	-5535.918069422245	-5984.205928742886	-6268.88503485918	-2584.753957271576	-4783.077858567238	-6049.7477414608	-5845.998722434044	-6855.081779360771	-2279.354349255562	-6451.811617612839	-6721.505081176758
-17930.062606930733	-3927.3233913183212	-7271.786326766014	-7447.688833892345	-2744.5793915987015	-6545.689845979214	-2679.8843133449554	-2653.149749815464	-2583.817245900631	-2424.9544211626053	-2194.056628704071	-2332.7906093001366	-1924.6731793880463	-3755.802272617817	-7714.2475690841675	-7418.6015625	-9049.613544166088	-8738.777123987675	-2476.8517412543297	-4780.307481765747	-6041.28074580431	-5958.08560448885	-6663.327689766884	-2315.0302160978317	-6345.160456299782	-5330.6623249053955
-18863.70801949501	-2661.9117537140846	-6015.989574074745	-6083.633422136307	-2041.4214212298393	-5351.012901604176	-2058.719176530838	-2093.035727620125	-2023.6310412883759	-2023.387095272541	-1799.9866236448288	-2004.8637364506721	-1655.933170080185	-2578.6993805766106	-4099.88139051199	-2952.4040407538414	-4141.2646117806435	-4038.9490359425545	-2110.054621577263	-2916.8448885679245	-4859.343285620213	-4722.589632213116	-5553.585323870182	-1955.0338336229324	-5244.866159796715	-6622.09871673584
-19104.587442994118	-1981.016320168972	-3295.805743932724	-3340.135961353779	-1494.460617184639	-2929.0458797216415	-1476.887621164322	-1321.9516818523407	-1268.9263736605644	-1334.4662854075432	-1165.4962008595467	-1247.4452489614487	-1067.36550116539	-1395.6013987660408	-3530.7362893223763	-3126.115602314472	-4408.8715915083885	-4233.580151379108	-1377.4361027479172	-2183.1388813257217	-2687.4194088578224	-2579.070126891136	-3035.1555973887444	-1229.7396157979965	-2879.952762424946	-6830.293807983398
-19895.408448457718	-2776.315249145031	-2720.438677251339	-2743.605192244053	-1176.4142898917198	-2422.38192820549	-1240.7199240326881	-1349.0342504382133	-1293.3584322929382	-1271.0616880655289	-1070.8733739852905	-1100.4860396385193	-979.8576009273529	-1203.8015857338905	-4476.231133759022	-3435.29535228014	-5016.841098368168	-4825.955520927906	-1342.721629023552	-3557.973262667656	-2173.167667925358	-2144.229923427105	-2518.655730843544	-1111.0780164003372	-2365.223579585552	-6911.529441833496
-20136.287871956825	-2095.4198155999184	-0.25484710931777954	-0.10773146152496338	-629.4534858465195	-0.4149063229560852	-658.888368666172	-577.9502046704292	-538.6537646651268	-582.140878200531	-436.3829512000084	-343.0675521492958	-391.289932012558	-20.70360392332077	-3907.0860325694084	-3609.0069138407707	-5284.448078095913	-5020.58663636446	-610.1031101942062	-2824.267255425453	-1.2437911629676819	-0.7104181051254272	-0.22600436210632324	-385.7837985754013	-0.31018221378326416	-7119.724533081055
