-803.204309463501	-810.301586151123	-930.3181419372559	-6325.980899810791	-97601.98046875	-3378.9842534065247	-27993.520477294922	-81779.42578125	-26173.56394958496	-26531.460571289062	-25522.70502471924	-24602.98649597168	-671.4884973168373	-12999.237586975098	-28152.736358642578	-46469.64482116699	-26981.164093017578	-76194.876953125	-91339.888671875	-83165.65625	-23760.90146636963
-470.5197559595108	-1063.384563446045	-1178.4875602722168	-6510.984699249268	-96349.24897551537	-3513.810730457306	-27658.887141227722	-80726.21086800098	-25857.389352619648	-26181.87668198347	-25203.05015784502	-24274.195820450783	-1013.9890637993813	-12757.00246655941	-27792.583790123463	-45853.761226177216	-26628.87524598837	-75209.05611503124	-90160.01848435402	-82076.24569934607	-23515.849545180798
-1129.6229648590088	-1118.0007286071777	-581.6455504894257	-6597.323902130127	-96064.60229355097	-3505.9926838874817	-27583.750402212143	-80473.12572193146	-25774.226740002632	-26138.793657302856	-25141.335008502007	-24243.22265905142	-1107.3182874321938	-12742.521010279655	-27691.713231146336	-45689.40599274635	-26552.637611091137	-75027.23655205965	-89903.78844285011	-81902.43224722147	-23417.807018578053
-1386.715295791626	-1355.0177574157715	-1477.329189300537	-5719.71956050396	-94871.07278037071	-3655.7912220954895	-27238.400476813316	-79521.87004292011	-25442.066492795944	-25811.94007742405	-24805.33346056938	-23925.35097885132	-1425.3998742699623	-12503.527359008789	-27374.44855451584	-45179.27555757761	-26224.299728870392	-74077.9032561779	-88829.88996499777	-80867.31619125605	-24321.175468444824
-796.9384113550186	-1371.0837059020996	-829.8149688243866	-6782.3277015686035	-94811.87080031633	-3640.819160938263	-27249.117066144943	-79419.91080868244	-25458.05214303732	-25789.209767997265	-24821.68014162779	-23914.43198353052	-1449.8188539147377	-12500.285889863968	-27331.56066262722	-45073.52239775658	-26200.348764061928	-74041.4157139659	-88723.91825532913	-80813.02169656754	-23172.75509738922
-1054.0307422876358	-1608.1007347106934	-1725.498607635498	-5904.723359942436	-93618.34128713608	-3790.6176991462708	-26903.767140746117	-78468.6551296711	-25125.89189583063	-25462.356188118458	-24485.678593695164	-23596.56030333042	-1767.9004407525063	-12261.292238593102	-27014.295985996723	-44563.39196258783	-25872.010881841183	-73092.08241808414	-87650.01977747679	-79777.90564060211	-24076.123547255993
-1713.1339511871338	-1662.7168998718262	-1128.656597852707	-5991.062562823296	-93333.69460517168	-3782.7996525764465	-26828.630401730537	-78215.56998360157	-25042.729283213615	-25419.273163437843	-24423.96344435215	-23565.587141931057	-1861.2296643853188	-12246.810782313347	-26913.425427019596	-44399.03672915697	-25795.77324694395	-72910.26285511255	-87393.78973597288	-79604.09218847752	-23978.081020653248
-1380.4493976831436	-1915.799877166748	-1376.8260161876678	-6176.066362261772	-92080.96311193705	-3917.626129627228	-26493.997065663338	-77162.35507035255	-24726.554686248302	-25069.68927413225	-24104.308577477932	-23236.79646641016	-2203.7302308678627	-12004.57566189766	-26553.27285850048	-43783.153134167194	-25443.48439991474	-71924.4420170188	-86213.9195484519	-78514.68163782358	-23733.029099464417
-2572.9966220855713	-2433.399028778076	-2556.7855796813965	-7540.517086029053	-89462.49006897211	-4207.345417499542	-25603.461848556995	-74847.88346141577	-23834.185988128185	-24161.05182737112	-23273.358866989613	-22506.69983112812	-2893.6003838181496	-12697.203703284264	-25772.32312577963	-42449.07465142012	-24681.487732470036	-69725.8967320323	-83654.80751150846	-76164.00090885162	-25467.644081115723
-2659.2241535186768	-2540.0903358459473	-2646.9671592712402	-6866.928205132484	-88992.86938458681	-2219.4029698371887	-25461.742017149925	-74500.7950477004	-23739.263823509216	-24126.55987507105	-23172.59038347006	-22322.616055965424	-3070.0594621300697	-12522.15889441967	-25592.372420489788	-42157.79294514656	-24570.543936610222	-69431.36215513945	-83257.05466169119	-75737.8189213872	-21423.299009799957
-2240.312068581581	-2686.482006072998	-2804.9549980163574	-7725.520885467529	-88209.75857573748	-4342.1718945503235	-25268.828512489796	-73794.66854816675	-23518.011391162872	-23811.46793806553	-22953.704000115395	-22177.909155607224	-3236.1009503006935	-12454.968582868576	-25412.170557260513	-41833.19105643034	-24329.198885440826	-68740.07589393854	-82474.93732398748	-75074.59035819769	-25222.59215992689
-2899.415277481079	-2741.098171234131	-2208.1129882335663	-7811.860088348389	-87925.11189377308	-4334.353847980499	-25193.691773474216	-73541.58340209723	-23434.848778545856	-23768.384913384914	-22891.98885077238	-22146.93599420786	-3329.430173933506	-12440.487126588821	-25311.299998283386	-41668.83582299948	-24252.961250543594	-68558.25633096695	-82218.70728248358	-74900.7769060731	-25124.549633324146
-2326.5396000146866	-2793.173313140869	-2895.136577606201	-7051.932004570961	-87740.13789135218	-2354.22944688797	-25127.108681082726	-73447.58013445139	-23423.089226543903	-23776.975985765457	-22852.93551659584	-21993.825380444527	-3412.5600286126137	-12279.923774003983	-25232.219851970673	-41541.909350156784	-24218.255089581013	-68445.54131704569	-82077.18447417021	-74648.40837073326	-21178.247088611126
-2985.6428089141846	-2847.789478302002	-2298.29456782341	-7138.27120745182	-87455.49120938778	-2346.4114003181458	-25051.971942067146	-73194.49498838186	-23339.926613926888	-23733.892961084843	-22791.220367252827	-21962.852219045162	-3505.889252245426	-12265.442317724228	-25131.349292993546	-41377.55411672592	-24142.01745468378	-68263.7217540741	-81820.9544326663	-74474.59491860867	-21080.20456200838
-3156.5076084136963	-2978.1152000427246	-3103.7966270446777	-6934.255746722221	-86731.58238059282	-4484.152386188507	-24848.34184807539	-72590.32772308588	-23102.68853133917	-23441.531333506107	-22555.987302839756	-21829.06431400776	-3647.5117607712746	-12201.493475317955	-24994.03532165289	-41158.705387830734	-23924.62336832285	-67608.9230350852	-81144.80880463123	-73865.66085010767	-26027.918083190918
-3242.7351398468018	-3084.8065071105957	-3193.9782066345215	-6260.666865825653	-86261.96169620752	-2496.2099385261536	-24706.62201666832	-72243.23930937052	-23007.7663667202	-23407.039381206036	-22455.218819320202	-21644.980538845062	-3823.9708390831947	-12026.448666453362	-24814.08461636305	-40867.42368155718	-23813.679572463036	-67314.38845819235	-80747.05595481396	-73439.47886264324	-21983.573011875153
-3482.926263809204	-3285.8143424987793	-2755.1240355968475	-7205.598749041557	-85194.20420539379	-4611.160816669464	-24438.57177299261	-71284.02766376734	-22703.35132175684	-23048.8644195199	-22174.617286622524	-21469.300477087498	-4083.341550886631	-11944.776898622513	-24533.012194156647	-40378.466559410095	-23496.096886396408	-66441.28263401985	-79708.70857560635	-72602.43684732914	-25684.82363539934
-3569.1537952423096	-3392.5056495666504	-2845.3056151866913	-6532.009868144989	-84724.58352100849	-2623.2183690071106	-24296.85194158554	-70936.93925005198	-22608.42915713787	-23014.37246721983	-22073.84880310297	-21285.2167019248	-4259.800629198551	-11769.73208975792	-24353.061488866806	-40087.18485313654	-23385.153090536594	-66146.748057127	-79310.95572578907	-72176.25485986471	-21640.478564083576
-3653.6637744903564	-3492.985523223877	-3608.956760406494	-3293.4043801426888	-84262.6887396574	-5311.811338424683	-24135.13189649582	-70610.45269650221	-22575.856845974922	-22933.409596264362	-21997.576213479042	-21196.37063473463	-4320.295528233051	-10531.278028607368	-24308.658186256886	-39938.155279397964	-23308.47242885828	-65839.0416905284	-78866.13741600513	-71781.82010096312	-20135.654426932335
-3150.241710305214	-3538.897319793701	-3003.2934539318085	-7390.602548480034	-83941.47271215916	-4745.987293720245	-24103.93843692541	-70230.81275051832	-22387.176724791527	-22699.28053021431	-21854.962419748306	-21140.5098015666	-4425.842117369175	-11702.541778206825	-24172.85962563753	-39762.58296442032	-23143.8080393672	-65455.461795926094	-78528.83838808537	-71513.0262966752	-25439.77171421051
-3922.134271621704	-3575.773983001709	-3725.4676780700684	-8610.341938018799	-83467.12959247828	-5373.009071826935	-23791.500686883926	-70016.5923255682	-22067.39258956909	-22446.998601555824	-21604.80170971155	-21064.227201342583	-4558.697797834873	-15798.046401977539	-23950.625390410423	-39495.44557440281	-23003.626347243786	-65221.691286087036	-78227.5175447464	-71252.36372452974	-19821.365204632282
-3236.4692417383194	-3645.5886268615723	-3093.475033521652	-6717.013667583466	-83471.85202777386	-2758.044846057892	-23962.21860551834	-69883.72433680296	-22292.254560172558	-22664.788577914238	-21754.193936228752	-20956.426026403904	-4602.301195681095	-11527.496969342232	-23992.90892034769	-39471.30125814676	-23032.864243507385	-65160.92721903324	-78131.08553826809	-71086.84430921078	-21395.426642894745
-3320.9792209863663	-3746.068500518799	-3857.126178741455	-3478.4081795811653	-83009.95724642277	-5446.637815475464	-23800.49856042862	-69557.2377832532	-22259.68224900961	-22583.82570695877	-21677.921346604824	-20867.579959213734	-4662.796094715595	-10289.04290819168	-23948.50561773777	-39322.27168440819	-22956.18358182907	-64853.220852434635	-77686.26722848415	-70692.40955030918	-19890.602505743504
-3980.0824298858643	-3800.6846656799316	-3260.284168958664	-3564.7473824620247	-82725.31056445837	-5438.81976890564	-23725.36182141304	-69304.15263718367	-22176.519636392593	-22540.742682278156	-21616.20619726181	-20836.60679781437	-4756.125318348408	-10274.561451911926	-23847.635058760643	-39157.916450977325	-22879.94594693184	-64671.40128946304	-77430.03718698025	-70518.59609818459	-19792.55997914076
-3589.449718117714	-3828.856960296631	-3973.6370964050293	-8795.345737457275	-82214.39809924364	-5507.835548877716	-23456.867350816727	-68963.37741231918	-21751.21799260378	-22097.414712250233	-21285.146842837334	-20735.436525821686	-4901.198364317417	-15555.811281561852	-23590.472821891308	-38879.56197941303	-22651.337500214577	-64235.87044799328	-77047.64735722542	-70162.95317387581	-19576.31328344345
-4248.552927017212	-3883.4731254577637	-3376.795086622238	-8881.684940338135	-81929.75141727924	-5500.017502307892	-23381.730611801147	-68710.29226624966	-21668.055379986763	-22054.33168756962	-21223.43169349432	-20704.46336442232	-4994.52758795023	-15541.329825282097	-23489.60226291418	-38715.20674598217	-22575.099865317345	-64054.05088502169	-76791.41731572151	-69989.13972175121	-19478.270756840706
-4237.174760818481	-4037.7016944885254	-4155.967807769775	-2687.1430408358574	-81531.78105127811	-5588.6183071136475	-23380.011896014214	-68352.89695817232	-21844.359389185905	-22213.88910239935	-21280.204649329185	-20518.73511761427	-5074.206905186176	-10035.56780064106	-23530.370382130146	-38647.78601580858	-22551.608064711094	-63722.067993581295	-76356.1387091279	-69483.48004221916	-20695.92842900753
-4505.645257949829	-4120.490154266357	-4272.47872543335	-8004.0805987119675	-80736.22190409899	-5649.8160405159	-23036.38068640232	-67759.03658723831	-21335.895132780075	-21727.47810769081	-20887.430145561695	-20386.59168422222	-5312.609174787998	-15302.33617401123	-23172.337586283684	-38205.07631081343	-22246.7619830966	-63104.71758913994	-75717.51883786917	-68954.02366578579	-20381.639206707478
-4429.016466140747	-4163.1877784729	-4273.434597015381	-8081.464391350746	-80853.37898480892	-3047.7641339302063	-23071.683388412	-67569.25272786617	-21399.88586205244	-21756.151131153107	-20923.244225740433	-20226.329391121864	-5292.171348631382	-12220.125010728836	-23211.95918762684	-38137.222775399685	-22270.86757606268	-62962.381934046745	-75571.97350132465	-68736.16358023882	-23130.04162454605
-4563.593416213989	-4345.40083694458	-3807.295216321945	-2958.4860431551933	-79994.40287607908	-5715.6267375946045	-22970.241820931435	-67046.59689885378	-21445.022179603577	-21821.222188413143	-20898.834633111954	-20158.971280694008	-5510.036695301533	-9778.851223945618	-23069.347254633904	-37867.54718738794	-22123.081582784653	-62554.427592515945	-74920.03848010302	-68220.25603944063	-20352.833981215954
-4832.063913345337	-4428.189296722412	-3923.8061339855194	-8275.423601031303	-79198.84372889996	-5776.824470996857	-22626.610611319542	-66452.73652791977	-20936.557923197746	-21334.811193704605	-20506.060129344463	-20026.82784730196	-5748.438964903355	-15045.619597315788	-22711.31445878744	-37424.83748239279	-21818.23550117016	-61937.07718807459	-74281.41860884428	-67690.79966300726	-20038.5447589159
-4230.908862709999	-4598.483814239502	-4055.464634656906	-3143.48984259367	-78741.67138284445	-5850.453214645386	-22635.608484864235	-65993.38198560476	-21128.847582638264	-21471.63829910755	-20579.179766237736	-19830.18060517311	-5852.537261784077	-9536.61610352993	-22709.194686114788	-37251.66359239817	-21770.792735755444	-61568.60675442219	-73740.16829258204	-67130.8454887867	-20107.782060027122
-4499.379359841347	-4681.272274017334	-4171.97555232048	-8460.42740046978	-77946.11223566532	-5911.650948047638	-22291.977275252342	-65399.52161467075	-20620.383326232433	-20985.227304399014	-20186.405262470245	-19698.037171781063	-6090.939531385899	-14803.3844769001	-22351.161890268326	-36808.95388740301	-21465.94665414095	-60951.25634998083	-73101.5484213233	-66601.38911235332	-19793.49283772707
-5322.453760147095	-4387.711108446121	-4953.151390075684	-8154.191064715385	-77143.84479755163	-5305.855202198029	-23461.23697912693	-64497.1075592041	-22554.190498411655	-22270.377325713634	-21657.976509451866	-20331.03459918499	-5487.151752412319	-12512.224692761898	-23321.73832309246	-38493.52836304903	-22258.16885960102	-60034.965402662754	-72163.19429308176	-65684.15886801481	-19801.47153776884
-5423.456087112427	-5116.08296585083	-5235.424198150635	-4507.9405663609505	-76123.19833987951	-6140.1725025177	-21745.073267757893	-63678.91037666798	-20236.478884518147	-20563.00085234642	-19748.230055749416	-19100.08396989107	-6542.407414734364	-10229.244144916534	-21928.244953393936	-35917.58510965109	-21008.796068310738	-59370.06146943569	-71181.0562556386	-64780.16475981474	-21842.39704167843
-5509.683618545532	-5222.774272918701	-5325.6057777404785	-3834.351685464382	-75653.57765549421	-4152.230054855347	-21603.353436350822	-63331.821962952614	-20141.556719899178	-20528.50890004635	-19647.461572229862	-18916.000194728374	-6718.866493046284	-10054.199336051941	-21748.294248104095	-35626.30340337753	-20897.852272450924	-59075.52689254284	-70783.30340582132	-64353.98277235031	-17798.051970362663
-4989.769206643105	-4640.794085741043	-5201.3208084106445	-8339.194864153862	-75891.113304317	-5440.68167924881	-23126.60364305973	-63443.892645955086	-22238.015901446342	-21920.793436408043	-21338.321642577648	-20002.243923664093	-5829.652318894863	-12269.98957234621	-22961.585754573345	-37877.644768059254	-21905.88001257181	-59049.144564569	-70983.32410556078	-64594.74831736088	-19556.41961658001
-5691.926584243774	-5198.871425628662	-5351.935115814209	-9824.87812423706	-75327.63919270039	-6201.370235919952	-21401.442058146	-63085.05000573397	-19728.014628112316	-20076.589857637882	-19355.455551981926	-18967.940536499023	-6780.8096843361855	-15496.012518286705	-21570.212157547474	-35474.87540465593	-20703.949986696243	-58752.711064994335	-70542.43638437986	-64250.70838338137	-21528.107819378376
-5648.8724155426025	-4695.410250902176	-4604.478798627853	-8425.534067034721	-75606.4666223526	-5432.863632678986	-23051.46690404415	-63190.80749988556	-22154.853288829327	-21877.71041172743	-21276.606493234634	-19971.27076226473	-5922.981542527676	-12255.508116066456	-22860.715195596218	-37713.28953462839	-21829.64237767458	-58867.325001597404	-70727.09406405687	-64420.93486523628	-19458.377089977264
-5778.15411567688	-5305.562732696533	-5442.116695404053	-9151.289243340492	-74858.01850831509	-4213.427788257599	-21259.72222673893	-62737.961592018604	-19633.092463493347	-20042.09790533781	-19254.687068462372	-18783.856761336327	-6957.268762648106	-15320.967709422112	-21390.261452257633	-35183.59369838238	-20593.00619083643	-58458.17648810148	-70144.68353456259	-63824.52639591694	-17483.76274806261
-5905.96474647522	-4932.42727971077	-5500.162437438965	-7547.929725408554	-74412.93710917234	-5582.662170886993	-22706.116978645325	-62239.551820874214	-21822.69304162264	-21550.85683184862	-20940.60494530201	-19653.39908206463	-6241.063129365444	-12016.51446479559	-22543.45051896572	-37203.15909945965	-21501.304495453835	-57917.991705715656	-69653.19558620453	-63385.81880927086	-20361.745539844036
-6232.3834018707275	-5240.126422166824	-5151.489845991135	-7819.27272772789	-72875.55893397331	-5709.67060136795	-22296.346903562546	-60933.25176155567	-21423.35583204031	-21158.189917862415	-20559.234929084778	-19293.635245144367	-6676.892919480801	-11759.797888100147	-22082.42739146948	-36422.92027103901	-21072.778013527393	-56750.35130465031	-68217.09535717964	-62122.59480649233	-20018.65109205246
-5899.698848366737	-5493.209399461746	-5399.659264326096	-8004.276527166367	-71622.82744073868	-5844.497078418732	-21961.713567495346	-59880.036848306656	-21107.181235074997	-20808.606028556824	-20239.58006221056	-18964.84456962347	-7019.393485963345	-11517.56276768446	-21722.274822950363	-35807.03667604923	-20720.489166498184	-55764.53046655655	-67037.22516965866	-61033.184255838394	-19773.59917086363
-6772.59373664856	-6258.457920074463	-6404.106296539307	-5577.765418350697	-70127.83786338568	-7305.836156845093	-19933.112106084824	-58847.61924082041	-18469.685485959053	-18848.947626531124	-18079.672898471355	-17657.611340105534	-8207.504828751087	-13330.08684360981	-20106.54721802473	-32963.95603263378	-19330.934683084488	-54865.85602349043	-65753.76628887653	-59868.52757549286	-16196.118165194988
-6655.155944824219	-6188.788368225098	-6202.892181396484	-9658.232147216797	-70202.25467604399	-7412.450956821442	-20048.296446800232	-59041.96810853481	-18829.130262434483	-19068.4654211998	-18364.16892272234	-17898.728921830654	-7982.939642429352	-8858.915846347809	-20262.299365222454	-33086.81112796068	-19399.42426919937	-54992.90305972099	-65657.05775290728	-59859.60550570488	-16501.515110373497
-6269.171672463417	-6304.369716644287	-5798.442990064621	-9674.963586688042	-69806.62183588743	-6740.0121121406555	-19901.918646514416	-58467.97929483652	-18281.005364775658	-18614.81856048107	-17937.05910474062	-17601.750506937504	-8313.05141788721	-14501.350593209267	-19970.748657405376	-32788.383717656136	-19166.270293593407	-54482.27612888813	-65416.467260956764	-59599.73377120495	-21500.235452473164
-6355.3992038965225	-6411.061023712158	-5888.624569654465	-9001.374705791473	-69337.00115150213	-4752.069664478302	-19760.198815107346	-58120.89088112116	-18186.08320015669	-18580.326608181	-17836.290621221066	-17417.666731774807	-8489.510496199131	-14326.305784344673	-19790.797952115536	-32497.10201138258	-19055.326497733593	-54187.74155199528	-65018.71441113949	-59173.55178374052	-17455.8903811574
-6322.471391320229	-6441.8713455200195	-6451.061599731445	-9843.235946655273	-68949.52318280935	-7547.277433872223	-19713.663110733032	-57988.7531952858	-18512.95566546917	-18718.881531894207	-18044.51405584812	-17569.938246309757	-8325.440208911896	-8616.680725932121	-19902.14679670334	-32470.927532970905	-19047.135422170162	-54007.082221627235	-64477.187565386295	-58770.194955050945	-16256.463189184666
-6981.574600219727	-6496.487510681152	-5854.219589948654	-9929.575149536133	-68664.87650084496	-7539.459387302399	-19638.526371717453	-57735.66804921627	-18429.793052852154	-18675.798507213593	-17982.798906505108	-17538.965084910393	-8418.769432544708	-8602.199269652367	-19801.27623772621	-32306.572299540043	-18970.89778727293	-53825.26265865564	-64220.95752388239	-58596.38150292635	-16158.42066258192
-7092.246072769165	-6010.808551073074	-6579.618827819824	-9368.727250933647	-69004.35439777374	-6134.216366291046	-21071.178350389004	-57565.56523936987	-20214.81253695488	-19899.968581795692	-19408.63035172224	-18234.74793434143	-7709.263638913631	-12210.190809071064	-20941.32509022951	-34472.958193302155	-19958.49249905348	-53565.98518157005	-64478.113132715225	-58682.503526866436	-21508.214152514935
-7178.4736042022705	-6117.499858140945	-6669.800407409668	-8695.138370037079	-68534.73371338844	-4146.273918628693	-20929.458518981934	-57218.47682565451	-20119.89037233591	-19865.47662949562	-19307.861868202686	-18050.664159178734	-7885.722717225552	-12035.14600020647	-20761.37438493967	-34181.6764870286	-19847.548703193665	-53271.4506046772	-64080.36028289795	-58256.32153940201	-17463.86908119917
-7238.666931152344	-6733.504539489746	-6749.903228759766	-9051.970807909966	-67471.3469876647	-7689.2579255104065	-19293.176446318626	-56784.412370204926	-18097.632805645466	-18348.944927334785	-17646.797358572483	-17221.093404710293	-8736.851019382477	-8363.2056183815	-19484.011561095715	-31796.4418643713	-18642.559905052185	-52875.929362773895	-63147.059046030045	-57561.265446960926	-17061.789112448692
-7565.085586547852	-7041.203681945801	-6401.230637311935	-9323.313810229301	-65933.96881246567	-7816.2663559913635	-18883.406371235847	-55478.11231088638	-17698.295596063137	-17956.27801334858	-17265.42734235525	-16861.32956779003	-9172.680809497833	-8106.489041686058	-19022.988433599472	-31016.20303595066	-18214.033423125744	-51708.288961708546	-61710.95881700516	-56298.041444182396	-16718.694664657116
-7232.401033043861	-7294.286659240723	-6649.400055646896	-9508.317609667778	-64681.23731923103	-7951.092833042145	-18548.773035168648	-54424.89739763737	-17382.120999097824	-17606.694124042988	-16945.772475481033	-16532.538892269135	-9515.181375980377	-7864.2539212703705	-18662.835865080357	-30400.319440960884	-17861.744576096535	-50722.46812361479	-60531.08862948418	-55208.63089352846	-16473.642743468285
-8172.91322517395	-7070.395045518875	-7631.790008544922	-5121.614545047283	-63804.553068459034	-7238.6822872161865	-19602.848398327827	-53328.13447445631	-18956.483394801617	-18672.326350688934	-18132.84769821167	-16924.41873794794	-9135.958783328533	-10044.265134394169	-19477.660150706768	-31962.038821280003	-18585.477195441723	-49679.13014006615	-59689.443037211895	-54300.32271897793	-16176.224498331547
-8441.383722305298	-7153.183505296707	-7748.300926208496	-10438.552102923393	-63008.99392127991	-7299.880020618439	-19259.217188715935	-52734.2741035223	-18448.019138395786	-18185.915355980396	-17740.07319444418	-16792.275304555893	-9374.361052930355	-15311.03350776434	-19119.627354860306	-31519.329116284847	-18280.63111382723	-49061.77973562479	-59050.82316595316	-53770.866342544556	-15861.935276031494
-7755.718692421913	-7222.99814915657	-7116.30828166008	-8545.22383248806	-63013.71635657549	-4684.915794849396	-19429.93510735035	-52601.40611475706	-18672.881108999252	-18403.70533233881	-17889.46542096138	-16684.474129617214	-9417.964450776577	-11040.484075129032	-19161.910884797573	-31495.1848000288	-18309.869010090828	-49001.015668570995	-58954.39115947485	-53605.34692722559	-17435.996714293957
-8424.948257446289	-7811.885810852051	-7829.359619140625	-10872.768333435059	-62062.7642762661	-8240.81212091446	-17658.237818062305	-52110.42578870058	-16489.752300977707	-16698.056677281857	-16114.822764992714	-15802.442256987095	-10205.051528930664	-8556.881962656975	-17881.886132359505	-29066.240958213806	-17099.74790865183	-48523.92283862829	-57971.97659254074	-52857.9501645565	-18208.25772511959
-8511.175788879395	-7918.577117919922	-7919.541198730469	-10199.17945253849	-61593.1435918808	-6252.869673252106	-17516.517986655235	-51763.33737498522	-16394.830136358738	-16663.564724981785	-16014.05428147316	-15618.358481824398	-10381.510607242584	-8381.837153792381	-17701.935427069664	-28774.95925194025	-16988.804112792015	-48229.38826173544	-57574.223742723465	-52431.768177092075	-14163.912653803825
-8125.191516518593	-8034.158466339111	-7515.092007398605	-10215.910892009735	-61197.51075172424	-5580.43082857132	-17370.14018636942	-51189.348561286926	-15846.705238699913	-16209.917864263058	-15586.94446349144	-15321.380066931248	-10711.622382700443	-14024.27190065384	-17410.384719252586	-28476.531841635704	-16755.65013718605	-47718.76133090258	-57333.63325077295	-52171.896442592144	-19162.632995903492
-9505.615409851074	-8871.472305297852	-8881.530799865723	-6625.655627548695	-56862.96294695139	-9345.2780418396	-16189.90786600113	-47872.99502378702	-15231.423158824444	-15470.414446175098	-14839.040111482143	-14492.113060593605	-11631.746673345566	-6390.95628798008	-16418.22119283676	-26555.321586191654	-15726.732605040073	-44637.067797124386	-53183.30649703741	-48475.769356667995	-12876.268070936203
-9774.085906982422	-8954.260765075684	-8998.041717529297	-11942.593185424805	-56067.40379977226	-9406.475775241852	-15846.276656389236	-47279.13465285301	-14722.958902418613	-14984.00345146656	-14446.265607714653	-14359.969627201557	-11870.148942947388	-11657.72466135025	-16060.1883969903	-26112.6118811965	-15421.886523425579	-44019.71739268303	-52544.686625778675	-47946.31298023462	-12561.97884863615
-9172.930856347084	-9124.555282592773	-9129.700218200684	-6810.659426987171	-55610.231453716755	-9480.10451889038	-15855.27452993393	-46819.780110538006	-14915.24856185913	-15120.830556869507	-14519.385244607925	-14163.322385072708	-11974.24723982811	-6148.721167564392	-16058.068624317646	-25939.437991201878	-15374.443758010864	-43651.24695903063	-52003.43630951643	-47386.35880601406	-12631.216149747372
-9832.034065246582	-9179.171447753906	-8532.858208417892	-6896.998629868031	-55325.58477175236	-9472.286472320557	-15780.13779091835	-46566.69496446848	-14832.085949242115	-15077.747532188892	-14457.670095264912	-14132.349223673344	-12067.576463460922	-6134.239711284637	-15957.198065340519	-25775.082757771015	-15298.206123113632	-43469.427396059036	-51747.206268012524	-47212.545353889465	-12533.173623144627
-10028.933069229126	-8800.1837952137	-9348.439025878906	-5662.561850368977	-55195.441984295845	-6079.101003646851	-17071.06993818283	-46049.503740906715	-16522.183268725872	-16267.42565447092	-15782.73305696249	-14644.048297941685	-11534.529748141766	-9567.186441838741	-16917.296212553978	-27650.18694525957	-16174.857039034367	-42915.61534208059	-51606.609027028084	-46872.485390365124	-13838.622041761875
-10089.1263961792	-9416.1884765625	-9428.541847229004	-6019.394288241863	-54132.0552585721	-9622.085010528564	-15434.787865519524	-45615.439285457134	-14499.925702035427	-14750.893952310085	-14121.668547332287	-13814.477543473244	-12385.65805029869	-5895.246060013771	-15639.933388710022	-25264.952322602272	-14969.868240892887	-42520.09410017729	-50673.30779016018	-46177.42929792404	-13436.542073011398
-10415.545051574707	-9723.887619018555	-9079.869255781174	-6290.737290561199	-52594.67708337307	-9749.093441009521	-15025.017790436745	-44309.13922613859	-14100.588492453098	-14358.22703832388	-13740.298531115055	-13454.713706552982	-12821.487840414047	-5638.529483318329	-15178.91026121378	-24484.713494181633	-14541.341758966446	-41352.45369911194	-49237.20756113529	-44914.20529514551	-13093.447625219822
-10082.860498070717	-9976.970596313477	-9328.038674116135	-6475.741089999676	-51341.945590138435	-9883.919918060303	-14690.384454369545	-43255.924312889576	-13784.413895487785	-14008.643149018288	-13420.643664240837	-13125.923031032085	-13163.988406896591	-5396.294362902641	-14818.757692694664	-23868.829899191856	-14189.052911937237	-40366.63286101818	-48057.33737361431	-43824.79474449158	-12848.39570403099
-10606.178157448769	-9905.682086229324	-9794.946900129318	-5512.647312819958	-49674.42462748289	-6617.742879867554	-15571.546526551247	-41432.43303000927	-15075.174005389214	-14805.65435731411	-14364.336609721184	-13277.858268380165	-13066.771481692791	-8572.524516761303	-15317.83271241188	-24963.695258259773	-14637.17734593153	-38645.18040597439	-46480.639903604984	-42221.510778188705	-13810.749674856663
-11174.405395507812	-9766.197890520096	-10225.725429534912	-11486.442312121391	-49744.11900484562	-9339.321905612946	-15516.01294863224	-41759.649886488914	-15209.756811261177	-14807.38217562437	-14499.440407454967	-13626.777025043964	-12798.602897524834	-8371.90295213461	-15431.301329672337	-25110.69466984272	-14676.429035782814	-38832.99150925875	-46480.36337411404	-42378.10812371969	-12542.085181772709
-11275.407722473145	-10494.569747924805	-10507.998237609863	-7840.191813766956	-48723.4725471735	-10173.639205932617	-13799.849237263203	-40941.45270395279	-12892.045197367668	-13100.005702257156	-12589.693953752518	-12395.826395750046	-13853.858559846878	-6088.922404289246	-14037.807959973812	-22534.75141644478	-13427.05624449253	-38168.087576031685	-45498.225336670876	-41474.11401551962	-14583.010685682297
-11361.63525390625	-10601.261054992676	-10598.179817199707	-7166.602932870388	-48253.8518627882	-8185.696758270264	-13658.129405856133	-40594.36429023743	-12797.1230327487	-13065.513749957085	-12488.925470232964	-12211.742620587349	-14030.317638158798	-5913.877595424652	-13857.857254683971	-22243.469710171223	-13316.112448632717	-37873.55299913883	-45100.4724868536	-41047.93202805519	-10538.665614366531
-10874.648654580116	-9988.470546007156	-9911.457817792892	-10829.584870696068	-48878.865480303764	-6678.940613269806	-15227.915316939354	-40838.57265907526	-14566.709748983383	-14319.243362605572	-13971.562105953693	-13145.714834988117	-13305.173751294613	-13839.292890131474	-14959.799916565418	-24520.985553264618	-14332.331264317036	-38027.83000153303	-45842.02003234625	-41692.05440175533	-13496.46045255661
-12624.545372009277	-11636.944702148438	-11676.680335998535	-8910.016665756702	-42728.112070679665	-11339.30286026001	-11987.888075590134	-36110.16156810522	-11125.251798808575	-11385.95247644186	-10921.136796474457	-10953.353765964508	-15518.955973863602	-9189.765102982521	-12216.110224604607	-19581.12233942747	-11749.194859266281	-33663.88213008642	-40070.93536990881	-36562.47683119774	-8936.731809198856
-11938.880342125893	-11706.7593460083	-11044.687691450119	-7016.688395321369	-42732.83450597525	-8724.338634490967	-12158.605994224548	-35977.29357933998	-11350.11376941204	-11603.742452800274	-11070.529022991657	-10845.55259102583	-15562.559371709824	-4919.215670347214	-12258.393754541874	-19556.978023171425	-11778.43275552988	-33603.11806303263	-39974.5033634305	-36396.95741587877	-10510.793247461319
-13030.425239562988	-11495.98664021492	-11942.374446868896	-12027.389617443085	-41135.00792068243	-8179.74062204361	-12984.234488487244	-34481.01915293932	-12775.456685185432	-12402.481479406357	-12149.325766205788	-11346.406585037708	-15197.173862338066	-7894.824259579182	-12870.937391519547	-20798.84279382229	-12265.808879375458	-32069.476711273193	-38397.529363930225	-34950.27079510689	-10204.482725203037
-12644.440967202187	-11611.56798863411	-11537.925255537033	-12044.12105691433	-40739.375080525875	-7507.3017773628235	-12837.856688201427	-33907.03033924103	-12227.331787526608	-11948.83461868763	-11722.215948224068	-11049.428170144558	-15527.285637795925	-13537.25900644064	-12579.386683702469	-20500.415383517742	-12032.654903769493	-31558.84978044033	-38156.93887197971	-34690.39906060696	-15203.203067302704
-14024.864860534668	-12448.88182759285	-12904.36404800415	-8453.865792453289	-36404.82727575302	-11272.148990631104	-11657.624367833138	-30590.676801741123	-11612.049707651138	-11209.33120059967	-10974.311596214771	-10220.161163806915	-16447.409928441048	-5903.94339376688	-11587.223157286644	-18579.205128073692	-11003.737371623516	-28477.15624666214	-34006.61211824417	-30994.271974682808	-8916.838142335415
-13725.108119606972	-12671.15448307991	-12590.09643626213	-7797.008351027966	-35539.57375121117	-8611.767698287964	-11369.526736140251	-29669.59957432747	-10969.002645373344	-10721.192387580872	-10446.433294713497	-9739.098973751068	-16953.980782210827	-11371.333331763744	-11115.721744179726	-17989.49601149559	-10659.639600157738	-27671.994738936424	-33368.26877647638	-30308.21825271845	-9871.213413119316
-13607.670327782631	-12601.484931230545	-12388.882321119308	-11877.475079894066	-35613.990563869476	-8718.382498264313	-11484.71107685566	-29863.948442041874	-11328.447421848774	-10940.710182249546	-10730.929318964481	-9980.216555476189	-16729.41559588909	-6900.162334501743	-11271.473891377449	-18112.35110682249	-10728.129186272621	-27799.04177516699	-33271.560240507126	-30299.29618293047	-10176.610358297825
-13692.180307030678	-12701.964804887772	-13152.533466339111	-8638.869591891766	-35152.09578251839	-11406.975467681885	-11322.991031765938	-29537.461888492107	-11295.875110685825	-10859.747311294079	-10654.656729340553	-9891.370488286018	-16789.91049492359	-5661.7082733511925	-11227.070588767529	-17963.321533083916	-10651.448524594307	-27491.335408568382	-32826.74193072319	-29904.861424028873	-8671.786221146584
-14351.283515930176	-12756.580970048904	-12555.69145655632	-8725.208794772625	-34867.44910055399	-11399.15742111206	-11247.854292750359	-29284.37674242258	-11212.71249806881	-10816.664286613464	-10592.94157999754	-9860.397326886654	-16883.239718556404	-5647.226817071438	-11126.200029790401	-17798.966299653053	-10575.210889697075	-27309.51584559679	-32570.511889219284	-29731.047971904278	-8573.743694543839
-14608.375846862793	-12993.597998857498	-13451.375095367432	-7847.604453146458	-33673.91958737373	-11548.955959320068	-10902.504367351532	-28333.121063411236	-10880.552250862122	-10489.810706734657	-10256.940032064915	-9542.525646686554	-17201.321305394173	-5408.233165800571	-10808.935353159904	-17288.83586448431	-10246.87300747633	-26360.182549715042	-31496.61341136694	-28695.931915938854	-9477.11214441061
-14934.7945022583	-13301.297141313553	-13102.702503919601	-8118.947455465794	-32136.5414121747	-11675.964389801025	-10492.734292268753	-27026.821004092693	-10481.215041279793	-10097.143792748451	-9875.570015847683	-9182.761809766293	-17637.15109550953	-5151.516589105129	-10347.912225663662	-16508.59703606367	-9818.346525549889	-25192.542148649693	-30060.513182342052	-27432.707913160324	-9134.017696619034
-14602.10994875431	-13554.380118608475	-13350.871922254562	-8303.95125490427	-30883.809918940067	-11810.790866851807	-10158.100956201553	-25973.606090843678	-10165.04044431448	-9747.55990344286	-9555.915148973465	-8853.971134245396	-17979.651661992073	-4909.281468689442	-9987.759657144547	-15892.713441073895	-9466.05767852068	-24206.721310555935	-28880.64299482107	-26343.29736250639	-8888.965775430202
-15057.810304284096	-14472.231742858887	-13839.837227582932	-9301.049433529377	-28597.98362970352	-10718.363452911377	-7956.586203813553	-24214.46012365818	-7243.942409396172	-7519.280483067036	-7152.625707983971	-7306.793296396732	-19449.76867222786	-7718.024485349655	-8056.282786309719	-12582.778776407242	-7800.895009756088	-22629.932395994663	-26862.1322363019	-24483.664890408516	-6571.256985723972
-15794.657173156738	-14071.979270219803	-14530.831485748291	-9668.40197867155	-28265.336875975132	-12100.510154724121	-9267.565739095211	-23659.13448190689	-9272.671746194363	-8838.922456681728	-8724.965438485146	-8123.874498963356	-18669.52181494236	-5601.909510076046	-9206.809924423695	-14558.634958326817	-8704.061011075974	-22008.17602556944	-26321.530957877636	-23992.61663353443	-10623.580757081509
-15880.884704589844	-14178.670577287674	-14621.013065338135	-8994.813097774982	-27795.716191589832	-10112.567707061768	-9125.84590768814	-23312.04606819153	-9177.749581575394	-8804.430504381657	-8624.196954965591	-7939.790723800659	-18845.98089325428	-5426.8647012114525	-9026.859219133854	-14267.35325205326	-8593.11721521616	-21713.641448676586	-25923.77810806036	-23566.434646070004	-6579.235685765743
-15494.900432229042	-14294.251925706863	-14216.563874006271	-9011.544537246227	-27400.083351433277	-9440.128862380981	-8979.468107402325	-22738.057254493237	-8629.624683916569	-8350.78364366293	-8197.087136983871	-7642.812308907509	-19176.09266871214	-11069.29944807291	-8735.308511316776	-13968.925841748714	-8359.963239610195	-21203.014517843723	-25683.187616109848	-23306.562911570072	-11577.95602786541
-15548.200151085854	-14431.753554582596	-14869.182483673096	-9179.816897213459	-26542.984698355198	-10247.394184112549	-8791.212571620941	-22258.831154942513	-8861.57498461008	-8454.846615076065	-8304.542088091373	-7611.000048279762	-19188.481459736824	-5184.629580795765	-8666.706650614738	-13651.469657063484	-8240.82836818695	-20727.82061058283	-24743.90792053938	-22477.02409541607	-6334.183764576912
-16207.303359985352	-14486.369719743729	-14272.340473890305	-9266.156100094318	-26258.3380163908	-10239.576137542725	-8716.075832605362	-22005.746008872986	-8778.412371993065	-8411.76359039545	-8242.82693874836	-7580.026886880398	-19281.810683369637	-5170.14812451601	-8565.836091637611	-13487.114423632622	-8164.590733289719	-20546.001047611237	-24487.677879035473	-22303.210643291473	-6236.141237974167
-16464.39569091797	-14723.386748552322	-15168.024112701416	-8388.551758468151	-25064.808503210545	-10389.374675750732	-8370.725907206535	-21054.49032986164	-8446.252124786377	-8084.9100105166435	-7906.825390815735	-7262.155206680298	-19599.892270207405	-4931.154473245144	-8248.571415007114	-12976.983988463879	-7836.2528510689735	-19596.66775172949	-23413.77940118313	-21268.09458732605	-7139.509687840939
-15874.618806481361	-14739.45269703865	-14520.509892225266	-9451.159899532795	-25005.606523156166	-10374.402614593506	-8381.442496538162	-20952.53109562397	-8462.237775027752	-8062.179701089859	-7923.172071874142	-7251.236211359501	-19624.31124985218	-4927.913004100323	-8205.683523118496	-12871.230828642845	-7812.3018862605095	-19560.18020951748	-23307.807691514492	-21213.80009263754	-5991.0893167853355
-16131.711137413979	-14976.469725847244	-15416.193531036377	-8573.555557906628	-23812.07700997591	-10524.201152801514	-8036.092571139336	-20001.275416612625	-8130.077527821064	-7735.326121211052	-7587.170523941517	-6933.364531159401	-19942.39283668995	-4688.919352829456	-7888.418846487999	-12361.100393474102	-7483.964004039764	-18610.84691363573	-22233.909213662148	-20178.684036672115	-6894.457766652107
-16790.814346313477	-15031.085891008377	-14819.351521253586	-8659.894760787487	-23527.430328011513	-10516.38310623169	-7960.955832123756	-19748.1902705431	-8046.914915204048	-7692.2430965304375	-7525.455374598503	-6902.3913697600365	-20035.72206032276	-4674.437896549702	-7787.548287510872	-12196.74516004324	-7407.726369142532	-18429.02735066414	-21977.67917215824	-20004.87058454752	-6796.415240049362
-17143.79482269287	-15214.354224443436	-15699.513584136963	-10738.226830661297	-22269.976399481297	-13266.173809051514	-7455.604577422142	-18827.843346059322	-7505.878347635269	-7124.869230866432	-7056.408281207085	-6681.401869177818	-20334.619228959084	-8702.752208769321	-7385.112189054489	-11605.00588130951	-7026.199625849724	-17503.970579624176	-20894.24099111557	-19080.97944921255	-4977.301880598068
-16458.129792809486	-15284.168868303299	-15067.520939588547	-8844.898560225964	-22274.69883477688	-10651.20958328247	-7626.322496056557	-18694.975357294083	-7730.740318238735	-7342.659207224846	-7205.800507724285	-6573.60069423914	-20378.222626805305	-4432.202776134014	-7427.395718991756	-11580.861565053463	-7055.437522113323	-17443.20651257038	-20797.80898463726	-18915.460033893585	-6551.363318860531
-16726.600289940834	-15366.957328081131	-15184.031857252121	-14161.836118102074	-21479.13968759775	-10712.407316684723	-7282.691286444664	-18101.114986360073	-7222.276061832905	-6856.248212516308	-6813.026003956795	-6441.457260847092	-20616.624896407127	-9698.971149504185	-7069.362923145294	-11138.151860058308	-6750.591440498829	-16825.856108129025	-20159.189113378525	-18386.003657460213	-6237.074096560478
-16827.602616906166	-16095.32918548584	-15466.304665327072	-10515.585619747639	-20458.493229925632	-11546.724617004395	-5566.527575075626	-17282.917803823948	-4904.564447939396	-5148.871739149094	-4903.279550254345	-5210.506631553173	-21671.88055872917	-7415.990601658821	-5675.86955344677	-8562.208606660366	-5501.218649208546	-16160.952174901962	-19177.051075935364	-17482.00954926014	-8277.999600470066
-17650.677017211914	-15801.768019914627	-16247.480503082275	-10209.349283993244	-19656.225791811943	-10940.928871154785	-6735.787278950214	-16380.503748357296	-6838.371620118618	-6434.021760463715	-6374.850797235966	-5843.5040589571	-21068.092779755592	-5124.830817520618	-6646.4459862709045	-10246.783082306385	-6293.440854668617	-15244.661227583885	-18238.696947693825	-16564.779304921627	-8285.978300511837
-17721.039910912514	-16319.85251545906	-16146.021458387375	-10588.312293112278	-16748.959042668343	-13804.815685272217	-5956.081165790558	-14210.772635161877	-6058.869084298611	-5663.097933709621	-5638.011833965778	-5315.211839616299	-21866.86096251011	-7708.090283691883	-5785.648688912392	-8918.514194309711	-5488.519932746887	-13233.535643517971	-15768.27186769247	-14430.004837036133	-4949.429513692856
-18227.922105431557	-16907.266310930252	-16693.988377332687	-10059.434746444225	-14135.20843499899	-11479.570747375488	-5236.26386731863	-11763.43303745985	-5391.3623567819595	-4972.250463306904	-4956.454349994659	-4477.31402939558	-22600.334513306618	-4130.16889244318	-5046.982486128807	-7560.291395306587	-4755.761161565781	-10974.22629147768	-13112.727824270725	-11913.804692745209	-8258.105933606625
-18999.814666748047	-16944.14297413826	-17416.162601470947	-11279.17413598299	-13660.865315318108	-12106.592525482178	-4923.826117277145	-11549.212612509727	-5071.5782215595245	-4719.968534648418	-4706.293639957905	-4401.031429171562	-22733.190193772316	-8225.673516213894	-4824.748250901699	-7293.154005289078	-4615.579469442368	-10740.455781638622	-12811.406980931759	-11653.142120599747	-2639.6994240283966
-18496.392602562904	-16990.054770708084	-16810.49929499626	-15376.372304320335	-13339.649287819862	-11540.76848077774	-4892.6326577067375	-11169.57266652584	-4882.898100376129	-4485.839468598366	-4563.679846227169	-4345.170596003532	-22838.73678290844	-9396.93726581335	-4688.949690282345	-7117.581690311432	-4450.915079951286	-10356.875887036324	-12474.10795301199	-11384.348316311836	-7943.816711306572
-18667.130113244057	-17197.22595143318	-17664.33201980591	-11464.177935421467	-12408.133822083473	-12241.419002532959	-4589.192781209946	-10495.997699260712	-4755.403624594212	-4370.384645342827	-4386.638773083687	-4072.2407536506653	-23075.69076025486	-7983.438395798206	-4464.595682382584	-6677.270410299301	-4263.290622413158	-9754.634943544865	-11631.536793410778	-10563.731569945812	-2394.6475028395653
-18993.548768639565	-17504.925093889236	-17315.659428358078	-11735.520937740803	-10870.755646884441	-12368.427433013916	-4179.422706127167	-9189.69763994217	-4356.066415011883	-3977.717731356621	-4005.268756866455	-3712.476916730404	-23511.520550370216	-7726.721819102764	-4003.572554886341	-5897.031581878662	-3834.764140486717	-8586.994542479515	-10195.436564385891	-9300.507567167282	-2051.553055047989
-19250.64109957218	-17741.94212269783	-18211.34306716919	-10857.916596114635	-9677.226133704185	-12518.225971221924	-3834.07278072834	-8238.441960930824	-4023.906167805195	-3650.8641514778137	-3669.2672089338303	-3394.605236530304	-23829.602137207985	-7487.728167831898	-3686.307878255844	-5386.901146709919	-3506.426258265972	-7637.661246597767	-9121.538086533546	-8265.391511201859	-2954.9215049147606
-19909.74430847168	-17796.558287858963	-17614.5010573864	-10944.255798995495	-9392.579451739788	-12510.4079246521	-3758.936041712761	-7985.356814861298	-3940.743555188179	-3607.7811267971992	-3607.5520595908165	-3363.6320751309395	-23922.931360840797	-7473.246711552143	-3585.437319278717	-5222.545913279057	-3430.18862336874	-7455.841683626175	-8865.30804502964	-8091.578059077263	-2856.8789783120155
-19490.832223534584	-17942.949958086014	-17772.488896131516	-11802.84847933054	-8609.468642890453	-14633.176849365234	-3566.0225370526314	-7279.230315327644	-3719.491122841835	-3292.6891897916794	-3388.6656762361526	-3218.9251747727394	-24088.97284901142	-7406.056400001049	-3405.2354560494423	-4897.944024562836	-3188.8435721993446	-6764.55542242527	-8083.190707325935	-7428.349495887756	-6656.17212843895
-19577.05975496769	-18049.641265153885	-17862.67047572136	-11129.259598433971	-8139.847958505154	-12645.23440170288	-3424.302705645561	-6932.141901612282	-3624.568958222866	-3258.1972374916077	-3287.8971927165985	-3034.8413996100426	-24265.43192732334	-7231.0115911364555	-3225.2847507596016	-4606.66231828928	-3077.899776339531	-6470.020845532417	-7685.437857508659	-7002.167508423328	-2611.827057123184
-20769.606979370117	-18567.240416765213	-19042.630039215088	-12493.710322201252	-5521.374915540218	-12934.953689575195	-2533.767488539219	-4617.670292675495	-2732.200260102749	-2349.5597907304764	-2456.947482228279	-2304.744764328003	-24955.30208027363	-7923.63963252306	-2444.3350180387497	-3272.583835542202	-2315.903108894825	-4271.475560545921	-5126.325820565224	-4651.48677945137	-4346.44203877449
-20436.922425866127	-18820.323394060135	-19290.79945755005	-12678.714121639729	-4268.643422305584	-13069.780166625977	-2199.134152472019	-3564.4553794264793	-2416.025663137436	-1999.9759014248848	-2137.292615354061	-1975.954088807106	-25297.802646756172	-7681.404512107372	-2084.1824495196342	-2656.7002405524254	-1963.6142618656158	-3285.6547224521637	-3946.455633044243	-3562.0762287974358	-4101.390117585659
-20763.341081261635	-19128.02253651619	-18942.12686610222	-12950.057123959064	-2731.265247106552	-13196.788597106934	-1789.3640773892403	-2258.155320107937	-2016.6884535551071	-1607.3089874386787	-1755.9225991368294	-1616.1902518868446	-25733.63243687153	-7424.68793541193	-1623.1593220233917	-1876.4614121317863	-1535.0877799391747	-2118.014321386814	-2510.355404019356	-2298.8522260189056	-3758.2956697940826
-21020.433412194252	-19365.039565324783	-19837.81050491333	-12072.452782332897	-1537.7357339262962	-13346.587135314941	-1444.0141519904137	-1306.899641096592	-1684.5282063484192	-1280.4554075598717	-1419.9210512042046	-1298.3185716867447	-26051.714023709297	-7185.694284141064	-1305.8946453928947	-1366.3309769630432	-1206.7498977184296	-1168.681025505066	-1436.4569261670113	-1263.736170053482	-4661.664119660854
-21679.53662109375	-19419.655730485916	-19240.96849513054	-12158.791985213757	-1253.0890519618988	-13338.769088745117	-1368.8774129748344	-1053.8144950270653	-1601.3655937314034	-1237.3723828792572	-1358.2059018611908	-1267.3454102873802	-26145.04324734211	-7171.212827861309	-1205.0240864157677	-1201.9757435321808	-1130.5122628211975	-986.861462533474	-1180.226884663105	-1089.9227179288864	-4563.621593058109
-21346.85206758976	-19672.738707780838	-19489.1379134655	-12343.795784652233	-0.3575587272644043	-13473.595565795898	-1034.2440769076347	-0.599581778049469	-1285.1909967660904	-887.7884935736656	-1038.5510349869728	-938.5547347664833	-26487.543813824654	-6928.9777074456215	-844.8715178966522	-586.0921485424042	-778.2234157919884	-1.0406244397163391	-0.356697142124176	-0.5121672749519348	-4318.569671869278
