-5846.594584047794	-3431.243944168091	-446.9513992071152	-468.3817943930626	-8397.052209436893	-8712.835645735264	-392.69957304000854	-529.7131380438805	-343.0914461016655	-3874.1751031279564	-8483.041594684124	-5607.772954523563	-3195.163130879402	-8648.84449928999	-323.73634707927704	-8886.956843197346	-8747.464604973793	-3947.145378291607	-8789.49921810627	-450.3140267729759	-327.1962368488312	-138.4883474111557	-8725.162230968475	-5677.173666477203	-1237.131354033947	-1469.2714065909386	-1964.1331776976585	-915.6160790920258	-8771.956593751907	-1296.2169842123985	-540.4477064609528	-1163.250082373619	-446.5123236179352	-1770.5057609677315	-8681.258585453033	-162.58312380313873	-371.9867647886276	-1496.1865370869637	-1258.3777707219124	-5252.8808462023735	-8647.473880887032	-479.6125165820122	-1258.0431942343712	-8637.531284153461	-553.9792825579643	-2848.374355971813	-2123.369654715061	-912.9950930476189	-122.09151476621628	-5140.315851151943
-5781.042622148991	-3477.8425731658936	-496.18741261959076	-518.0523094534874	-8340.042459070683	-8655.122891128063	-361.0536894798279	-581.4754390120506	-401.8212199807167	-3845.4440053105354	-8432.739583909512	-5554.105168282986	-3253.4269820451736	-8615.522855460644	-374.7465189695358	-8857.38948327303	-8698.010331869125	-3881.922438800335	-8738.044367015362	-504.59515327215195	-373.1434051990509	-71.68139952421188	-8700.850916743279	-5615.621468544006	-1286.4404351115227	-1522.9905957579613	-2024.2554997205734	-973.4159920215607	-8723.162418186665	-1351.4064754843712	-588.9982588291168	-1223.140164732933	-508.1574022769928	-1832.5231216549873	-8617.87349897623	-70.85248255729675	-438.5873984694481	-1551.2205291986465	-1330.4798184037209	-5213.191486895084	-8579.617481350899	-541.8598548769951	-1320.4223492741585	-8585.946557343006	-601.7060839533806	-2897.0315229296684	-2175.966140806675	-976.1687095761299	-75.19235438108444	-5092.206116974354
-5668.224550485611	-3669.0668997764587	-685.2578753232956	-687.4864086508751	-8208.927751541138	-8528.032595276833	-111.04756206274033	-764.6122601628304	-78.42475992441177	-4078.2073288559914	-8291.195022821426	-5868.090236485004	-3437.4847540855408	-8417.898979246616	-83.85635018348694	-8622.714441001415	-8546.146492600441	-4177.364405691624	-8531.61082315445	-683.6713833212852	-94.19800198078156	-368.5849859714508	-8549.49666839838	-5891.616330265999	-1481.4494207501411	-1713.6637472510338	-2194.314269542694	-1127.6907544732094	-8514.081521868706	-1531.7729569673538	-805.1901794672012	-959.0279875397682	-681.4587666392326	-2000.1706823706627	-8449.800550758839	-416.3571315407753	-72.88622725009918	-1726.97202283144	-1489.1033137440681	-5501.837419629097	-8388.12180942297	-741.1627895236015	-1510.4621792435646	-8464.838288962841	-773.4267734885216	-3075.581387937069	-2367.3360630869865	-1133.5387665629387	-345.2948007583618	-5390.978925168514
-5602.672588586807	-3715.6655287742615	-734.4938887357712	-737.1569237112999	-8151.918001174927	-8470.319840669632	-79.40167850255966	-816.3745611310005	-137.15453380346298	-4049.4762310385704	-8240.893012046814	-5814.422450244427	-3495.7486052513123	-8384.57733541727	-134.86652207374573	-8593.147081077099	-8496.692219495773	-4112.141466200352	-8480.155972063541	-737.9525098204613	-140.14517033100128	-301.778038084507	-8525.185354173183	-5830.064132332802	-1530.7585018277168	-1767.3829364180565	-2254.436591565609	-1185.4906674027443	-8465.287346303463	-1586.9624482393265	-853.7407318353653	-1018.9180698990822	-743.1038452982903	-2062.1880430579185	-8386.415464282036	-324.6264902949333	-139.48686093091965	-1782.0060149431229	-1561.2053614258766	-5462.148060321808	-8320.265409886837	-803.4101278185844	-1572.841334283352	-8413.253562152386	-821.1535748839378	-3124.238554894924	-2419.9325491786003	-1196.7123830914497	-298.39564037323	-5342.869190990925
-5408.54225063324	-3893.953775048256	-101.01372772455215	-118.99512159824371	-7938.319713175297	-8382.053459763527	-819.900515794754	-930.5353755354881	-788.1768258810043	-4291.175694823265	-8088.304489314556	-5192.075334429741	-3586.09233802557	-8281.457079708576	-734.9645954370499	-8438.41745120287	-8287.89115446806	-4372.802550911903	-8319.842245280743	-118.32077878713608	-748.9301289319992	-570.0260926485062	-8221.439320802689	-5270.493558704853	-1666.2738562226295	-1894.6638409495354	-1537.816617846489	-1383.7412087917328	-8372.781913161278	-1765.2610261440277	-103.1538855433464	-1595.0121420621872	-867.5723533630371	-1425.1298955082893	-8214.512669920921	-578.275706410408	-786.290996670723	-1930.4291753172874	-1701.855104982853	-4950.575441241264	-8285.396050393581	-917.9104904532433	-1683.2607258558273	-8253.605544149876	-993.2702594995499	-3250.0866674780846	-2571.1228912472725	-1317.6466178297997	-536.355583190918	-4730.71840763092
-5342.990288734436	-3940.5524040460587	-150.24974113702774	-168.66563665866852	-7881.309962809086	-8324.340705156326	-788.2546322345734	-982.2976765036583	-846.9065997600555	-4262.444597005844	-8038.002478539944	-5138.407548189163	-3644.3561891913414	-8248.13543587923	-785.9747673273087	-8408.850091278553	-8238.436881363392	-4307.579611420631	-8268.387394189835	-172.6019052863121	-794.8772972822189	-503.21914476156235	-8197.128006577492	-5208.941360771656	-1715.5829373002052	-1948.383030116558	-1597.9389398694038	-1441.5411217212677	-8323.987737596035	-1820.4505174160004	-151.70443791151047	-1654.9022244215012	-929.2174320220947	-1487.1472561955452	-8151.1275834441185	-486.54506516456604	-852.8916303515434	-1985.4631674289703	-1773.9571526646614	-4910.886081933975	-8217.539650857449	-980.1578287482262	-1745.6398808956146	-8202.02081733942	-1040.9970608949661	-3298.74383443594	-2623.7193773388863	-1380.8202343583107	-489.45642280578613	-4682.608673453331
-5369.10057669878	-3959.2125722169876	-968.9167513251305	-1001.5017938017845	-7937.981280207634	-8188.369560599327	-896.166471362114	-1054.488937318325	-847.4271931052208	-4377.403003752232	-8036.749698400497	-5139.230735003948	-3713.836227416992	-8168.48137652874	-864.7931771874428	-8395.177456498146	-8231.286306798458	-4449.740268051624	-8160.375084042549	-963.5346695780754	-869.4302752017975	-637.5383803844452	-8261.819726467133	-5204.078758180141	-1749.311068058014	-989.0733517408371	-1535.0240864753723	-1419.5818367004395	-8263.611956477165	-860.5681627988815	-1037.0466350317001	-1681.4932584166527	-982.3425607681274	-1319.898374915123	-8233.256931602955	-718.0376553535461	-913.1910272240639	-979.5644762516022	-1738.691958129406	-4768.444917619228	-8162.703812479973	-960.5723559260368	-1742.6335596442223	-8120.100028157234	-128.21125572919846	-3391.8447878956795	-2662.67913210392	-1469.4829409718513	-617.504460811615	-5666.305304825306
-5303.548614799976	-4005.8112012147903	-1018.152764737606	-1051.1723088622093	-7880.971529841423	-8130.6568059921265	-864.5205878019333	-1106.2512382864952	-906.156966984272	-4348.671905934811	-7986.447687625885	-5085.5629487633705	-3772.1000785827637	-8135.159732699394	-915.8033490777016	-8365.61009657383	-8181.83203369379	-4384.517328560352	-8108.920232951641	-1017.8157960772514	-915.3774435520172	-570.7314324975014	-8237.508412241936	-5142.526560246944	-1798.6201491355896	-1042.7925409078598	-1595.1464084982872	-1477.3817496299744	-8214.817780911922	-915.7576540708542	-1085.5971873998642	-1741.3833407759666	-1043.987639427185	-1381.9157356023788	-8169.871845126152	-626.3070141077042	-979.7916609048843	-1034.598468363285	-1810.7940058112144	-4728.755558311939	-8094.84741294384	-1022.8196942210197	-1805.0127146840096	-8068.515301346779	-175.93805712461472	-3440.5019548535347	-2715.2756181955338	-1532.6565575003624	-570.6053004264832	-5618.1955706477165
-5230.172217071056	-4131.776730656624	-339.3202038407326	-338.0997358560562	-7750.195255279541	-8197.250409305096	-538.2485048174858	-1165.434497654438	-523.5101397037506	-4495.2079205513	-7896.4579174518585	-5452.392616391182	-3828.4139612317085	-8050.511559665203	-495.08459854125977	-8174.175049006939	-8086.5730420947075	-4603.02157831192	-8061.953850328922	-351.6781353354454	-515.9318940639496	-800.1227312088013	-8045.7737582325935	-5484.9362224936485	-1910.5919229388237	-2139.0561816096306	-1767.9977096915245	-1595.8158841729164	-8114.906841278076	-2000.816998898983	-367.8963585495949	-1390.7900472283363	-1102.5187963843346	-1654.7948169112206	-7983.0546352267265	-832.0497141480446	-487.1904591321945	-2161.2146610617638	-1932.5806480050087	-5199.532014667988	-8026.04397892952	-1179.4607633948326	-1935.6797108650208	-8080.912548959255	-1212.7177504301071	-3477.2936994433403	-2815.089299619198	-1538.1902913451195	-759.5588691830635	-4981.3814816474915
-5190.730543136597	-4197.0355278253555	-1207.2232274413109	-1220.606408059597	-7749.856822311878	-8003.566510140896	-614.5144603848457	-1289.388059437275	-582.7605069279671	-4581.435229480267	-7844.9031265378	-5399.548016965389	-3956.157850623131	-7937.535856485367	-624.9131802916527	-8130.935054302216	-8029.968194425106	-4679.959295451641	-7902.486689090729	-1196.8920261263847	-636.4320403337479	-867.6350189447403	-8086.1541638970375	-5418.521421968937	-1993.629134774208	-1233.4656924009323	-1765.2051783204079	-1631.656512081623	-8005.736884593964	-1096.1241355538368	-1301.7891080379486	-1477.2711635828018	-1217.289003789425	-1549.5632963180542	-8001.79889690876	-971.8116630911827	-614.0904896855354	-1210.3499619960785	-1969.4175011515617	-5017.401491045952	-7903.351741015911	-1222.1226288676262	-1995.0525446534157	-7947.407032966614	-347.6587466597557	-3619.051819860935	-2906.6455404758453	-1690.0266144871712	-840.7077468037605	-5916.968378841877
-5036.521508812904	-4210.862389028072	-1246.1103635430336	-1254.2399204969406	-7781.864183485508	-8043.728352129459	-1205.8345341086388	-1295.9011110067368	-1134.957242012024	-4732.896976292133	-7750.445727050304	-4913.978305876255	-3972.726586341858	-7912.753943800926	-1110.4426993727684	-7972.337154865265	-7972.048648297787	-4734.290395081043	-8049.180065691471	-1241.2744739055634	-1133.7912320494652	-966.2174525856972	-8057.309106528759	-4879.44438880682	-2095.6316716074944	-650.105490386486	-1057.19942009449	-134.15154868364334	-8055.740856051445	-660.9122167825699	-1354.2173078656197	-374.721799492836	-1252.6931019425392	-1041.5167822241783	-7853.015452802181	-962.5740053057671	-1233.1968925595284	-654.9871867895126	-2074.134174346924	-4440.7700771689415	-8009.16100615263	-1308.941837966442	-2138.8253032565117	-7836.669777333736	-1355.925026834011	-3641.0253241062164	-2889.7723612189293	-123.69616138935089	-889.1538115143776	-4301.657004594803
-4970.969546914101	-4257.461018025875	-1295.3463769555092	-1303.9104355573654	-7724.854433119297	-7986.015597522259	-1174.188650548458	-1347.663411974907	-1193.6870158910751	-4704.165878474712	-7700.143716275692	-4860.310519635677	-4030.9904375076294	-7879.4322999715805	-1161.4528712630272	-7942.7697949409485	-7922.594375193119	-4669.067455589771	-7997.725214600563	-1295.5556004047394	-1179.738400399685	-899.4105046987534	-8032.997792303562	-4817.892190873623	-2144.94075268507	-703.8246795535088	-1117.321742117405	-191.95146161317825	-8006.946680486202	-716.1017080545425	-1402.7678602337837	-434.61188185214996	-1314.3381806015968	-1103.5341429114342	-7789.630366325378	-870.8433640599251	-1299.7975262403488	-710.0211789011955	-2146.2362220287323	-4401.080717861652	-7941.304606616497	-1371.189176261425	-2201.204458296299	-7785.085050523281	-1403.6518282294273	-3689.6824910640717	-2942.368847310543	-186.86977791786194	-842.2546511292458	-4253.547270417213
-4931.0482432842255	-4421.922403097153	-622.9790798425674	-652.1151210069656	-7479.248783946037	-7857.58737462759	-1323.3674141168594	-1455.3111748099327	-1292.5125728845596	-4794.40359544754	-7642.01259303093	-4723.533114910126	-4104.76543456316	-7801.093956947327	-1276.0214255452156	-7946.63806450367	-7771.712856292725	-4875.397440671921	-7690.718111217022	-631.5414215922356	-1291.1641672849655	-1069.0761256217957	-7758.096816301346	-4797.398650407791	-2178.4535702466965	-1414.465786099434	-1108.7075266242027	-1887.7069664001465	-7864.437275886536	-1329.6122047305107	-599.7528141140938	-2113.255318105221	-1403.4025905132294	-974.5225094556808	-7766.511016070843	-1133.7302379608154	-1327.4952591061592	-1413.807114481926	-2182.1692923903465	-4466.139512658119	-7800.625981986523	-1398.870329797268	-2167.8510912656784	-7736.174288153648	-567.502232670784	-3793.557099401951	-3110.4323686361313	-1874.1344657540321	-1031.7685292363167	-5256.707861304283
-4858.151475250721	-4448.68534463644	-1484.416839659214	-1473.344534754753	-7593.739725589752	-7858.925301671028	-924.1825231313705	-1530.8002331256866	-870.2905558347702	-4936.929202020168	-7558.599155187607	-5174.295587837696	-4215.0482095479965	-7681.808423757553	-870.5627024769783	-7708.094752669334	-7770.730535924435	-4964.50942248106	-7791.291670739651	-1474.6318304538727	-900.7929971814156	-1196.3140911459923	-7881.643543958664	-5093.887052595615	-2339.9497383236885	-894.4978310465813	-1287.3805119395256	-346.22622406482697	-7797.865784168243	-896.4681895375252	-1618.9597808718681	-170.49970465898514	-1487.6395449638367	-1271.1817036271095	-7621.557418107986	-1216.3480130434036	-934.0963550209999	-885.772672533989	-2304.8597173690796	-4689.726650595665	-7749.808934688568	-1570.4921109080315	-2391.244288265705	-7663.976782143116	-1575.3725177645683	-3868.232356071472	-3133.7387695908546	-344.2398349046707	-1112.3570975065231	-4552.320078611374
-4851.446777045727	-2285.9711941480637	-1610.6056540608406	-1596.427024781704	-7390.5415226221085	-7602.698805689812	-1567.476449906826	-1613.8956654667854	-1473.2341154813766	-2735.750160574913	-7630.804038703442	-4536.187439620495	-2107.3803124427795	-7639.803525626659	-1471.8580130338669	-7719.258586406708	-7544.651509344578	-2829.132094860077	-7634.851363658905	-1570.6188669204712	-1470.6526526808739	-1224.439271569252	-7648.597418487072	-4640.971825480461	-149.43511587381363	-2543.1190665364265	-3039.356959760189	-2072.6245973706245	-7812.275694966316	-2378.315043568611	-1704.0795590281487	-2278.4290130138397	-1587.3364075422287	-2911.142037332058	-7676.2344843149185	-1252.3489193320274	-1470.4143464565277	-2635.6359637379646	-180.67244279384613	-4432.021728038788	-7683.257418811321	-1604.215581715107	-154.13445204496384	-7595.578397512436	-1743.155207812786	-4004.7117075920105	-3225.5572655797005	-2054.6548553705215	-1210.3839247226715	-4174.450755178928
-4785.894815146923	-2332.5698231458664	-1659.8416674733162	-1646.0975398421288	-7333.5317722558975	-7544.986051082611	-1535.8305663466454	-1665.6579664349556	-1531.9638893604279	-2707.019062757492	-7580.502027928829	-4482.519653379917	-2165.644163608551	-7606.481881797314	-1522.8681849241257	-7689.691226482391	-7495.19723623991	-2763.909155368805	-7583.396512567997	-1624.8999934196472	-1516.5998210310936	-1157.6323236823082	-7624.286104261875	-4579.419627547264	-198.7441969513893	-2596.8382557034492	-3099.479281783104	-2130.4245103001595	-7763.4815194010735	-2433.504534840584	-1752.6301113963127	-2338.3190953731537	-1648.9814862012863	-2973.159398019314	-7612.849397838116	-1160.6182780861855	-1537.0149801373482	-2690.6699558496475	-252.7744904756546	-4392.332368731499	-7615.401019275188	-1666.4629200100899	-216.51360708475113	-7543.993670701981	-1790.8820092082024	-4053.3688745498657	-3278.1537516713142	-2117.8284718990326	-1163.4847643375397	-4126.341021001339
-4598.46917539835	-4673.5722199082375	-900.1726920604706	-904.8532477021217	-7323.131687223911	-7712.9461661577225	-1633.0354768633842	-1696.7233484983444	-1580.0426217913628	-5149.897567987442	-7355.7086216807365	-4498.280685782433	-4363.655793488026	-7545.366524219513	-1521.6709477305412	-7523.797762870789	-7512.475197792053	-5159.94756770134	-7579.523092865944	-909.2812259197235	-1555.5251241326332	-1397.7551978230476	-7553.586196362972	-4472.76428103447	-2524.774173796177	-1075.4979247450829	-630.8828602433205	-602.2766783833504	-7656.566175460815	-1129.956258714199	-916.9234869480133	-806.4838591814041	-1673.7531316876411	-696.1409167647362	-7386.269537270069	-1378.2665879130363	-1647.5011244416237	-1089.2298250198364	-2517.6115086078644	-4138.464672207832	-7647.08317565918	-1747.2398118376732	-2564.042834877968	-7452.744037330151	-1795.2160037755966	-4042.737635612488	-3337.5255977511406	-528.3476861715317	-1303.4178799390793	-3892.05956107378
-4559.02750146389	-4738.831017076969	-1768.075715661049	-1787.3599199056625	-7322.7932542562485	-7519.262266993523	-1709.3014324307442	-1820.6769102811813	-1639.2929890155792	-5236.1248769164085	-7304.153830766678	-4445.43608635664	-4491.399682879448	-7432.390821039677	-1651.4995294809341	-7480.557768166065	-7455.870350122452	-5236.885284841061	-7420.05593162775	-1754.4951167106628	-1676.0252704024315	-1465.2674855589867	-7593.966602027416	-4406.349480509758	-2607.8113856315613	-169.90743553638458	-628.0903288722038	-638.117306292057	-7547.396218776703	-225.2633953690529	-1850.816236436367	-892.9649755358696	-1788.5233390927315	-590.9093961715698	-7405.013798952103	-1518.0285368561745	-1774.4011549949646	-138.36512595415115	-2554.4483617544174	-3956.3341485857964	-7524.390937745571	-1789.9016773104668	-2623.4156686663628	-7319.238521337509	-930.1570000052452	-4184.495756030083	-3429.081838607788	-680.1840093135834	-1384.5667575597763	-4827.646458268166
-4673.076743483543	-2523.7941497564316	-1848.912130177021	-1815.5316390395164	-7202.417064726353	-7417.8957552313805	-1285.8244389295578	-1848.7947875857353	-1208.567429304123	-2939.782386302948	-7438.957466840744	-4796.504721581936	-2349.701935648918	-7408.858005583286	-1231.9780161380768	-7455.016184210777	-7343.333396971226	-3059.3511222600937	-7376.962968707085	-1803.9762234687805	-1237.6544178128242	-1454.5359101295471	-7472.931855916977	-4855.414489269257	-393.7531825900078	-2787.5114071965218	-3269.5380516052246	-2284.699272751808	-7554.400623083115	-2613.8710163235664	-1968.8220320343971	-2074.206918179989	-1822.2828505635262	-3140.806958734989	-7444.776449620724	-1506.122927069664	-1171.3138089179993	-2866.421449482441	-411.3979858160019	-4680.978301465511	-7423.9053473472595	-1865.7658546566963	-406.55343705415726	-7422.8854023218155	-1962.6026987433434	-4231.918739557266	-3469.523673951626	-2275.1985288858414	-1433.587210714817	-4425.113829195499
-4607.52478158474	-2570.3927787542343	-1898.1481435894966	-1865.2021540999413	-7145.407314360142	-7360.18300062418	-1254.1785553693771	-1900.5570885539055	-1267.2972031831741	-2911.051288485527	-7388.655456066132	-4742.836935341358	-2407.9657868146896	-7375.536361753941	-1282.9881880283356	-7425.448824286461	-7293.879123866558	-2994.1281827688217	-7325.508117616177	-1858.2573499679565	-1283.601586163044	-1387.7289622426033	-7448.62054169178	-4793.86229133606	-443.06226366758347	-2841.2305963635445	-3329.6603736281395	-2342.499185681343	-7505.606447517872	-2669.060507595539	-2017.3725844025612	-2134.097000539303	-1883.9279292225838	-3202.824319422245	-7381.391363143921	-1414.392285823822	-1237.9144425988197	-2921.455441594124	-483.50003349781036	-4641.288942158222	-7356.048947811127	-1928.0131929516792	-468.93259209394455	-7371.30067551136	-2010.3295001387596	-4280.5759065151215	-3522.1201600432396	-2338.3721454143524	-1386.6880503296852	-4377.00409501791
-4413.394443631172	-2748.6810250282288	-1264.6679825782776	-1247.040351986885	-6931.809026360512	-7271.916619718075	-1994.6773926615715	-2014.717902958393	-1918.3194952607155	-3152.7507522702217	-7236.066933333874	-4120.489819526672	-2498.3095195889473	-7272.416106045246	-1883.0862613916397	-7270.719194412231	-7085.078058838844	-3254.7892674803734	-7165.194390833378	-1238.6256189346313	-1892.386544764042	-1655.9770168066025	-7144.874508321285	-4234.291717708111	-578.5776180624962	-2968.5115008950233	-2613.0403999090195	-2540.7497270703316	-7413.101014375687	-2847.3590855002403	-1266.7857381105423	-2710.191072702408	-2008.3964372873306	-2565.766171872616	-7209.488568782806	-1668.0415019392967	-1884.718578338623	-3069.8786019682884	-624.1497770547867	-4129.716323077679	-7321.179588317871	-2042.513555586338	-579.35198366642	-7211.65265750885	-2182.4461847543716	-4406.424019098282	-3673.310502111912	-2459.3063801527023	-1624.6479931473732	-3764.8533116579056
-4347.8424817323685	-2795.2796540260315	-1313.9039959907532	-1296.7108670473099	-6874.799275994301	-7214.203865110874	-1963.0315091013908	-2066.4802039265633	-1977.0492691397667	-3124.0196544528008	-7185.764922559261	-4066.8220332860947	-2556.573370754719	-7239.0944622159	-1934.0964332818985	-7241.151834487915	-7035.623785734177	-3189.5663279891014	-7113.73953974247	-1292.9067454338074	-1938.3337131142616	-1589.1700689196587	-7120.563194096088	-4172.739519774914	-627.8866991400719	-3022.230690062046	-2673.1627219319344	-2598.5496399998665	-7364.306838810444	-2902.548576772213	-1315.3362904787064	-2770.081155061722	-2070.0415159463882	-2627.7835325598717	-7146.103482306004	-1576.3108606934547	-1951.3192120194435	-3124.9125940799713	-696.2518247365952	-4090.0269637703896	-7253.323188781738	-2104.760893881321	-641.7311387062073	-7160.067930698395	-2230.172986149788	-4455.081186056137	-3725.9069882035255	-2522.4799966812134	-1577.7488327622414	-3716.743577480316
-4373.9527696967125	-2813.9398221969604	-2132.571006178856	-2129.547024190426	-6931.470593392849	-7078.232720553875	-2070.9433482289314	-2138.67146474123	-1977.569862484932	-3238.9780611991882	-7184.512142419815	-4067.6452201008797	-2626.0534089803696	-7159.44040286541	-2012.9148431420326	-7227.479199707508	-7028.473211169243	-3331.7269846200943	-7005.727229595184	-2083.8395097255707	-2012.8866910338402	-1723.4893045425415	-7185.254913985729	-4167.876917183399	-661.6148298978806	-2062.921011686325	-2610.247868537903	-2576.5903549790382	-7303.931057691574	-1942.6662221550941	-2200.678487598896	-2796.6721890568733	-2123.166644692421	-2460.5346512794495	-7228.23283046484	-1807.8034508824348	-2011.618608891964	-2119.013902902603	-660.9866302013397	-3947.5857994556427	-7198.4873504042625	-2085.1754210591316	-638.7248174548149	-7078.147141516209	-1317.3871809840202	-4548.182139515877	-3764.8667429685593	-2611.142703294754	-1705.7968707680702	-4700.440208852291
-4308.400807797909	-2860.538451194763	-2181.8070195913315	-2179.2175392508507	-6874.460843026638	-7020.519965946674	-2039.2974646687508	-2190.4337657094	-2036.2996363639832	-3210.2469633817673	-7134.210131645203	-4013.977433860302	-2684.317260146141	-7126.118759036064	-2063.9250150322914	-7197.911839783192	-6979.018938064575	-3266.5040451288223	-6954.272378504276	-2138.1206362247467	-2058.83385938406	-1656.6823566555977	-7160.943599760532	-4106.324719250202	-710.9239109754562	-2116.640200853348	-2670.3701905608177	-2634.390267908573	-7255.136882126331	-1997.8557134270668	-2249.22903996706	-2856.5622714161873	-2184.8117233514786	-2522.5520119667053	-7164.847743988037	-1716.0728096365929	-2078.2192425727844	-2174.047895014286	-733.0886778831482	-3907.8964401483536	-7130.63095086813	-2147.4227593541145	-701.1039724946022	-7026.562414705753	-1365.1139823794365	-4596.839306473732	-3817.463229060173	-2674.316319823265	-1658.8977103829384	-4652.330474674702
-4120.9751680493355	-5201.540847957134	-1422.1380441784859	-1437.9732471108437	-6864.060757994652	-7188.480081021786	-2136.5023751854897	-2221.499147772789	-2084.378368794918	-5653.125468611717	-6909.41672539711	-4029.7384662628174	-4882.328890025616	-7065.003401458263	-2062.727777838707	-7032.018376171589	-6996.296899616718	-5662.542457461357	-6950.398958802223	-1422.501868724823	-2097.7591624855995	-1896.8052307963371	-7090.2436918616295	-3999.6693727374077	-3036.953887820244	-595.2998698949814	-201.77376902103424	-1106.242435991764	-7148.221538186073	-694.3074373006821	-1413.5224155187607	-1324.7270352244377	-2209.5833688378334	-245.53353071212769	-6938.2678834199905	-1933.7211194634438	-2188.70538687706	-572.607764184475	-2997.925696015358	-3654.028743624687	-7162.313107252121	-2228.199651181698	-3048.633200287819	-6935.312781333923	-1369.4479769468307	-4586.208067536354	-3876.8350751399994	-1084.8355340957642	-1798.830825984478	-4418.049014747143
-4169.472448170185	-3033.1026096343994	-1552.2104721069336	-1515.8154813051224	-6686.674818098545	-7029.400814652443	-1681.3794981241226	-2301.379326045513	-1712.382582962513	-3328.0518801808357	-6993.918350696564	-4327.139315247536	-2798.8949939608574	-7008.148942172527	-1694.2164363861084	-6976.909432291985	-6834.305673360825	-3419.785355389118	-6855.851144790649	-1526.2641019821167	-1705.335478246212	-1819.2667074799538	-6944.897631525993	-4387.182183563709	-872.204765856266	-3266.6230307221413	-2903.34381377697	-2810.62431538105	-7106.431766927242	-3138.1045495271683	-1580.0787634849548	-2565.859060227871	-2304.9879589676857	-2857.448453962803	-6914.645447611809	-1830.0848684310913	-1652.218674480915	-3355.6980798244476	-926.9773677587509	-4338.983537197113	-6993.9711173176765	-2366.3111668229103	-894.1501237154007	-6987.374935507774	-2449.620477080345	-4682.288218021393	-3969.873396575451	-2743.023670196533	-1800.952118754387	-3967.406651496887
-4041.373701810837	-3065.589639008045	-2409.764618396759	-2382.285150885582	-6775.353496670723	-6933.591512084007	-2380.6114109754562	-2380.0836384296417	-2265.099911391735	-3594.47203373909	-6898.208171069622	-3842.3927909731865	-2884.9437679052353	-6903.712970137596	-2258.5643653273582	-6804.638898074627	-6769.2355526685715	-3616.2771116495132	-6894.532211244106	-2361.5793140530586	-2277.247647881508	-2052.1683767437935	-6980.744294047356	-3843.2425478100777	-1007.935433447361	-1723.953150331974	-2132.4232021570206	-1291.1600669622421	-7096.059957265854	-1743.0102761387825	-2517.8491604328156	-1489.9007301330566	-2393.5171858668327	-2182.153058588505	-6847.991351664066	-2052.3398008346558	-2331.6244742274284	-1794.4366134405136	-996.4288464188576	-3619.910959005356	-7044.94454407692	-2433.544903099537	-1034.9165610671043	-6794.716890692711	-2545.100952088833	-4797.362675726414	-3991.9599720835686	-1265.3559237122536	-1977.4462214708328	-3335.791908621788
-3975.821739912033	-3112.188268005848	-2459.0006318092346	-2431.955665946007	-6718.343746304512	-6875.878757476807	-2348.9655274152756	-2431.845939397812	-2323.8296852707863	-3565.740935921669	-6847.90616029501	-3788.725004732609	-2943.207619071007	-6870.39132630825	-2309.574537217617	-6775.0715381503105	-6719.781279563904	-3551.0541721582413	-6843.077360153198	-2415.8604405522346	-2323.1948162317276	-1985.3614288568497	-6956.432979822159	-3781.6903498768806	-1057.2445145249367	-1777.6723394989967	-2192.5455241799355	-1348.959979891777	-7047.265781700611	-1798.1997674107552	-2566.3997128009796	-1549.7908124923706	-2455.1622645258904	-2244.1704192757607	-6784.6062651872635	-1960.6091595888138	-2398.225107908249	-1849.4706055521965	-1068.530894100666	-3580.2215996980667	-6977.088144540787	-2495.79224139452	-1097.2957161068916	-6743.132163882256	-2592.827753484249	-4846.019842684269	-4044.5564581751823	-1328.5295402407646	-1930.547061085701	-3287.6821744441986
-3870.348474383354	-3323.2482820749283	-1835.8693481087685	-1829.8308664560318	-6415.728346765041	-6689.737779974937	-2466.4984074234962	-2591.256003201008	-2481.385016143322	-3627.247555077076	-6739.473026275635	-3598.2798137664795	-3075.246467292309	-6758.731339454651	-2475.1532633900642	-6749.372447788715	-6519.445487558842	-3692.161217749119	-6484.615405678749	-1806.1273882389069	-2480.567751467228	-2088.220101892948	-6657.220689594746	-3699.644611477852	-1140.0664131641388	-2542.0326352119446	-2244.053630709648	-3102.51539760828	-6855.962201535702	-2466.899755358696	-1811.9352190494537	-3288.3243311047554	-2605.8717530965805	-2177.176146507263	-6698.101828455925	-2131.765392243862	-2492.5234744548798	-2608.29053324461	-1176.5660121440887	-3605.5910351872444	-6768.55312037468	-2585.7207332253456	-1126.3215041160583	-6642.6366747021675	-1804.404959321022	-4998.551617980003	-4265.216465592384	-3078.967844605446	-2073.16177880764	-4242.733031153679
-3691.978440821171	-3561.071237683296	-2074.175824224949	-2048.9354807138443	-6227.603888869286	-6504.934729516506	-2184.846396446228	-2826.1551253199577	-2216.7183299660683	-3831.279780805111	-6547.626454412937	-3858.5970957279205	-3317.5680904984474	-6527.785819411278	-2235.273266494274	-6485.130045592785	-6318.12737518549	-3922.3802451491356	-6226.727010726929	-2039.4847447872162	-2247.5695165991783	-2318.3167404532433	-6481.555127024651	-3914.0872752666473	-1384.384479880333	-2786.42497587204	-2474.2347225546837	-3314.590072989464	-6598.0871296525	-2702.4557281136513	-2076.677692055702	-3084.1022362709045	-2840.818196117878	-2406.8410679101944	-6466.64379376173	-2385.5393999814987	-2193.4229369163513	-2839.076018989086	-1407.2915551662445	-3854.547608613968	-6509.201048910618	-2847.271006166935	-1378.7404891252518	-6469.943679511547	-2023.8524502515793	-5225.758649945259	-4509.18287396431	-3299.5115181207657	-2296.3650647997856	-4493.39610517025
-3490.351793527603	-1924.470540523529	-2965.121422111988	-3050.4168044924736	-6161.425999999046	-6223.505217552185	-2911.737981259823	-3049.348180294037	-2839.792990028858	-1576.59649425745	-6063.702145695686	-3262.7524260878563	-1940.0719332695007	-6256.168138325214	-2837.2334235310555	-6435.723941206932	-6587.936868309975	-1484.2143296003342	-6559.054513812065	-2899.1529606580734	-2964.2713361382484	-2697.4151052236557	-6192.866986095905	-3228.9424264431	-3745.990445494652	-3975.0735490322113	-4452.667213320732	-3456.994460761547	-6180.114516496658	-3906.911805033684	-3047.314562857151	-3699.295526444912	-3010.0625587701797	-4375.070867300034	-6359.266645908356	-2657.16311699152	-3000.1859016418457	-4062.168862938881	-3861.245939552784	-3043.3043915629387	-6104.795391142368	-3035.8446609973907	-3794.6198375225067	-6346.239364862442	-3034.9445256590843	-5412.838391125202	-743.5383818745613	-3390.9478256106377	-2612.273742079735	-2810.508504629135
-3424.7998316287994	-1971.0691695213318	-3014.3574355244637	-3100.0873195528984	-6104.416249632835	-6165.792462944984	-2880.092097699642	-3101.110481262207	-2898.5227639079094	-1547.8653964400291	-6013.400134921074	-3209.0846398472786	-1998.3357844352722	-6222.846494495869	-2888.2435954213142	-6406.156581282616	-6538.482595205307	-1418.9913901090622	-6507.599662721157	-2953.4340871572495	-3010.218504488468	-2630.608157336712	-6168.5556718707085	-3167.390228509903	-3795.2995265722275	-4028.792738199234	-4512.789535343647	-3514.794373691082	-6131.320340931416	-3962.1012963056564	-3095.865115225315	-3759.185608804226	-3071.7076374292374	-4437.088227987289	-6295.881559431553	-2565.432475745678	-3066.786535322666	-4117.202855050564	-3933.3479872345924	-3003.6150322556496	-6036.9389916062355	-3098.0919992923737	-3856.998992562294	-6294.654638051987	-3082.6713270545006	-5461.495558083057	-796.1348679661751	-3454.1214421391487	-2565.374581694603	-2762.3987704515457
-8537.23588693142	-6149.302143573761	-3111.0303243398666	-3124.878156006336	-5961.793944358826	-6218.5341539382935	-3068.4708409905434	-2373.5478922724724	-3046.6430879235268	-6591.39313095808	-5897.3350121974945	-8270.61962556839	-5789.407306075096	-6060.973444163799	-3010.772293150425	-6504.738787710667	-6154.55540728569	-6667.9363731741905	-6333.099034249783	-3291.9371575713158	-3045.884057700634	-2827.437983095646	-6210.407180964947	-8353.042157649994	-3934.177360534668	-4146.31896263361	-4702.779100000858	-3678.100285947323	-6214.05241394043	-3984.1646091341972	-3249.221468627453	-3807.3311419487	-2298.5359708070755	-4485.179771959782	-6165.752232909203	-2855.6977742910385	-3124.885324537754	-4211.400994539261	-3899.4682978987694	-7945.888928115368	-6217.79398226738	-2458.3539402484894	-3950.7256895303726	-6042.541036069393	-3181.3795521855354	-332.25024753808975	-4854.570241749287	-3592.4877749085426	-2827.954103410244	-7864.026457905769
-8471.683925032616	-6195.900772571564	-3160.266337752342	-3174.548671066761	-5904.784193992615	-6160.821399331093	-3036.8249574303627	-2425.3101932406425	-3105.372861802578	-6562.662033140659	-5847.033001422882	-8216.951839327812	-5847.671157240868	-6027.651800334454	-3061.7824650406837	-6475.17142778635	-6105.101134181023	-6602.713433682919	-6281.6441831588745	-3346.218284070492	-3091.8312260508537	-2760.631035208702	-6186.09586673975	-8291.489959716797	-3983.4864416122437	-4200.0381518006325	-4762.901422023773	-3735.9001988768578	-6165.258238375187	-4039.35410040617	-3297.772020995617	-3867.221224308014	-2360.181049466133	-4547.1971326470375	-6102.3671464324	-2763.9671330451965	-3191.4859582185745	-4266.434986650944	-3971.570345580578	-7906.199568808079	-6149.937582731247	-2520.6012785434723	-4013.10484457016	-5990.956309258938	-3229.1063535809517	-380.907414495945	-4907.1667278409	-3655.6613914370537	-2781.054943025112	-7815.91672372818
-3311.9817599654198	-2162.293496131897	-3203.4278982281685	-3269.521418750286	-5973.301542103291	-6038.702167093754	-2630.0859702825546	-3284.2473024129868	-2575.1263038516045	-1780.628719985485	-5871.855573832989	-3523.0697080492973	-2182.3935564756393	-6025.222618281841	-2597.3534266352654	-6171.481539011002	-6386.618755936623	-1714.433357000351	-6301.166118860245	-3132.5103172063828	-2731.273101270199	-2927.511743783951	-6017.20142352581	-3443.3850902318954	-3990.308512210846	-4219.4658896923065	-4682.848305165768	-3669.0691361427307	-5922.239444613457	-4142.467777788639	-3312.0570358633995	-3495.073431611061	-3245.009001791477	-4604.735788702965	-6127.808611214161	-2910.9371247291565	-2701.0853641033173	-4292.954348683357	-4091.9714825749397	-3292.260964989662	-5845.443319678307	-3297.39493393898	-4047.0388225317	-6173.546369671822	-3254.3920165896416	-5640.045423090458	-987.5047902464867	-3611.4914991259575	-2835.4770280718803	-3061.171578645706
-3060.275399148464	-4102.86672693491	-2635.028312444687	-2615.68899255991	-5800.540320813656	-6020.630486369133	-3279.6333684921265	-3357.443976163864	-3273.2508120536804	-4485.969428241253	-6006.877158641815	-2904.485165119171	-3852.8099227547646	-6022.640783965588	-3261.8596156835556	-5834.7527594566345	-5744.029530882835	-4479.306234538555	-5744.29625326395	-2597.0878353714943	-3287.162746667862	-2915.9492070674896	-5989.367565155029	-2901.9153338074684	-1998.5667307376862	-1722.866719007492	-1337.1198731064796	-2321.0508671998978	-6139.746463835239	-1831.5949879288673	-2625.7048204541206	-2499.7960482239723	-3412.0525314211845	-1448.18716776371	-5869.858695805073	-2931.7562737464905	-3353.7336022257805	-1767.0911829471588	-1992.3224157691002	-2793.4802661538124	-6130.240245640278	-3415.0500546097755	-2007.1036131381989	-5841.7751678824425	-2606.350703597069	-5791.202586114407	-5031.619172096252	-2289.668912947178	-2840.2240755558014	-3404.0741845965385
-8358.865853369236	-6387.125099182129	-3349.336800456047	-3343.9827702641487	-5773.66948646307	-6033.731103479862	-2786.818830013275	-2608.4470143914223	-2781.976401746273	-6795.425356686115	-5705.488440334797	-8530.936907529831	-6031.728929281235	-5830.027924120426	-2770.892296254635	-6240.496385514736	-5953.237294912338	-6898.155400574207	-6075.210639297962	-3525.294514119625	-2812.8858228325844	-3057.534621655941	-6034.741618394852	-8567.48482143879	-4178.495427250862	-4390.711303293705	-4932.960191845894	-3890.1749613285065	-5956.177342057228	-4219.7205818891525	-3513.9639416337013	-3603.109047114849	-2533.482413828373	-4714.844693362713	-5934.294198215008	-3109.471782028675	-2825.7847869992256	-4442.186480283737	-4130.193840920925	-8194.845501542091	-5958.441910803318	-2719.9042131900787	-4203.144674539566	-5869.848040878773	-3400.8270431160927	-559.4572795033455	-5098.536650121212	-3813.0314484238625	-3051.1573894023895	-8114.68953192234
-3052.2994601130486	-2387.180371403694	-2619.183750629425	-2701.0301316976547	-5702.69350373745	-5892.723031580448	-3338.9389240145683	-3450.1704177856445	-3284.878369808197	-1993.5970859527588	-5668.9650403261185	-2847.054805994034	-2331.0011404156685	-5888.780718743801	-3248.4616718888283	-5987.184549212456	-6128.363417804241	-1909.8715022206306	-6089.397540986538	-2567.1597126722336	-3386.0052282214165	-3128.952850461006	-5689.144075930119	-2822.2623186707497	-4175.132947683334	-4400.465983390808	-4026.3506534695625	-3925.119590461254	-5780.939835906029	-4375.955846965313	-2610.0207419395447	-4131.05758613348	-3431.1225885152817	-4029.6950018405914	-5892.520730376244	-3072.855699598789	-3414.490133523941	-4496.411501169205	-4304.7232738137245	-2740.9989866018295	-5742.717560648918	-3474.142634868622	-4219.837369143963	-5962.313624858856	-3474.23550260067	-5814.5507026314735	-1191.2916184067726	-3795.5993503928185	-3026.5378105044365	-2400.9110611081123
-3012.857786178589	-2452.439168572426	-3487.0867742300034	-3583.5368039011955	-5702.355070769787	-5699.039132416248	-3415.2048795819283	-3574.1239795684814	-3344.1287370324135	-2079.8243948817253	-5617.41024941206	-2794.210206568241	-2458.7450298070908	-5775.805015563965	-3378.290253639221	-5943.944554507732	-6071.75857013464	-1986.8092193603516	-5929.930379748344	-3412.373603463173	-3506.5053744912148	-3196.465138196945	-5729.5244815945625	-2755.847518146038	-4258.170159518719	-3494.87549418211	-4023.558122098446	-3960.960218369961	-5671.769879221916	-3471.262983620167	-3543.9134914278984	-4217.538702487946	-3545.892795920372	-3924.463481247425	-5911.264992058277	-3212.6176485419273	-3541.390164077282	-3545.5468021035194	-4341.560126960278	-2558.8684629797935	-5620.02532273531	-3516.8045003414154	-4279.210202932358	-5828.808108866215	-2609.1764988303185	-5956.308823049068	-1282.84785926342	-3947.43567353487	-3107.6866881251335	-3336.497958302498
-8099.183553516865	-6612.011974453926	-2765.0926528573036	-2775.4914832115173	-5503.061448097229	-5887.751967966557	-3495.671783745289	-2774.37012976408	-3491.7284677028656	-7008.393722653389	-5502.597906827927	-7854.922005474567	-6180.336513221264	-5693.586024582386	-3422.000541508198	-6056.19939571619	-5694.981956779957	-7093.593545794487	-5863.442061424255	-2959.943909585476	-3467.617949783802	-3258.9757283329964	-5706.68427079916	-7946.362049877644	-4363.3198627233505	-4571.711396992207	-4276.462540149689	-4146.22541564703	-5814.8777333498	-4453.208651065826	-2811.9276477098465	-4239.093201637268	-2719.5960005521774	-4139.8039065003395	-5699.00631737709	-3271.390356898308	-3539.1895564198494	-4645.643632769585	-4342.94563215971	-7643.583523154259	-5855.71615177393	-2896.6519141197205	-4375.943221151829	-5658.615296065807	-3620.670529127121	-733.9625590443611	-5302.323478281498	-3997.1392996907234	-3242.2181718349457	-7454.429014384747
-2881.905365586281	-4340.689682543278	-2873.3347885608673	-2834.7936068177223	-5612.4158629179	-5835.827435910702	-2997.9813575148582	-3592.343098282814	-3008.5841258764267	-4690.001653969288	-5815.030586779118	-3164.802447080612	-4095.131545960903	-5791.6952639222145	-3021.9796187877655	-5570.510357260704	-5542.711418509483	-4709.525261938572	-5486.40785831213	-2830.4451919198036	-3054.1645117998123	-3146.0458456277847	-5813.702002584934	-3116.357997596264	-2242.8847974538803	-1967.2590596675873	-1567.3009649515152	-2533.1255425810814	-5881.871391952038	-2067.1509606838226	-2890.447293460369	-2295.5739533901215	-3646.998974442482	-1677.8520891666412	-5638.400661110878	-3185.530281484127	-3054.633064687252	-1997.8766686916351	-2223.047958791256	-3042.436839580536	-5870.888174176216	-3676.600327551365	-2259.5225981473923	-5669.082172691822	-2825.798194527626	-6018.409618079662	-5275.585580468178	-2510.2125864624977	-3063.427361547947	-3654.7372586131096
-8059.741879582405	-6677.270771622658	-3632.995676457882	-3657.998155415058	-5502.723015129566	-5694.068068802357	-3571.937739312649	-2898.323691546917	-3550.978834927082	-7094.6210315823555	-5451.043115913868	-7802.077406048775	-6308.080402612686	-5580.61032140255	-3551.8291232585907	-6012.959401011467	-5638.377109110355	-7170.531262934208	-5703.974900186062	-3805.1578003764153	-3588.1180960536003	-3326.4880160689354	-5747.064676463604	-7879.947249352932	-4446.357074558735	-3666.1209077835083	-4273.670008778572	-4182.0660435557365	-5705.707776665688	-3548.5157877206802	-3745.8203971982	-4325.574317991734	-2834.3662079572678	-4034.572385907173	-5717.750579059124	-3411.152305841446	-3666.0895869731903	-3694.7789337038994	-4379.782485306263	-7461.452999532223	-5733.023913860321	-2939.313779592514	-4435.316054940224	-5525.109780073166	-2755.6115253567696	-875.720679461956	-5393.879719138145	-4148.975622832775	-3323.3670494556427	-8390.015911579132
-2680.278718292713	-2704.0889853835106	-3764.2803864479065	-3836.2749305963516	-5546.237974047661	-5554.397923946381	-3724.872942328453	-3815.536153256893	-3631.6587859392166	-2435.318367421627	-5331.106278061867	-2568.957777440548	-2717.6353887319565	-5520.077582836151	-3623.939775824547	-5521.104252874851	-5812.520911633968	-2271.3593463897705	-5818.735361397266	-3690.113407790661	-3770.8663313388824	-3525.144210398197	-5525.013861656189	-2431.2131487727165	-4604.490763068199	-3155.907632827759	-3545.7334557175636	-2675.5299303531647	-5463.898778796196	-3271.607037603855	-3861.084164261818	-2910.767243564129	-3816.243337094784	-3646.0818885564804	-5531.0235132575035	-3457.1539984941483	-3861.3960294127464	-3220.96951264143	-4677.002343177795	-2231.1936225295067	-5466.482516407967	-3865.1739823818207	-4675.401946544647	-5545.377858042717	-3836.890269935131	-6205.489359259605	-1509.9410883784294	-2601.6488939523697	-3379.336038827896	-1971.8496580719948
-2614.7267563939095	-2750.6876143813133	-3813.516399860382	-3885.9454456567764	-5489.22822368145	-5496.68516933918	-3693.2270587682724	-3867.2984542250633	-3690.388559818268	-2406.587269604206	-5280.804267287254	-2515.2899911999702	-2775.899239897728	-5486.755939006805	-3674.9499477148056	-5491.536892950535	-5763.066638529301	-2206.1364068984985	-5767.280510306358	-3744.394534289837	-3816.813499689102	-3458.3372625112534	-5500.702547430992	-2369.6609508395195	-4653.799844145775	-3209.6268219947815	-3605.8557777404785	-2733.3298432826996	-5415.104603230953	-3326.796528875828	-3909.634716629982	-2970.657325923443	-3877.8884157538414	-3708.0992492437363	-5467.638426780701	-3365.4233572483063	-3927.996663093567	-3276.003504753113	-4749.104390859604	-2191.5042632222176	-5398.626116871834	-3927.4213206768036	-4737.7811015844345	-5493.793131232262	-3884.6170713305473	-6254.146526217461	-1562.5375744700432	-2664.8225104808807	-3332.4368784427643	-1923.7399238944054
-2574.8054527640343	-2915.148999452591	-3141.1491027474403	-3234.1501311063766	-5243.62257450819	-5368.256946444511	-3842.4058223366737	-3974.946217060089	-3789.2141168117523	-2496.824986577034	-5222.673144042492	-2378.5125864744186	-2849.6742369532585	-5408.417595982552	-3789.518501996994	-5495.405162513256	-5612.185119628906	-2412.466391980648	-5460.273406922817	-3080.380355477333	-3928.239266574383	-3628.0028834342957	-5225.801571428776	-2349.1674103736877	-4687.312661707401	-3920.2679285407066	-3597.2415622472763	-4429.085348069668	-5272.595198631287	-3940.307025551796	-3106.619670510292	-4649.300762176514	-3966.952825665474	-3579.087615787983	-5444.519076526165	-3628.3102311491966	-3955.6943959593773	-3979.7894403338432	-4785.037461221218	-2256.5630580186844	-5257.947492241859	-3955.1024742126465	-4704.427734553814	-5444.882368862629	-3048.467475771904	-6358.02113455534	-1730.6010957956314	-4352.087198317051	-3521.950756549835	-2926.900514781475
-7727.162811696529	-6928.9205884337425	-3910.189288675785	-3910.7362821102142	-5346.60591840744	-5549.426860332489	-3881.6058020591736	-3139.7358652353287	-3838.508883833885	-7450.115004122257	-5164.739144563675	-7576.8249769210815	-6566.970761537552	-5324.882888674736	-3797.4786454439163	-5590.119099378586	-5379.139450609684	-7455.081389963627	-5592.779881834984	-4082.897604703903	-3852.479052901268	-3655.1670882701874	-5542.55405652523	-7555.31287997961	-4792.677678108215	-3327.1530464291573	-3795.84534239769	-2896.6357555389404	-5497.836676239967	-3348.8598417043686	-4062.9910700321198	-3018.802859067917	-3104.7167491316795	-3756.1907932162285	-5337.50910025835	-3655.688655793667	-3986.095452308655	-3370.20164424181	-4715.224701523781	-7133.778159081936	-5579.481107532978	-3287.6832616329193	-4831.507798552513	-5241.679529249668	-3983.325296461582	-1124.901215672493	-5620.972948253155	-2803.1888432502747	-3595.0164001584053	-7025.367611348629
-2501.90868473053	-2941.9119409918785	-4002.586862564087	-4055.379544854164	-5358.113516151905	-5369.594873487949	-3443.220931351185	-4050.435275375843	-3366.992099761963	-2639.350593149662	-5139.259706199169	-2829.275059401989	-2959.957011938095	-5289.132062792778	-3384.0597789287567	-5256.861850678921	-5611.202799260616	-2501.5783737897873	-5560.846966445446	-3923.47076433897	-3537.868096470833	-3755.2408489584923	-5349.348299086094	-2645.655812561512	-4848.808829784393	-3400.299973487854	-3775.914547562599	-2887.6046057343483	-5206.023706912994	-3507.1630103588104	-4125.826637268066	-2706.545148730278	-4051.1897801160812	-3875.7468099594116	-5299.565478563309	-3710.928006231785	-3562.295491874218	-3451.754998385906	-4907.727886199951	-2480.15019595623	-5207.130444943905	-4126.72425532341	-4927.820931553841	-5372.684862852097	-4056.3377608656883	-6432.696391224861	-1753.9074967503548	-2822.1925674676895	-3602.5393248200417	-2222.512732088566
-2495.2039865255356	-779.1977905035019	-4128.7756769657135	-4178.462034881115	-5154.915313184261	-5113.368377506733	-4086.5148581266403	-4133.530707716942	-3969.9356594085693	-438.17155170440674	-5211.464589715004	-2191.1669111847878	-852.2891148328781	-5247.127164661884	-3985.3550894856453	-5268.025684416294	-5385.123772680759	-366.20104616880417	-5404.4066593647	-4019.4578008055687	-4107.727751970291	-3783.366029381752	-5116.302173614502	-2192.7405854463577	-2658.2942073345184	-5048.921208977699	-5527.890995383263	-4614.002979040146	-5220.433617711067	-4989.009864389896	-4210.946415424347	-4814.474457085133	-4150.886642694473	-5515.70714366436	-5354.242544770241	-3746.9289125204086	-4098.613483309746	-5201.618289589882	-2783.5406116247177	-2222.445273399353	-5140.578929066658	-4160.4477261304855	-2690.7110953330994	-5304.2864782214165	-4224.120450913906	-6569.1757427453995	-1845.7259927392006	-4532.60758793354	-3700.56615203619	-1844.6434086561203
-2429.652024626732	-825.7964195013046	-4178.011690378189	-4228.13254994154	-5097.90556281805	-5055.655622899532	-4054.8689745664597	-4185.293008685112	-4028.6654332876205	-409.4404538869858	-5161.1625789403915	-2137.49912494421	-910.5529659986496	-5213.805520832539	-4036.365261375904	-5238.458324491978	-5335.669499576092	-300.9781066775322	-5352.951808273792	-4073.7389273047447	-4153.674920320511	-3716.559081494808	-5091.990859389305	-2131.1883875131607	-2707.603288412094	-5102.640398144722	-5588.0133174061775	-4671.802891969681	-5171.639442145824	-5044.199355661869	-4259.496967792511	-4874.364539444447	-4212.531721353531	-5577.724504351616	-5290.857458293438	-3655.1982712745667	-4165.214116990566	-5256.652281701565	-2855.642659306526	-2182.755914092064	-5072.722529530525	-4222.695064425468	-2753.0902503728867	-5252.701751410961	-4271.847252309322	-6617.832909703255	-1898.3224788308144	-4595.781204462051	-3653.666991651058	-1796.5336744785309
-2242.2263848781586	-3166.7988162636757	-3418.3427149653435	-3486.8882578015327	-5087.505477786064	-5223.615737974644	-4152.073885083199	-4216.358390748501	-4076.7441657185555	-2852.3189591169357	-4936.369172692299	-2153.2601573467255	-3108.5645958781242	-5152.690163254738	-4035.1680241823196	-5072.564860880375	-5352.947461128235	-2697.016519010067	-5349.078388571739	-3358.120159804821	-4192.6002234220505	-3956.6819556355476	-5021.290951490402	-2024.5330410003662	-5033.633265256882	-3581.3000671863556	-3119.416895866394	-3143.6550600528717	-5064.724098205566	-3740.6510795354843	-3423.7903433442116	-3342.529303252697	-4237.303366839886	-3300.7060230970383	-5064.277597725391	-3872.8465811014175	-4275.700261294842	-3655.2121508717537	-5120.479677438736	-1928.8882175683975	-5104.404685914516	-4303.471956253052	-5100.619478166103	-5161.452118039131	-4276.181246876717	-6607.201670765877	-1957.6943249106407	-3006.3004187345505	-3793.600107252598	-1562.252214550972
-7542.088079929352	-5004.029393553734	-4274.684579193592	-4252.923386394978	-4955.283257544041	-5108.397313892841	-4243.247717857361	-3457.7304196953773	-4176.785757303238	-5452.968188405037	-5045.097456216812	-7199.034110665321	-4701.6244876384735	-5051.932470500469	-4158.893959105015	-5337.040530920029	-4951.742311656475	-5549.9230897426605	-5178.451179802418	-4412.241997718811	-4189.340473532677	-3913.388907253742	-5133.842368483543	-7316.840316653252	-2846.4811223745346	-5220.166622579098	-5778.002882063389	-4835.108804225922	-5254.371515154839	-5066.26266849041	-4412.853321194649	-4922.510072588921	-3439.360054731369	-5625.816048324108	-5160.728131771088	-3945.463569819927	-4223.312906205654	-5350.850421190262	-2821.762969970703	-7125.029809951782	-5253.5775201916695	-3582.957005381584	-2846.8169473409653	-5000.588149428368	-4370.555477440357	-1488.587599158287	-5956.757852613926	-4734.147537231445	-3916.246513366699	-6898.1613619327545
-2202.784710943699	-3232.0576134324074	-4286.245738565922	-4369.394930005074	-5087.167044818401	-5029.931838810444	-4228.3398406505585	-4340.311952531338	-4135.994532942772	-2938.5462680459023	-4884.81438177824	-2100.4155579209328	-3236.3084852695465	-5039.714460074902	-4164.996605932713	-5029.324866175652	-5296.342613458633	-2773.954236149788	-5189.611227333546	-4203.33405059576	-4313.100369691849	-4024.1942433714867	-5061.671357154846	-1958.1182404756546	-5116.670477092266	-2675.7095779776573	-3116.6243644952774	-3179.4956879615784	-4955.554141521454	-2835.958216190338	-4357.683092832565	-3429.0104196071625	-4352.073574244976	-3195.474502503872	-5083.021859407425	-4012.6085300445557	-4402.600291848183	-2704.3474518060684	-5157.316530585289	-1746.7576939463615	-4981.712448000908	-4346.133821725845	-5159.992311954498	-5027.94660204649	-3411.122243106365	-6748.959791183472	-2049.250565767288	-3158.136741876602	-3874.748984873295	-2497.8391117453575
-7476.536118030548	-5050.628022551537	-4323.920592606068	-4302.593901455402	-4898.27350717783	-5050.684559285641	-4211.60183429718	-3509.4927206635475	-4235.515531182289	-5424.237090587616	-4994.7954454422	-7145.366324424744	-4759.888338804245	-5018.6108266711235	-4209.904130995274	-5307.473170995712	-4902.288038551807	-5484.700150251389	-5126.99632871151	-4466.523124217987	-4235.287641882896	-3846.5819593667984	-5109.531054258347	-7255.288118720055	-2895.7902034521103	-5273.88581174612	-5838.125204086304	-4892.9087171554565	-5205.577339589596	-5121.4521597623825	-4461.403873562813	-4982.400154948235	-3501.0051333904266	-5687.833409011364	-5097.343045294285	-3853.7329285740852	-4289.913539886475	-5405.884413301945	-2893.8650176525116	-7085.340450644493	-5185.721120655537	-3645.204343676567	-2909.1961023807526	-4949.003422617912	-4418.2822788357735	-1537.2447661161423	-6009.35433870554	-4797.321153759956	-3869.3473529815674	-6850.051627755165
-2137.232749044895	-3278.65624243021	-4335.481751978397	-4419.065445065498	-5030.15729445219	-4972.219084203243	-4196.693957090378	-4392.074253499508	-4194.724306821823	-2909.8151702284813	-4834.512371003628	-2046.747771680355	-3294.572336435318	-5006.392816245556	-4216.006777822971	-4999.757506251335	-5246.888340353966	-2708.731296658516	-5138.156376242638	-4257.615177094936	-4359.0475380420685	-3957.387295484543	-5037.360042929649	-1896.5660425424576	-5165.979558169842	-2729.42876714468	-3176.7466865181923	-3237.2956008911133	-4906.759965956211	-2891.147707462311	-4406.233645200729	-3488.9005019664764	-4413.718652904034	-3257.491863191128	-5019.636772930622	-3920.8778887987137	-4469.200925529003	-2759.3814439177513	-5229.4185782670975	-1707.0683346390724	-4913.856048464775	-4408.381160020828	-5222.371466994286	-4976.361875236034	-3458.8490445017815	-6797.616958141327	-2101.847051858902	-3221.310358405113	-3827.849824488163	-2449.729377567768
-2024.4146773815155	-3469.8805690407753	-4524.552214682102	-4588.499544262886	-4899.042586922646	-4845.128788352013	-3946.6878296732903	-4575.211074650288	-3871.327846765518	-3142.578493773937	-4692.967809915543	-2360.732839882374	-3478.630108475685	-4808.7689400315285	-3925.1166090369225	-4765.082463979721	-5095.024501085281	-3004.1732635498047	-4931.722832381725	-4436.69140714407	-4080.102134823799	-4254.290881931782	-4886.005794584751	-2172.56090426445	-5360.98854380846	-2920.1019186377525	-3346.805456340313	-3391.570363342762	-4697.679069638252	-3071.5141889452934	-4622.425565838814	-3224.7883247733116	-4587.0200172662735	-3425.139423906803	-4851.56382471323	-4266.382537782192	-4103.499754309654	-2935.1329375505447	-5388.042073607445	-1995.714267373085	-4722.360376536846	-4607.684094667435	-5412.411296963692	-4855.253606855869	-3630.5697340369225	-6976.166823148727	-2293.2169741392136	-3378.680415391922	-4097.95227086544	-2748.5021857619286
-7298.166084468365	-5288.4509781599045	-4562.227068722248	-4521.698515713215	-4710.149049282074	-4865.8815088272095	-3929.949823319912	-3744.3918427824974	-3970.8488450050354	-5628.269316315651	-4802.948873579502	-7405.683606386185	-5002.209962010384	-4787.66530662775	-3970.0241340994835	-5043.230768799782	-4700.969926178455	-5714.919177651405	-4869.107933759689	-4699.880480766296	-4002.289407014847	-4076.6785979270935	-4933.8654916882515	-7469.73078250885	-3140.1082701683044	-5518.278152406216	-6068.306295931339	-5104.98339253664	-4947.702267706394	-5357.008132517338	-4726.146346569061	-4778.178060114384	-3735.951576411724	-5917.498330414295	-4865.88501060009	-4107.506936311722	-3990.813002347946	-5636.669899046421	-3124.5905606746674	-7334.297024071217	-4926.369049191475	-3906.7546166181564	-3161.615087389946	-4776.310427427292	-4637.729769766331	-1764.451798081398	-6253.320747077465	-5017.864827275276	-4092.550638973713	-7100.714701771736
-1764.7323775291443	-3694.7674443125725	-3940.3080670833588	-4020.0082572102547	-4628.434548556805	-4699.149652838707	-4655.540783405304	-4741.134190022945	-4581.079912722111	-3355.546859741211	-4490.077276408672	-1684.7179378271103	-3627.2376924157143	-4672.327040493488	-4576.224854290485	-4580.785474181175	-4836.7691629529	-3199.6114087700844	-4719.9542545080185	-3871.3408026099205	-4734.834261775017	-4455.731988608837	-4557.948446989059	-1551.4381327033043	-5545.812979280949	-3101.102012336254	-2690.307804644108	-3647.6208176612854	-4556.379460930824	-3305.0022581219673	-3920.389271914959	-3860.7724792957306	-4773.133603990078	-2850.09863704443	-4616.275943875313	-4428.301112651825	-4816.904523730278	-3138.590090036392	-5600.79386484623	-1444.4522889852524	-4619.634617507458	-4784.431795597076	-5585.209843575954	-4644.020862042904	-3850.4132200479507	-7150.672102689743	-2497.0038022994995	-3562.788266658783	-4289.0130532979965	-2088.2416682243347
-1699.1804156303406	-3741.366073310375	-3989.5440804958344	-4069.6787722706795	-4571.424798190594	-4641.436898231506	-4623.894899845123	-4792.896490991116	-4639.809686601162	-3326.81576192379	-4439.77526563406	-1631.0501515865326	-3685.5015435814857	-4639.005396664143	-4627.235026180744	-4551.218114256859	-4787.314889848232	-3134.3884692788124	-4668.49940341711	-3925.6219291090965	-4780.7814301252365	-4388.925040721893	-4533.637132763863	-1489.8859347701073	-5595.122060358524	-3154.821201503277	-2750.4301266670227	-3705.4207305908203	-4507.5852853655815	-3360.19174939394	-3968.939824283123	-3920.6625616550446	-4834.778682649136	-2912.1159977316856	-4552.89085739851	-4336.570471405983	-4883.5051574110985	-3193.624082148075	-5672.895912528038	-1404.7629296779633	-4551.778217971325	-4846.679133892059	-5647.588998615742	-4592.436135232449	-3898.140021443367	-7199.329269647598	-2549.6002883911133	-3625.961883187294	-4242.113892912865	-2040.1319340467453
-1685.1309112906456	-1558.8162353634834	-4927.934641301632	-4964.320160984993	-4539.727287232876	-4444.2610839009285	-4899.6498191952705	-4899.718680679798	-4761.801455318928	-1296.8934248685837	-4478.868722081184	-1497.3722625374794	-1629.8525702953339	-4511.036609172821	-4772.061441779137	-4353.405996084213	-4609.707816004753	-1153.3460629582405	-4664.087506949902	-4810.418247938156	-4914.322747170925	-4611.0951345562935	-4448.449049174786	-1395.0113077759743	-3516.794524908066	-4229.755292773247	-4620.957237780094	-3832.5384486317635	-4504.217880010605	-4353.705096960068	-5024.716016829014	-4025.9461742043495	-4957.067421019077	-4786.718164920807	-4525.999412119389	-4546.919794023037	-4959.8236110806465	-4360.418939292431	-3599.297015249729	-1410.334504365921	-4502.266054332256	-4989.7770475149155	-3571.49320435524	-4503.424971401691	-5026.066195189953	-7361.826710879803	-2612.1286992430687	-3743.3086562752724	-4467.628448784351	-1005.98456209898
-1619.578949391842	-1605.4148643612862	-4977.1706547141075	-5013.990676045418	-4482.717536866665	-4386.548329293728	-4868.00393563509	-4951.480981647968	-4820.531229197979	-1268.1623270511627	-4428.566711306572	-1443.7044762969017	-1688.1164214611053	-4477.714965343475	-4823.071613669395	-4323.838636159897	-4560.253542900085	-1088.1231234669685	-4612.6326558589935	-4864.699374437332	-4960.269915521145	-4544.28818666935	-4424.137734949589	-1333.4591098427773	-3566.1036059856415	-4283.4744819402695	-4681.079559803009	-3890.3383615612984	-4455.423704445362	-4408.89458823204	-5073.266569197178	-4085.8362565636635	-5018.712499678135	-4848.735525608063	-4462.614325642586	-4455.189152777195	-5026.424244761467	-4415.452931404114	-3671.3990629315376	-1370.645145058632	-4434.4096547961235	-5052.024385809898	-3633.872359395027	-4451.840244591236	-5073.792996585369	-7410.483877837658	-2664.7251853346825	-3806.4822728037834	-4420.7292883992195	-957.8748279213905
-1586.362343966961	-3932.5903999209404	-4178.614543199539	-4239.112871468067	-4440.310090661049	-4514.346602380276	-4373.888772428036	-4976.033312141895	-4316.413226544857	-3559.579085469246	-4298.230704545975	-1945.0352197885513	-3869.559315621853	-4441.381520450115	-4336.344857394695	-4316.543071985245	-4635.451050579548	-3429.830436170101	-4462.065859556198	-4104.69815915823	-4501.836026906967	-4685.828627169132	-4382.282884418964	-1765.8807964920998	-5790.131045997143	-3345.4943529963493	-2920.4888964891434	-3859.695493042469	-4298.504389047623	-3540.5582308769226	-4185.131744921207	-3656.5503844618797	-5008.080047011375	-3079.763558447361	-4384.817909181118	-4682.0751203894615	-4517.80398619175	-3369.3755757808685	-5831.519407868385	-1693.4088624119759	-4360.282546043396	-5045.982068538666	-5837.628828585148	-4471.3278668522835	-4069.860710978508	-7377.879134654999	-2740.970210671425	-3783.331940174103	-4512.216339290142	-2338.9047422409058
-6860.11375105381	-5751.16080904007	-4216.289397239685	-4172.311842918396	-4251.416553020477	-4535.099322855473	-4357.150766074657	-4145.214080274105	-4415.934224784374	-6045.26990801096	-4408.211768209934	-6989.985986292362	-5393.139169156551	-4420.277887046337	-4381.252382457256	-4594.6913768053055	-4241.396475672722	-6140.576350271702	-4399.450960934162	-4367.8872327804565	-4424.023299098015	-4508.216343164444	-4430.142581522465	-7063.0506747365	-3569.250772356987	-5943.6705867648125	-5641.98973608017	-5573.108522236347	-4548.527587115765	-5826.052174448967	-4288.852525651455	-5209.940119802952	-4157.011606156826	-5572.122464954853	-4399.139095067978	-4523.199518918991	-4405.1172342300415	-6070.912537276745	-3568.067894935608	-7031.991619110107	-4564.291218698025	-4345.0525904893875	-3586.832619011402	-4392.384687423706	-5077.020746707916	-2166.1641095876694	-6701.073983609676	-5422.516352057457	-4506.814707398415	-6691.117258250713
-1520.8103820681572	-3979.189028918743	-4227.850556612015	-4288.783386528492	-4383.300340294838	-4456.633847773075	-4342.242888867855	-5027.7956131100655	-4375.143000423908	-3530.847987651825	-4247.928693771362	-1891.3674335479736	-3927.8231667876244	-4408.0598766207695	-4387.355029284954	-4286.975712060928	-4585.99677747488	-3364.607496678829	-4410.61100846529	-4158.979285657406	-4547.783195257187	-4619.021679282188	-4357.971570193768	-1704.3285985589027	-5839.4401270747185	-3399.213542163372	-2980.6112185120583	-3917.495405972004	-4249.71021348238	-3595.7477221488953	-4233.6822972893715	-3716.4404668211937	-5069.725125670433	-3141.780919134617	-4321.432822704315	-4590.3444791436195	-4584.40461987257	-3424.4095678925514	-5903.621455550194	-1653.7195031046867	-4292.426146507263	-5108.229406833649	-5900.007983624935	-4419.743140041828	-4117.587512373924	-7426.536301612854	-2793.5666967630386	-3846.505556702614	-4465.31717890501	-2290.7950080633163
-1514.105683863163	-1816.4748784303665	-4354.039371013641	-4411.865876555443	-4180.102137327194	-4200.407351791859	-4985.536815643311	-5110.891045451164	-4978.086560070515	-1329.6689462065697	-4320.133577287197	-1253.2592853307724	-1820.1552696824074	-4366.054978489876	-4988.650339841843	-4298.139545798302	-4359.917750895023	-1229.230169057846	-4254.170701384544	-4254.966322124004	-5117.642850756645	-4647.146859705448	-4124.925444722176	-1251.4133714437485	-3648.9255046248436	-5047.834777653217	-4732.587666332722	-5643.8937792778015	-4264.120124280453	-5077.594576179981	-4318.802075445652	-5824.369775176048	-5169.421988248825	-4781.741252839565	-4376.109888911247	-4626.345385432243	-5120.722611308098	-5174.272859096527	-3779.4341809749603	-1396.0145805478096	-4225.874630630016	-5141.952877640724	-3662.898147404194	-4351.344755411148	-4285.370202422142	-7563.015653133392	-2885.3851927518845	-5556.920577168465	-4563.344006121159	-1912.9256846308708
-1335.7356503009796	-2054.2978340387344	-4592.345847129822	-4630.970490813255	-3991.9776794314384	-4015.6043013334274	-4703.884804666042	-5345.790167570114	-4713.419873893261	-1533.7011719346046	-4128.2870054244995	-1513.5765672922134	-2062.476892888546	-4135.109458446503	-4748.770342946053	-4033.897143602371	-4158.599638521671	-1459.4491964578629	-3996.282306432724	-4488.323678672314	-4884.644615888596	-4877.243498265743	-3949.2598821520805	-1465.856035232544	-3893.2435713410378	-5292.2271183133125	-4962.768758177757	-5855.968454658985	-4006.245052397251	-5313.1505489349365	-4583.5445484519005	-5620.147680342197	-5404.3684312701225	-5011.4061742424965	-4144.6518542170525	-4880.11939316988	-4821.622073769569	-5405.058344841003	-4010.159723997116	-1644.971153974533	-3966.5225591659546	-5403.5031505823135	-3915.3171324133873	-4178.651760220528	-4504.817693352699	-7790.222685098648	-3129.35160112381	-5777.4642506837845	-4786.547292113304	-2163.588758647442
-1181.5266159772873	-2068.1246952414513	-4631.2329832315445	-4664.604003250599	-4023.985040605068	-4055.766143321991	-5295.204878389835	-5352.303219139576	-5265.616608977318	-1685.1629187464714	-4033.829605937004	-1028.0068562030792	-2079.045628607273	-4110.327545762062	-5234.299862027168	-3875.2992441654205	-4100.680092394352	-1513.780296087265	-4142.975683033466	-4532.706126451492	-5382.003807604313	-4975.8259319067	-3920.414824783802	-926.7790020704269	-3995.246108174324	-4708.866916298866	-4254.762999951839	-4358.463491261005	-4056.2490238547325	-4877.93863016367	-4635.9727482795715	-4517.598316252232	-5439.772529423237	-4503.359660148621	-3995.8684101104736	-4870.881735384464	-5440.728476643562	-4849.695569634438	-4114.876397192478	-1068.3397400975227	-4072.3318243026733	-5490.3223596811295	-4059.0898910164833	-4067.9145045876503	-5513.083973526955	-7812.196189343929	-3112.4784218668938	-4211.133797585964	-4834.993356823921	-548.2773844003677
-1207.6369039416313	-2086.78486341238	-5449.899993419647	-5497.440160393715	-4080.6563580036163	-3919.7949987649918	-5403.116717517376	-5424.494479954243	-5266.137202322483	-1800.121325492859	-4032.576825797558	-1028.8300430178642	-2148.525666832924	-4030.6734864115715	-5313.118271887302	-3861.6266093850136	-4093.529517829418	-1655.940952718258	-4034.963372886181	-5323.638890743256	-5456.556785523891	-5110.145167529583	-3985.106544673443	-921.9163994789124	-4028.9742389321327	-3749.5572379231453	-4191.848146557808	-4336.504206240177	-3995.8732427358627	-3918.0562755465508	-5521.314945399761	-4544.189350247383	-5492.89765816927	-4336.110778868198	-4077.99775826931	-5102.374325573444	-5501.027873516083	-3843.7968784570694	-4079.6112026572227	-925.8985757827759	-4017.4959859251976	-5470.73688685894	-4056.083569765091	-3985.993715405464	-4600.298168361187	-7905.297142803669	-3151.4381766319275	-4299.796504199505	-4963.04139482975	-1531.9740157723427
-1142.0849420428276	-2133.383492410183	-5499.136006832123	-5547.11067545414	-4023.6466076374054	-3862.082244157791	-5371.470833957195	-5476.256780922413	-5324.866976201534	-1771.390227675438	-3982.2748150229454	-975.1622567772865	-2206.7895179986954	-3997.351842582226	-5364.128443777561	-3832.059249460697	-4044.0752447247505	-1590.718013226986	-3983.508521795273	-5377.920017242432	-5502.503953874111	-5043.338219642639	-3960.795230448246	-860.3642015457153	-4078.2833200097084	-3803.276427090168	-4251.970468580723	-4394.304119169712	-3947.07906717062	-3973.2457668185234	-5569.865497767925	-4604.079432606697	-5554.542736828327	-4398.128139555454	-4014.612671792507	-5010.643684327602	-5567.628507196903	-3898.8308705687523	-4151.713250339031	-886.2092164754868	-3949.639586389065	-5532.984225153923	-4118.462724804878	-3934.408988595009	-4648.024969756603	-7953.954309761524	-3204.0346627235413	-4362.970120728016	-4916.142234444618	-1483.8642815947533
-6382.619743704796	-6279.129437088966	-4738.2547493577	-4705.431842327118	-3792.345623791218	-4010.633237719536	-4860.617664396763	-4669.98987954855	-4920.2699717879295	-6548.497808635235	-3961.9198719263077	-6521.443766772747	-5911.812265694141	-3939.9147642850876	-4922.309212565422	-4102.911990106106	-3725.218177497387	-6643.171240031719	-3770.3268268704414	-4881.107875585556	-4966.257337450981	-5007.2663761377335	-3966.800077021122	-6589.955766439438	-4081.430486381054	-5463.472531914711	-5212.880644857883	-6077.074279844761	-4040.1829498410225	-5390.40335303545	-4785.451454222202	-5728.183295845985	-4692.841843307018	-5121.515078902245	-3951.1374412178993	-5078.6540504693985	-4946.321496665478	-5554.290476441383	-4048.3820823431015	-6547.555690526962	-4079.521150290966	-4826.012429833412	-4071.422984421253	-3874.953431427479	-4651.25271987915	-2709.6345415115356	-7240.383460998535	-5979.004199981689	-5002.227653443813	-7217.106711924076
-1003.1565824151039	-2305.947650849819	-4869.539459347725	-4883.708617508411	-3835.8605827093124	-3870.9630928635597	-5013.552867412567	-5587.202341258526	-5000.949922800064	-1889.1951444745064	-3841.9830340743065	-1288.3241381645203	-2321.3672518134117	-3879.382025718689	-4994.419865131378	-3611.05684196949	-3899.361980021	-1743.9993234872818	-3885.087288081646	-4766.063482999802	-5149.005572736263	-5205.922570466995	-3744.749262213707	-1141.2216658592224	-4239.564174890518	-4953.2592569589615	-4484.944091796875	-4570.538166642189	-3798.373951971531	-5113.494602918625	-4900.71522128582	-4313.376221418381	-5674.718972444534	-4733.024581551552	-3764.410375416279	-5124.655743122101	-5141.627939105034	-5080.481055378914	-4345.601940214634	-1317.2963135242462	-3812.9797528386116	-5751.872632622719	-4311.508876025677	-3895.22150939703	-5732.531464457512	-8039.403221309185	-3356.444830238819	-4431.677471101284	-5058.196642816067	-798.9404584169388
-6180.993096411228	-4642.528739929199	-5629.2003472447395	-5706.913166105747	-3726.1677349209785	-3729.2037257552147	-5587.509249210358	-4893.182934522629	-5543.344631850719	-4293.814522087574	-3477.995563209057	-5925.599097132683	-4534.316108465195	-3668.297083199024	-5524.269369602203	-4053.505885720253	-3995.027670621872	-4205.005324482918	-4102.654329955578	-5740.776091456413	-5682.959156990051	-5386.364740908146	-3678.1119360923767	-5904.8109176158905	-6443.036451995373	-6652.1211050748825	-7191.313135623932	-6219.478667616844	-3622.2103366851807	-6594.8594299554825	-5756.088325023651	-6343.376586019993	-4862.08620595932	-7089.744878292084	-3843.760293364525	-5350.27776747942	-5753.084461390972	-6777.383320391178	-6502.336466729641	-5736.312473475933	-3675.1154925227165	-5014.586084663868	-6487.302332818508	-3751.2491167783737	-5662.344795286655	-2896.7142826914787	-3474.738968908787	-6070.440507471561	-5318.1363307237625	-5534.219111382961
-963.7149084806442	-2371.206448018551	-5737.442482948303	-5766.215289711952	-3835.5221497416496	-3677.27919369936	-5089.818822979927	-5711.155903041363	-5060.200290024281	-1975.422453403473	-3790.428243160248	-1235.4795387387276	-2449.111141204834	-3766.4063225388527	-5124.248446881771	-3567.8168472647667	-3842.7571323513985	-1820.9370406270027	-3725.6201268434525	-5611.277373790741	-5269.505719006062	-5273.434858202934	-3785.129667878151	-1074.8068653345108	-4322.601386725903	-4047.668767750263	-4482.151560425758	-4606.378794550896	-3689.2039952874184	-4208.801739573479	-5834.607970774174	-4399.857337772846	-5789.489179849625	-4627.7930609583855	-3783.1546370983124	-5264.417692065239	-5268.527969658375	-4129.616356313229	-4382.438793361187	-1135.1657899022102	-3690.287514925003	-5794.534498095512	-4370.881709814072	-3761.7159934043884	-4867.4724606871605	-8181.16134172678	-3448.0010710954666	-4583.513794243336	-5139.345520436764	-1734.5273556113243
-769.5845705270767	-2549.4946942925453	-5103.962321937084	-5148.053487598896	-3621.9238617420197	-3589.012812793255	-5830.317660272121	-5825.31671744585	-5711.222582101822	-2217.1219171881676	-3637.83972042799	-613.1324229240417	-2539.4548739790916	-3663.2860668301582	-5724.346520245075	-3413.0872173905373	-3633.9560673236847	-2081.5981253385544	-3565.3064000606537	-4991.645642757416	-5878.2906776070595	-5541.682912766933	-3481.383634507656	-515.236291706562	-4458.116741120815	-4174.949672281742	-3765.5315867066383	-4804.629335939884	-3596.698562145233	-4387.10031747818	-5084.021124482155	-4975.951409935951	-5913.9576879143715	-3990.7349134087563	-3611.251842737198	-5518.066908180714	-5915.332105398178	-4278.039516687393	-4523.088536918163	-623.5931708216667	-3655.4181554317474	-5909.034860730171	-4481.301101386547	-3602.0679754018784	-5039.5891453027725	-8307.00945430994	-3599.191413164139	-4704.448028981686	-5377.305463254452	-1122.3765722513199
-704.032608628273	-2596.093323290348	-5153.19833534956	-5197.724002659321	-3564.9141113758087	-3531.3000581860542	-5798.671776711941	-5877.0790184140205	-5769.952355980873	-2188.3908193707466	-3587.5377096533775	-559.464636683464	-2597.718725144863	-3629.9644230008125	-5775.356692135334	-3383.519857466221	-3584.501794219017	-2016.3751858472824	-3513.8515489697456	-5045.926769256592	-5924.237845957279	-5474.87596487999	-3457.0723202824593	-453.684093773365	-4507.425822198391	-4228.668861448765	-3825.653908729553	-4862.429248869419	-3547.9043865799904	-4442.289808750153	-5132.571676850319	-5035.841492295265	-5975.602766573429	-4052.752274096012	-3547.866756260395	-5426.336266934872	-5981.932739078999	-4333.073508799076	-4595.190584599972	-583.9038115143776	-3587.5617558956146	-5971.282199025154	-4543.680256426334	-3550.483248591423	-5087.315946698189	-8355.666621267796	-3651.7878992557526	-4767.621645510197	-5330.40630286932	-1074.2668380737305
-591.2145369648933	-2787.3176499009132	-5342.268798053265	-5367.1581018567085	-3433.799403846264	-3404.2097623348236	-5548.665649294853	-6060.2158395648	-5446.555895924568	-2421.1541429162025	-3445.9931485652924	-873.4497048854828	-2781.7764971852303	-3432.340546786785	-5484.466523349285	-3148.844815194607	-3432.6379549503326	-2311.817152738571	-3307.4180051088333	-5225.002999305725	-5645.29244273901	-5771.779551327229	-3305.718071937561	-729.6789554953575	-4702.434807837009	-4419.342012941837	-3995.712678551674	-5016.704011321068	-3338.8234902620316	-4622.656290233135	-5348.763597488403	-4771.7293151021	-6148.904130935669	-4220.3998348116875	-3379.793808043003	-5771.84091591835	-5616.23156785965	-4508.8250024318695	-4753.814079940319	-872.5497442483902	-3396.0660839676857	-6170.585133671761	-4733.7200863957405	-3429.374980211258	-5259.03663623333	-8534.216486275196	-3843.157821536064	-4924.9917024970055	-5600.508749246597	-1373.039646267891
-525.6625750660896	-2833.916278898716	-5391.50481146574	-5416.828616917133	-3376.789653480053	-3346.497007727623	-5517.019765734673	-6111.97814053297	-5505.285669803619	-2392.4230450987816	-3395.69113779068	-819.7819186449051	-2840.0403483510017	-3399.0189029574394	-5535.476695239544	-3119.2774552702904	-3383.183681845665	-2246.594213247299	-3255.9631540179253	-5279.284125804901	-5691.23961108923	-5704.972603440285	-3281.406757712364	-668.1267575621605	-4751.743888914585	-4473.06120210886	-4055.835000574589	-5074.503924250603	-3290.029314696789	-4677.845781505108	-5397.314149856567	-4831.619397461414	-6210.549209594727	-4282.417195498943	-3316.4087215662003	-5680.110274672508	-5682.83220154047	-4563.858994543552	-4825.9161276221275	-832.8603849411011	-3328.209684431553	-6232.8324719667435	-4796.099241435528	-3377.7902534008026	-5306.763437628746	-8582.873653233051	-3895.754307627678	-4988.1653190255165	-5553.609588861465	-1324.9299120903015
-5572.546668469906	-7058.747881948948	-5537.413713693619	-5491.289968430996	-3177.1575978398323	-3341.5259441137314	-5673.752625465393	-5436.177852511406	-5712.135767698288	-7407.219681799412	-3229.324004292488	-5827.649118125439	-6689.375721156597	-3203.8242087960243	-5709.015564858913	-3188.292301774025	-2949.8022208213806	-7430.316256821156	-3030.0076744556427	-5672.0683227181435	-5772.852332651615	-5834.995481312275	-3298.9469525814056	-5792.226488769054	-4939.930803954601	-4644.3066157102585	-4305.946887254715	-5295.6097494363785	-3323.96721214056	-4755.098585605621	-5599.221055626869	-4939.655012965202	-5499.022621631622	-4392.526100158691	-3122.894308567047	-5878.644931972027	-5807.5316244363785	-4713.091126143932	-4864.138485968113	-5735.44492149353	-3441.2082755565643	-5655.341751217842	-4952.205093443394	-3074.0919246077538	-5453.198464155197	-3502.285509645939	-8006.786167502403	-5189.7052683234215	-5769.289950191975	-6378.447865366936
-5370.920021176338	-5422.147184789181	-6428.359311580658	-6492.771292209625	-3110.979708969593	-3060.0964321494102	-6400.644210278988	-5659.370907485485	-6335.210427761078	-5152.536395251751	-2745.3996955752373	-5231.804448485374	-5311.87956392765	-2932.206527709961	-6310.975721895695	-3138.886197388172	-3219.6117139458656	-4992.150341272354	-3362.335177540779	-6531.736538589001	-6489.554152190685	-6214.093846082687	-3010.2588116526604	-5107.081639945507	-7301.53676956892	-5832.95518887043	-6284.379378020763	-5438.014137208462	-2905.9945989847183	-5959.554662525654	-6569.857926428318	-5554.84830313921	-5668.266984283924	-6360.755899548531	-3015.5171607136726	-6150.268648982048	-6614.294589161873	-5936.183970093727	-7318.092870354652	-4924.201704442501	-3036.802617788315	-5843.915406048298	-7368.084441840649	-2950.3876099586487	-6464.290539562702	-3689.365250825882	-4241.141675412655	-5281.1415758132935	-6085.198627471924	-4695.560264825821
-4893.426013827324	-5950.1158128380775	-6950.324663698673	-7025.891291618347	-2651.9087797403336	-2535.6303470134735	-6904.111108601093	-6184.14670675993	-6839.546174764633	-5655.764295876026	-2299.1077992916107	-4763.262228965759	-5830.5526604652405	-2451.8434049487114	-6852.0325520038605	-2647.1068106889725	-2703.4334157705307	-5494.7452310323715	-2733.2110434770584	-7044.9571813941	-7031.788190543652	-6713.143879055977	-2546.9163071513176	-4633.986731648445	-7813.716483592987	-5352.7571340203285	-5855.270286798477	-5941.9798948168755	-2397.649961709976	-5523.905841112137	-7066.456854999065	-6073.091479182243	-6204.097221434116	-5910.148513495922	-2567.515506863594	-6705.723180532455	-7155.498851597309	-5419.561909258366	-7798.407057762146	-4439.765775859356	-2552.032549381256	-6324.8752453923225	-7852.6748072505	-2432.9563539624214	-6038.522512733936	-4232.835682749748	-4780.451152801514	-5837.629423737526	-6580.6115735173225	-5221.549718499184
-4455.373680412769	-6412.825643718243	-6604.38699221611	-6676.504618823528	-2193.176283478737	-2204.8481610417366	-7331.312051355839	-6584.968944251537	-7284.631554543972	-6072.764887571335	-1904.3706939220428	-4347.564608871937	-6221.481867611408	-2084.455985367298	-7263.260800361633	-2198.567418694496	-2243.859965264797	-5920.402403652668	-2263.554070651531	-6712.96393340826	-7453.52208262682	-7144.681624293327	-2043.1933969855309	-4227.306623876095	-8242.85898578167	-5778.149568378925	-5428.953726947308	-6410.1050245165825	-1998.4752811193466	-5992.949883043766	-6629.163034081459	-6504.8535388708115	-6625.157251179218	-5564.77264803648	-2100.769591331482	-7121.415763139725	-7569.803083479404	-5853.804547488689	-8241.884392023087	-4137.460370898247	-2189.954718887806	-6763.173219263554	-8277.892338871956	-2049.0306139588356	-6477.813489675522	-4634.54799425602	-5228.204389333725	-6242.280948519707	-6994.875641942024	-4811.952274978161
-4277.003646850586	-6650.648599326611	-6842.693468332291	-6895.609233081341	-2005.051825582981	-2020.0451105833054	-7049.660040378571	-6819.868066370487	-7019.964868366718	-6276.79711329937	-1712.5241220593452	-4607.881890833378	-6463.803490817547	-1853.510465323925	-7023.380803465843	-1934.3250164985657	-2042.5418528914452	-6150.621431052685	-2005.6656756997108	-6946.32128995657	-7220.52384775877	-7374.778262853622	-1867.5278344154358	-4441.74928766489	-8487.177052497864	-6022.5419090390205	-5659.134818792343	-6622.179699897766	-1740.600209236145	-6228.505855798721	-6893.9055070877075	-6300.631444036961	-6860.103694200516	-5794.437569439411	-1869.3115566372871	-7375.189770877361	-7270.702545940876	-6084.590033233166	-8472.609935045242	-4386.41694432497	-1930.6026474237442	-7024.723492205143	-8530.31132388115	-1876.3376187682152	-6697.260980606079	-4861.755026221275	-5472.17079770565	-6462.824622035027	-7218.07892793417	-5062.615348994732
-4211.451684951782	-6697.247228324413	-6891.929481744766	-6945.279748141766	-1948.0420752167702	-1962.3323559761047	-7018.01415681839	-6871.630367338657	-7078.6946422457695	-6248.066015481949	-1662.2221112847328	-4554.2141045928	-6522.067341983318	-1820.1888214945793	-7074.390975356102	-1904.7576565742493	-1993.0875797867775	-6085.398491561413	-1954.2108246088028	-7000.602416455746	-7266.47101610899	-7307.971314966679	-1843.216520190239	-4380.197089731693	-8536.48613357544	-6076.261098206043	-5719.257140815258	-6679.979612827301	-1691.8060336709023	-6283.695347070694	-6942.456059455872	-6360.521526396275	-6921.748772859573	-5856.454930126667	-1805.9264701604843	-7283.459129631519	-7337.3031796216965	-6139.624025344849	-8544.71198272705	-4346.727585017681	-1862.7462478876114	-7086.970830500126	-8592.690478920937	-1824.7528919577599	-6744.987782001495	-4910.412193179131	-5524.767283797264	-6525.998238563538	-7171.179767549038	-5014.5056148171425
-4026.3769531846046	-4772.356033444405	-7256.424772262573	-7287.466852426529	-1556.7194143533707	-1521.302809536457	-7379.656072616577	-7189.624921798706	-7416.971515715122	-4250.919199764729	-1542.58042293787	-4176.42323833704	-4656.72106808424	-1547.2384033203125	-7435.8062890172005	-1651.6790881156921	-1565.6904408335686	-4180.2401913404465	-1539.8821225762367	-7329.9468094706535	-7603.332436740398	-7566.1931339502335	-1434.504832148552	-4141.7245264053345	-6590.289577841759	-7969.274674355984	-7701.414680480957	-8618.452661514282	-1448.3408725857735	-8001.098173856735	-7292.318310618401	-8264.228739917278	-7256.392078459263	-7726.080185234547	-1629.1455016732216	-7573.23404365778	-7574.520633518696	-8120.272802293301	-6651.250251173973	-4337.9792358875275	-1536.8426605463028	-7382.244574248791	-6607.999627709389	-1583.6615121364594	-7132.21796298027	-5274.098576664925	-5860.552188158035	-8456.956932544708	-7492.409880757332	-4887.299365401268
-3693.797885298729	-5024.005850255489	-7533.618384480476	-7540.204979121685	-1400.6023176312447	-1376.6616010665894	-7689.324135363102	-7431.037095487118	-7704.501564621925	-4606.41317230463	-1256.276451587677	-3951.1708092093468	-4915.611427009106	-1291.5109705924988	-7681.455811202526	-1228.838786482811	-1306.4527823328972	-4464.790318369865	-1428.6871042251587	-7607.6866137981415	-7867.693393588066	-7894.872206151485	-1229.9942122101784	-3817.090157032013	-6936.610181391239	-7630.306813001633	-7223.590014100075	-7333.022373497486	-1240.4697721600533	-7801.442227840424	-7609.48898345232	-6957.457280993462	-7526.742619633675	-7447.698592543602	-1248.904022872448	-7817.770393610001	-7894.52649885416	-7795.695512831211	-6986.692467391491	-4010.3043954372406	-1383.2998542189598	-7730.614056289196	-7004.191371321678	-1300.2312613129616	-8359.931734085083	-5523.279112875462	-6087.645417273045	-7111.170152962208	-7764.059231460094	-3522.651065170765
-3654.3562113642693	-5089.264647424221	-8401.521408081055	-8422.711651325226	-1400.2638846635818	-1182.9777019023895	-7765.590090930462	-7554.990657269955	-7763.751931846142	-4692.640481233597	-1204.7216606736183	-3898.326209783554	-5043.355316400528	-1178.5352674126625	-7811.284392952919	-1185.5987917780876	-1249.8479346632957	-4541.728035509586	-1269.2199429869652	-8452.90050458908	-7988.193539857864	-7962.3844938874245	-1270.3746178746223	-3750.6753565073013	-7019.6473932266235	-6724.716323792934	-7220.797482728958	-7368.863001406193	-1131.2998154759407	-6896.749364495277	-8543.381732940674	-7043.938397347927	-7641.512827038765	-7342.467071950436	-1267.6482845544815	-7957.532342553139	-8021.426529407501	-6844.830813765526	-7023.529320538044	-3828.1738718152046	-1260.6076163053513	-7773.27592176199	-7063.564205110073	-1166.7257453203201	-7494.872730314732	-5665.0372332930565	-6179.201658129692	-7263.0064761042595	-7845.2081090807915	-4458.23796236515
-3394.673911511898	-5314.151522696018	-7817.277260482311	-7854.220364272594	-1129.655846297741	-1036.9985663890839	-8474.443044662476	-7720.9137726426125	-8473.503997802734	-4905.6088472008705	-1001.831127166748	-3222.3113077282906	-5191.962900340557	-1042.0933678746223	-8462.392638206482	-1001.3018019795418	-991.5925965309143	-4737.166180729866	-1057.4513651132584	-7887.549900054932	-8642.925666809082	-8163.82560056448	-942.3172702789307	-3129.5525849461555	-7204.471828699112	-6905.716417491436	-6564.299831032753	-7624.913455724716	-990.0002067685127	-7130.237433671951	-7841.345439016819	-7679.922551870346	-7827.626413762569	-6767.426285088062	-1032.3604037165642	-8119.450917422771	-8734.831298828125	-7048.287966251373	-7236.281111776829	-3276.911893427372	-1157.8818572759628	-7950.023622691631	-7236.362751722336	-955.4930005073547	-7714.71621632576	-5839.542512834072	-6382.988486289978	-7447.11432737112	-8036.268891513348	-3797.9774448275566
-3281.8558398485184	-5505.375849306583	-8006.347723186016	-8023.654463469982	-998.5411387681961	-909.9082705378532	-8224.436917245388	-7904.050593793392	-8150.107537746429	-5138.372170746326	-860.2865660786629	-3536.2963759303093	-5376.020672380924	-844.4694916605949	-8171.502469420433	-766.6267597079277	-839.7287572622299	-5032.608147621155	-851.017821252346	-8066.626130104065	-8363.980263590813	-8460.729187011719	-790.9630219340324	-3405.547446668148	-7399.48081433773	-7096.3895689845085	-6734.358600854874	-7779.188218176365	-780.9193104505539	-7310.603915154934	-8057.537359654903	-7415.810374677181	-8000.927778124809	-6935.073845803738	-864.2874554991722	-8464.95556640625	-8369.130127608776	-7224.039459884167	-7394.904607117176	-3565.5578261613846	-966.3861853480339	-8149.326557338238	-7426.402581691742	-834.3847321271896	-7886.436905860901	-6018.092377841473	-6574.35840857029	-7604.484384357929	-8306.371337890625	-4096.750253021717
-3216.3038779497147	-5551.974478304386	-8055.583736598492	-8073.324978530407	-941.5313884019852	-852.1955159306526	-8192.791033685207	-7955.812894761562	-8208.83731162548	-5109.6410729289055	-809.9845553040504	-3482.6285896897316	-5434.284523546696	-811.1478478312492	-8222.512641310692	-737.0593997836113	-790.2744841575623	-4967.385208129883	-799.562970161438	-8120.907256603241	-8409.927431941032	-8393.922239124775	-766.6517077088356	-3343.995248734951	-7448.789895415306	-7150.108758151531	-6794.4809228777885	-7836.9881311059	-732.1251348853111	-7365.793406426907	-8106.0879120230675	-7475.700457036495	-8062.572856783867	-6997.0912064909935	-800.9023690223694	-8373.224925160408	-8435.730761289597	-7279.07345199585	-7467.0066547989845	-3525.8684668540955	-898.5297858119011	-8211.57389563322	-7488.781736731529	-782.8000053167343	-7934.163707256317	-6066.749544799328	-6626.954894661903	-7667.65800088644	-8259.472177505493	-4048.6405188441277
