-5006.244730949402	-22792.390625	-24332.1171875	-3690.737211227417	-21566.55859375	-5249.4083824157715	-5862.470642089844	-6128.079412460327	-4536.650146484375	-4925.344665527344	-22637.619158267975	-2240.47895526886	-4687.8466796875	-6585.1179022789	-9446.664596557617	-6101.539255142212	-16169.75390625	-17037.2734375	-5904.809181213379	-22757.6796875	-16528.078125	-141.23653954267502	-158.38772851228714	-147.74025869369507	-145.52337032556534	-150.80698639154434	-144.76391005516052	-19577.72265625
-4967.097460746765	-22540.10156661272	-24091.578187823296	-3652.0480937957764	-21314.917973816395	-5192.931796371937	-5788.158904492855	-6050.581159353256	-4480.572448015213	-4877.549690246582	-22419.408256947994	-2288.6676597595215	-4649.63346862793	-6513.370790541172	-9327.624502062798	-6045.402153015137	-16029.650065898895	-16875.315758645535	-5837.718946933746	-22487.992187917233	-16356.089503765106	-203.3439422249794	-203.9055317044258	-204.11654603481293	-195.3029666543007	-197.72762542963028	-196.75015997886658	-19386.371100783348
-4948.973353385925	-22466.179690063	-24034.132819473743	-3644.247167646885	-21288.183595776558	-5177.64010733366	-5789.769941329956	-6050.564293861389	-4493.3716894984245	-4863.381874084473	-22372.772660791874	-2215.9744386672974	-4632.62141418457	-6519.435948848724	-9313.091412782669	-6025.360932230949	-15982.259273588657	-16835.031393885612	-5832.640982866287	-22490.42206311226	-16373.470268309116	-22.58491438627243	-38.614712953567505	-27.623848259449005	-25.812893450260162	-30.651151835918427	-25.63170349597931	-19331.88679921627
-4915.116823196411	-22415.476582169533	-23930.828232884407	-3596.035184919834	-21189.98061990738	-5148.973297059536	-5763.814016342163	-6022.949989318848	-4468.589847564697	-4824.4564980864525	-22227.634867846966	-2203.9751710891724	-4604.31188583374	-6409.601409256458	-9419.068161010742	-5952.784468889236	-15888.145347297192	-16746.06290334463	-5794.285695075989	-22374.41407454014	-16275.666619956493	-240.86072701215744	-244.29587250947952	-254.8260390162468	-239.80823302268982	-240.62273317575455	-239.0863270163536	-19213.183636188507
-4858.489142179489	-22175.164237737656	-23659.50792044401	-3607.6905369758606	-20999.19951939583	-5107.408112406731	-5700.985983192921	-5957.63210183382	-4381.48305618763	-4780.575647830963	-22034.99421209097	-2180.052258491516	-4562.664310455322	-6726.161148071289	-9162.081004858017	-5907.973705112934	-15707.348415732384	-16578.387866079807	-5757.336750507355	-22136.29688501358	-16067.035306930542	-290.2572657465935	-292.2570570111275	-282.17094391584396	-297.3678729534149	-281.20627361536026	-285.63629031181335	-19060.83216303587
-4849.617307007313	-22109.29695945978	-23576.382816672325	-3613.6394968032837	-20883.113315999508	-5376.3367919921875	-5665.235248684883	-5901.313247799873	-4403.64564204216	-4786.1555252075195	-21924.68960905075	-2169.6641969680786	-4545.250961303711	-6365.459668934345	-9107.89878720045	-5902.066792190075	-15666.772588551044	-16519.923829197884	-5743.497327804565	-22102.37513613701	-15992.398818731308	-311.5948664546013	-288.620701611042	-305.2252240180969	-301.5051169991493	-304.8599286675453	-314.91472029685974	-18960.550828516483
-4980.344395935535	-22133.02837461233	-23598.359436035156	-3557.73062813282	-20891.33991587162	-5104.4175815582275	-5683.3093848228455	-5934.3011184334755	-4397.933118462563	-4920.743019104004	-21949.783355414867	-2172.208966255188	-4538.1903076171875	-6386.8243716955185	-9126.44862818718	-5899.580675840378	-15654.269985556602	-16489.070831775665	-5720.5715671777725	-22114.97668892145	-16028.365557432175	-311.8443929553032	-303.67646676301956	-306.10851097106934	-308.6780987381935	-310.62738329172134	-311.24297523498535	-19016.953902244568
-4767.361234426498	-21798.25019490719	-23258.21896582842	-3512.9885106682777	-20622.621545553207	-5006.973027050495	-5602.32935744524	-5852.502678692341	-4313.422757267952	-4679.687480390072	-21625.00992166996	-2143.5484743118286	-4479.1295166015625	-6550.644655048847	-9134.484569311142	-5759.218918859959	-15425.739856779575	-16287.177331924438	-5646.813264369965	-21753.03127205372	-15814.623801887035	-389.8814532160759	-378.16520100831985	-389.2567242383957	-391.6527356505394	-371.02202039957047	-379.95870727300644	-18696.293142974377
-4794.084741592407	-21822.540281116962	-23229.64846289158	-3508.548034131527	-20526.339963138103	-5008.823554992676	-5598.598018229008	-5861.595926165581	-4325.032979428768	-4705.609749317169	-21692.240504443645	-2142.819073677063	-4475.340797424316	-6224.791665375233	-8953.32045173645	-6322.012060165405	-15401.066294908524	-16268.892236471176	-5652.774110376835	-21751.078299164772	-15765.505284488201	-397.6527372598648	-380.93338721990585	-403.4567503333092	-404.1557550430298	-389.99447125196457	-372.77393567562103	-18688.554223895073
-4771.875617265701	-21741.335468828678	-23267.187582671642	-3514.926128387451	-20603.332544207573	-4982.130467474461	-5809.7054443359375	-6076.169902801514	-4285.243244290352	-4716.9779316186905	-21557.3927243948	-2132.0064973831177	-4466.913377761841	-6256.421441495419	-8951.197647929192	-5811.762920796871	-15411.433907449245	-16283.72644931078	-5597.444908261299	-21708.742401063442	-15790.236416399479	-393.65919655561447	-373.7949932217598	-373.88139486312866	-382.94083124399185	-387.78502064943314	-385.1737802028656	-18670.918892979622
-4718.237263917923	-21533.04697829485	-23055.336605668068	-3776.0951986908913	-20435.949662089348	-4935.776018977165	-5542.341368675232	-5805.333164870739	-4374.378514409065	-4659.493893444538	-21422.220907330513	-2152.35737323761	-4447.358818054199	-6217.572303891182	-8845.381328999996	-5734.928133606911	-15267.18711823225	-16101.01664608717	-5666.53796172142	-21564.195399284363	-15599.639940679073	-447.83816146850586	-421.1465131044388	-427.18408823013306	-450.0358885526657	-424.0803843140602	-447.68090176582336	-18536.644936203957
-4710.089856863022	-21472.039259970188	-22960.234597802162	-3466.4984670877457	-20344.246547579765	-4935.204751968384	-5529.628656685352	-5774.987560093403	-4270.1443002820015	-4617.724688947201	-21360.16342419386	-2119.043957710266	-4423.904251098633	-6484.962701618671	-9000.911385536194	-5683.040595948696	-15238.245224118233	-16084.935288310051	-5574.645066022873	-21485.773647665977	-15660.015945196152	-271.2298280596733	-258.3921854496002	-269.1403138041496	-271.9422587752342	-250.86618584394455	-260.8265007138252	-18450.457285940647
-4823.716971993446	-21449.934709072113	-22842.62506520748	-3480.632913708687	-20207.894638121128	-5231.345991134644	-5486.073991417885	-5707.534953773022	-4264.928614020348	-4781.55387878418	-21236.853806197643	-2101.3942079544067	-4395.594589233398	-6167.166138350964	-8787.682818830013	-5700.108212888241	-15151.288667857647	-15971.721223473549	-5559.259713768959	-21459.67213755846	-15492.686251163483	-482.20271986722946	-433.90943986177444	-463.5934762954712	-464.6598454117775	-464.6803255677223	-481.39378547668457	-18399.78207451105
-4738.943289756775	-21449.648839831352	-22892.015967786312	-3388.883194029331	-20291.496795594692	-4919.445469021797	-5493.652467548847	-5755.971971094608	-4244.744352579117	-4568.913976728916	-21219.525606513023	-2165.47749042511	-4445.277923583984	-6334.13624227047	-8778.51214569807	-5730.712144494057	-15223.532176792622	-15999.231950163841	-5511.569607436657	-21330.906295895576	-15481.258869051933	-491.580529153347	-463.29647094011307	-465.7172923088074	-482.7765527367592	-470.26590353250504	-494.0348491668701	-18360.46533191204
-4559.715627908707	-20771.48512494564	-22164.71885806322	-3332.736951291561	-19563.113913595676	-4741.545640051365	-5545.8328204751015	-5809.686416506767	-4073.626077234745	-4497.243015408516	-20612.01407057047	-2034.3466157913208	-4254.407495498657	-5896.095204591751	-8457.853503108025	-6032.2357258200645	-14642.746296107769	-15515.345248281956	-5345.409837424755	-20702.141012728214	-15027.66357588768	-650.0753942728043	-596.3406519293785	-629.5978865027428	-641.5732159614563	-626.9725055098534	-613.1838058233261	-17781.750460624695
-4527.562097907066	-20129.5833440423	-21470.742475509644	-3256.3941695690155	-18985.582591950893	-4917.142360687256	-5153.232006013393	-5354.443101406097	-3998.422767817974	-4473.933902204037	-19959.398072123528	-1979.959210395813	-4131.652160644531	-6067.010937690735	-8341.92960780859	-5281.609553694725	-14219.77998572588	-15019.3830742836	-5229.095598578453	-20187.766097724438	-14624.624071359634	-612.1960083842278	-533.9138967990875	-584.9935314059258	-591.0787338614464	-564.7395250201225	-597.4563761353493	-17272.5167042017
-4333.017430901527	-19616.929905056953	-20824.859399199486	-3338.331622362137	-18494.10562133789	-4509.305928170681	-5056.714750230312	-5282.718383669853	-4045.6603702306747	-4287.263788938522	-19466.263979256153	-1980.5828561782837	-4054.0063877105713	-5671.59516531229	-9914.18505859375	-5316.14193469286	-13936.101007521152	-14708.646660387516	-5096.472434699535	-19570.89854210615	-14391.722097337246	-959.0608870983124	-786.3009765744209	-913.1466785669327	-917.824139893055	-875.3180077075958	-922.1812995672226	-16913.77971035242
-3924.561432301998	-17870.01643192768	-19085.500212609768	-3309.948637008667	-17045.475593090057	-4148.617084085941	-4574.646040558815	-4783.916717231274	-3592.7878249287605	-3843.9009073376656	-17786.78825968504	-1828.3536043167114	-3678.517246246338	-5169.890484452248	-7076.7198404073715	-4701.641135931015	-12757.242705762386	-13346.472424864769	-4658.0937413573265	-17823.156504392624	-13047.963836729527	-1375.7994338870049	-1170.2667850852013	-1300.1313616633415	-1335.767403125763	-1235.052007496357	-1387.8122921586037	-15366.584167778492
-3657.259991109371	-16527.274646759033	-17645.39899289608	-3008.094619810581	-15770.41379493475	-3818.654170691967	-4205.827866017818	-4411.809275865555	-3300.8820310235023	-3487.470218539238	-16368.694707930088	-1753.3521394729614	-3435.9484901428223	-4918.908824443817	-6408.567389547825	-4330.81402528286	-11811.020976305008	-12308.43093752861	-4264.854167580605	-16396.3831127882	-12001.14458078146	-1726.1434234976768	-1475.1755275130272	-1618.1083952784538	-1673.0205855369568	-1554.5109246373177	-1737.0832312703133	-14149.326843440533
-3401.083051085472	-15635.933020174503	-16740.070839762688	-2121.5681544542313	-14835.280447602272	-3570.725969672203	-3943.373719573021	-4125.748907804489	-3104.3446697592735	-3383.2614162564278	-15589.870712637901	-1567.3606538772583	-3189.1021766662598	-4403.413069725037	-5873.651738882065	-4165.425589621067	-11112.128309428692	-11695.802623331547	-4061.3755746483803	-15636.703555643559	-11169.337399244308	-1875.755302965641	-1626.0554141402245	-1800.7922735214233	-1855.488745868206	-1753.2091814875603	-1879.7470710277557	-13425.963900744915
-3113.075584053993	-14376.589373469353	-15463.290257930756	-2206.9261419177055	-13704.67151594162	-3257.093606233597	-3623.244446158409	-3803.002660214901	-2942.073037683964	-3117.410644173622	-14374.47246170044	-1479.2390718460083	-2948.614315032959	-4035.8674713373184	-5272.368471324444	-3798.814468085766	-10209.561521410942	-10759.545831918716	-3823.1043551564217	-14443.219267427921	-10240.899214923382	-2182.356924891472	-1888.814198732376	-2080.2361030578613	-2160.0012640953064	-2026.4825794100761	-2182.6640627384186	-12384.886180698872
-1764.0908442139626	-8111.473395228386	-8776.572063326836	-1524.2835505008698	-7908.5267171263695	-1826.3393945097923	-1966.6016700863838	-2086.7325236201286	-1706.3049222230911	-1679.5361971855164	-8105.548011362553	-992.1122560501099	-1696.7161254882812	-2369.6583935022354	-2234.2712643146515	-2028.0892382264137	-5850.82859146595	-6030.703331947327	-2183.1493415236473	-8081.922692716122	-5713.965670704842	-3767.2638088464737	-3205.601997733116	-3550.60423964262	-3687.498479306698	-3430.1865176558495	-3774.9833839535713	-6956.490367889404
-1724.9435740113258	-7859.184336841106	-8536.033063650131	-1485.5944330692291	-7656.886097192764	-1769.8628084659576	-1892.2899324893951	-2009.2342705130577	-1650.2272237539291	-1631.7412219047546	-7887.337110042572	-1040.3009605407715	-1658.502914428711	-2297.9112817645073	-2115.231169819832	-1971.9521360993385	-5710.724751114845	-5868.745653092861	-2116.0591072440147	-7812.235193133354	-5541.977049469948	-3829.371211528778	-3251.119800925255	-3606.980526983738	-3737.278075635433	-3477.1071566939354	-3826.9696338772774	-6765.138812422752
-1278.4144709706306	-5838.278836786747	-6368.634734213352	-1127.5941731333733	-5653.441417038441	-1262.000066101551	-1575.6521108746529	-1690.8412745594978	-1187.2031545042992	-1203.6395717859268	-5861.732022345066	-834.1686210632324	-1225.0637302398682	-1608.8885840773582	-1126.4200763702393	-1902.6486067771912	-4183.717140972614	-4346.817463874817	-1556.659763455391	-5756.696518361568	-4041.562500357628	-4338.210066258907	-3689.072724342346	-4088.8381547927856	-4233.327921271324	-3953.2726758122444	-4295.389529645443	-4969.166616797447
-799.7318379282951	-3175.471555829048	-3507.2600222229958	-693.2511314749718	-3072.465415239334	-929.7340443730354	-866.4134747982025	-917.2049635052681	-648.9757758378983	-752.2288084626198	-3183.5109362006187	-573.6488761901855	-668.8692111968994	-1090.781619489193	-21.685087621212006	-1082.7189053297043	-2233.743220448494	-2328.9271006584167	-880.9461808204651	-3186.782928586006	-2138.1084467172623	-4809.16953510046	-4064.5988926291466	-4526.091427505016	-4678.883284807205	-4367.205214440823	-4748.081995725632	-2663.9606647491455
-126.50453788042068	-0.010835886001586914	-0.0022339224815368652	-340.8455426096916	-0.012442827224731445	-189.63159012794495	-60.65758293867111	-71.84393471479416	-157.985999584198	-114.14793187379837	-12.155757188796997	-313.7527770996094	-35.0289192199707	-177.258882522583	-489.2055496573448	-297.321584880352	-0.09032171964645386	-0.3003235459327698	-72.60943430662155	-0.0017831921577453613	-1.7524190545082092	-5626.993882656097	-4692.51214069128	-5291.497847378254	-5451.184054374695	-5091.716235756874	-5525.499385237694	-0.017718851566314697
