,0,1
0,16.589737,0.0067843003
1,-1.6050063,4.144686
2,17.338707,0.529835
3,15.066809,0.96590483
4,2.7153652,-3.4835243
5,2.6425085,11.613879
6,-3.324859,4.798519
7,-0.49328882,-0.04020044
8,-1.1695904,4.3242455
9,-4.5991054,5.6436048
10,-4.343764,5.740973
11,-1.1650134,3.1563914
12,18.34053,-1.7296504
13,3.7289436,-6.021589
14,16.4576,-0.30227375
15,16.012516,-0.8547938
16,5.849624,-2.1955593
17,2.1470835,-4.101592
18,-1.1425861,4.240886
19,5.6575317,-2.9366965
20,-2.9110496,2.184366
21,17.19177,-0.043707352
22,5.8768797,-2.2401621
23,5.9783425,-2.1674938
24,-4.729603,5.6404233
25,18.55019,-2.3218782
26,17.032717,-0.21158206
27,-0.94972193,0.03966844
28,5.029749,-2.4826405
29,3.1020105,-5.761644
30,3.1972575,-1.5038716
31,3.1549466,-5.8894305
32,-1.1409246,0.38397622
33,1.1731706,3.291346
34,17.50947,0.608037
35,3.2668896,3.58692
36,4.6200013,-2.4325247
37,-0.9796886,2.3440843
38,18.00378,-1.5974184
39,17.230808,-1.3936219
40,17.321043,0.27116862
41,4.5941663,-1.4654036
42,-2.1132846,4.8516355
43,-2.6286945,3.2950358
44,-4.804577,5.4326634
45,-4.395752,6.039075
46,17.55428,0.767042
47,-3.9994783,4.963526
48,16.74828,-1.2978371
49,6.2221613,-2.514142
50,-0.66706944,5.605546
51,3.4698522,-5.944571
52,14.151147,-0.377266
53,16.414366,0.6642343
54,5.753543,-1.8402338
55,5.374271,-1.7657157
56,18.424673,-2.2157378
57,-1.03809,-0.103265755
58,3.1685536,3.4475045
59,-0.7728806,-0.079435125
60,5.932395,-2.5713658
61,17.905159,-1.772489
62,4.0724373,-1.8029393
63,16.386534,-1.5935026
64,17.485455,0.6958177
65,-2.013671,5.2269053
66,-0.27393258,3.8146996
67,-0.8876711,3.1810505
68,-4.3593283,5.925839
69,2.8996198,-5.025138
70,3.2671633,-6.1090703
71,-0.4525927,5.643903
72,4.1152487,-1.8906267
73,-0.5842459,-0.72737783
74,15.472983,-0.04430557
75,4.974408,-0.9724152
76,1.6774509,-1.1942981
77,-4.4537764,5.488346
78,-3.1762059,5.3375416
79,0.07378103,4.821211
80,-0.92032635,0.19553167
81,-3.9367402,3.0807712
82,16.81311,-1.4334472
83,-0.90907866,-0.76592594
84,14.732488,0.5699533
85,2.280442,-2.2448092
86,-4.310396,5.7479424
87,5.5883346,-1.6675218
88,3.225044,-4.1904387
89,18.71823,-1.6468041
90,15.373959,0.2456545
91,-1.0152678,1.7572263
92,13.555584,-0.74930763
93,-1.3792471,2.6223795
94,-4.1848683,4.522849
95,-4.936471,5.163435
96,2.4136193,-4.551906
97,-0.96863955,2.1614225
98,5.4573064,-2.3735297
99,-2.0689151,2.2565477
100,3.9042554,-2.5491326
101,16.18348,-1.7053001
102,16.702507,-0.79210246
103,4.1698475,-2.4029543
104,18.404203,-2.134245
105,3.4492395,-5.288861
106,-2.9011378,2.1333876
107,17.057146,0.21160118
108,5.3997674,-2.383908
109,1.0782589,2.3555603
110,1.9422586,-4.1309905
111,3.1278355,-3.745594
112,3.2822874,3.5996366
113,1.8053042,-5.160355
114,18.064598,-1.2908909
115,1.8316097,-4.6585865
116,0.6326556,2.915146
117,0.6064537,2.9615722
118,3.5364432,-3.4207857
119,-0.52931327,3.4654703
120,0.38299266,1.7639918
121,0.9375516,-3.3279963
122,1.0506732,-2.0645912
123,16.192505,-1.8422436
124,15.877138,1.4326359
125,0.19699341,4.6890264
126,0.6485136,5.087275
127,1.5841182,-1.0470407
128,5.721075,-1.7820548
129,17.08549,-2.384927
130,17.49074,0.7426272
131,17.993958,-1.8692632
132,14.578054,-1.2139353
133,-4.469604,4.2679515
134,-4.0567446,5.593128
135,3.3865166,-5.3210855
136,17.973492,-1.9348006
137,3.1094217,-1.6173626
138,2.4009955,-3.716805
139,-0.84004366,5.1762023
140,18.079874,-0.30363208
141,1.9834518,-3.4962897
142,-4.3853555,4.673344
143,-2.0185387,5.272042
144,4.1485944,-0.67784196
145,-4.5152144,4.3725696
146,16.136457,-0.59112954
147,2.4128313,-2.5145519
148,3.093045,-6.0235977
149,4.7249656,-4.231151
150,0.865975,-3.3088908
151,16.979494,-0.54671156
152,3.5728712,-1.9580085
153,5.0022,-0.8802132
154,-3.2803736,5.175154
155,-4.000744,5.740943
156,4.348665,-2.9098651
157,-0.68561834,2.727885
158,1.3396372,3.2045743
159,-4.1349964,5.4035287
160,-0.26245072,3.8220332
161,0.8551969,3.286387
162,16.12801,-1.8655336
163,3.2810695,-1.9876817
164,16.057465,-1.8326317
165,-2.4705536,2.2157156
166,18.598026,-1.6816462
167,-0.5702235,0.11423562
168,3.308966,-2.1505551
169,3.9671013,-0.8294225
170,-1.7504689,2.391289
171,18.952074,-1.3016368
172,18.435217,-1.9623485
173,16.127821,-1.7191161
174,-5.0730214,5.2843266
175,-4.725414,5.176807
176,15.201636,-0.51757157
177,3.5885205,3.7228553
178,0.16581216,1.6990128
179,3.7035792,-5.890233
180,-0.49483815,-0.91556466
181,-3.303461,4.8452277
182,2.8519843,-5.679501
183,3.0761847,-2.7786834
184,2.4050875,11.405549
185,1.8566778,-3.4667494
186,14.206381,-0.62440634
187,2.2864954,-6.1143427
188,2.9574447,-2.6561477
189,18.491972,-2.2866826
190,16.053555,0.25621876
191,3.1651058,-5.9401107
192,2.6422687,-1.5304466
193,0.033193395,2.5317104
194,1.9501276,-4.7002316
195,17.435978,0.25559497
196,3.3571756,-5.600039
197,2.6107345,-1.8816875
198,15.700809,-1.0959874
199,-0.8777431,0.21172757
200,-0.37975365,-0.5764231
201,-0.20006816,4.0228963
202,17.918419,-1.6680254
203,17.32717,-0.47152352
204,17.762577,-1.1701983
205,17.650143,-0.91887313
206,2.5591936,11.587365
207,15.104971,0.43965366
208,-0.4351345,3.89159
209,6.166108,-2.3605897
210,3.0794747,-3.8438923
211,0.9241773,0.99759805
212,0.9769,3.3454404
213,-5.2360034,5.550592
214,4.0396705,-0.7161538
215,18.174288,-1.9621904
216,5.7939873,-1.6919991
217,-5.2512083,5.261082
218,18.33971,-1.3564619
219,1.7551805,-1.3289145
220,3.1279764,-2.9953938
221,17.033813,-0.69692695
222,-5.125685,5.067239
223,3.4792733,-4.576614
224,5.0842533,-0.9687163
225,-4.1792145,5.0282607
226,15.94678,0.37474868
227,0.5336265,4.050424
228,5.754727,-2.0566833
229,-0.80501944,-0.16858302
230,3.338943,-5.651936
231,-1.0440972,4.246718
232,3.2119532,-1.526006
233,15.540727,-0.92001426
234,-0.67082345,2.8067164
235,4.687351,-4.078302
236,2.1852956,3.7854667
237,-2.0648613,4.3070254
238,16.008896,-0.103356756
239,14.766363,1.0731971
240,5.691008,-1.9610137
241,-0.416236,5.1314993
242,-4.726121,5.5696645
243,15.583151,0.6648621
244,1.2471488,2.6041245
245,2.5293262,11.519217
246,-0.846939,3.2664633
247,3.3364005,-5.5097513
248,0.50370973,2.7533402
249,3.1918893,-1.5739409
250,-4.4700737,6.036786
251,3.0471067,-5.4462705
252,-1.3054981,-0.50788945
253,0.8488936,5.134315
254,1.1157125,-1.9631156
255,2.5365167,11.597004
256,-4.4768887,5.9209166
257,0.8559643,1.1723193
258,17.946167,-1.3717277
259,17.665455,0.66792333
260,2.5437794,-3.7843666
261,-1.873334,2.1577191
262,3.768384,-2.536411
263,0.35416767,4.0017548
264,2.6396363,11.590846
265,17.074537,-2.3816595
266,-3.4992645,5.11965
267,2.492696,3.535877
268,3.3969696,-4.551616
269,3.164718,3.7187388
270,2.9850547,3.9563699
271,-1.9251173,3.0947402
272,-0.3758104,0.009049327
273,-0.48069254,5.565001
274,-1.3962342,3.817771
275,15.165327,0.0585141
276,15.521923,-0.97701365
277,3.0868566,-2.767285
278,0.8113717,3.3162918
279,-2.994097,2.7357628
280,3.9144824,-5.950943
281,3.5183885,3.7794704
282,-0.25220412,-0.589806
283,18.039698,-0.82503444
284,0.18713887,4.8806214
285,-0.5772188,3.7874155
286,15.91955,0.80822104
287,3.5249991,-1.8029898
288,4.202219,-0.6799284
289,0.4409393,4.2586074
290,3.3771696,3.7252061
291,16.96918,-1.4221443
292,-0.69068724,-0.13147165
293,14.522645,1.2859579
294,2.223324,-4.39461
295,2.6458738,-1.7534097
296,3.169114,3.7317173
297,14.9043455,-0.25431952
298,-4.7664714,5.3711977
299,3.4404671,-3.5110328
300,1.6815016,-1.0819006
301,-0.8358075,3.1931868
302,-1.4691151,3.3630903
303,0.27959618,1.6371517
304,5.51781,-1.7064909
305,0.034552842,4.172444
306,15.003487,0.79383165
307,17.64603,-2.375533
308,3.2484295,-5.881249
309,1.6474043,-4.042816
310,-1.8147777,5.372473
311,2.889051,-4.695842
312,1.2252463,-4.466989
313,-1.4384558,-0.16940008
314,17.967537,-0.30311474
315,0.9556978,2.3727164
316,16.898415,0.84896386
317,15.717695,-1.2373351
318,2.5596352,11.507447
319,4.0751796,-0.6821979
320,3.4187756,-5.5130877
321,1.0212885,2.3947134
322,-4.672659,4.730164
323,-0.43118957,5.257903
324,0.4310293,4.0809283
325,2.7004004,-1.2188433
326,-4.464284,4.481675
327,-1.9137541,5.2713184
328,0.83300143,-2.2644126
329,2.7494133,-4.9097586
330,0.19088055,1.3605077
331,-0.9538135,3.3995798
332,2.1241972,-4.2158823
333,14.404745,0.09420771
334,-1.2124026,-0.52119356
335,0.9501938,-3.365786
336,16.350311,-0.5770228
337,-0.9723982,1.755046
338,-4.3449187,6.0220985
339,3.336779,-3.430954
340,2.2085955,-1.9747297
341,3.0707984,-3.892447
342,3.2831767,-1.7030656
343,3.306493,-5.9334593
344,-0.88921654,1.918767
345,17.07237,-2.3407629
346,17.811028,-1.2067883
347,18.429781,-1.2524803
348,3.4497736,-1.7732515
349,18.069046,-1.6426198
350,-1.8984517,5.3008375
351,17.730883,-0.4548143
352,16.150257,-0.6551889
353,5.79712,-2.948353
354,2.9330451,4.0689297
355,0.48198044,3.1798954
356,-0.32799593,5.4013352
357,-0.6615226,5.6432548
358,-2.286213,4.4653616
359,-0.33777738,3.7208092
360,3.3945236,3.7208707
361,1.0289,3.1212964
362,-0.5340343,0.08024405
363,18.491173,-1.2041558
364,1.8699588,-3.4272153
365,-0.0146376975,1.9248999
366,-4.775748,5.6761885
367,17.621569,0.79269636
368,18.117632,-2.2373948
369,-4.594776,4.5497646
370,18.172365,-2.159195
371,18.481077,-2.1562324
372,-0.8504338,0.15709987
373,17.347412,0.67218465
374,-4.12249,4.9182806
375,2.6422098,-4.62666
376,1.5101879,-4.1764455
377,-1.2830867,-0.072793595
378,13.992527,-0.36263302
379,1.2814089,-4.4558196
380,14.605587,0.76726115
381,5.759007,-2.2275372
382,14.230222,-0.5453448
383,1.3790725,3.8014464
384,15.949753,-0.9557726
385,16.029972,0.17494753
386,-0.8127723,-0.67275494
387,16.945108,0.04823653
388,-3.4832022,5.136747
389,0.71097,1.3732795
390,-4.417706,4.957327
391,-0.4189022,5.4327955
392,-0.8133947,0.31351873
393,5.67163,-2.391593
394,2.4555264,11.498023
395,6.277969,-2.5502853
396,-4.841232,5.9474907
397,-4.7125745,5.905495
398,5.821787,-1.847006
399,0.91569155,3.7518425
400,1.5060447,-2.6715298
401,5.6494327,-2.9065645
402,17.549726,-0.5847746
403,13.995282,-0.36443895
404,-4.427251,5.9825983
405,3.7241695,-3.1695354
406,17.989214,-0.30819297
407,2.3994243,-1.9830699
408,-2.5141423,2.1936123
409,13.666222,-0.4887664
410,17.098103,-1.3238709
411,2.223211,-4.378277
412,-5.0426774,5.8277135
413,3.1280823,-5.70587
414,0.22352543,4.4654746
415,2.5718033,-3.9805377
416,2.9447913,-5.7029886
417,16.183514,1.491235
418,14.669506,0.9489641
419,16.397896,-1.6552213
420,15.918383,0.96852285
421,2.2747452,-4.4924397
422,-0.86636317,4.8938923
423,5.894522,-3.1290321
424,-0.56209314,0.18676002
425,0.5999905,2.1018443
426,0.1496087,2.165348
427,-0.752811,-0.1924317
428,0.5245277,4.868682
429,-0.67250896,-0.24862441
430,-1.8664832,2.168963
431,-2.9397254,2.2388105
432,4.720475,-2.5085187
433,2.5344229,3.5997589
434,5.834366,-2.158962
435,5.335426,-1.8301593
436,-2.3427932,2.1948152
437,18.25219,-0.89747006
438,1.046894,2.5587234
439,-4.4925184,4.9512854
440,2.9204266,-2.1160095
441,14.738589,1.1358999
442,17.328386,-2.0111601
443,-2.0558589,5.0698423
444,2.543904,-2.0174916
445,3.4771945,-5.412914
446,-0.8598433,4.3666706
447,3.3405662,3.7068875
448,17.824255,-1.0607289
449,0.65907615,3.3339186
450,18.552313,-1.9900721
451,-1.0223411,4.28275
452,3.3408747,3.8521063
453,-3.9403603,3.0689569
454,-0.093781695,2.1254113
455,3.4184546,-5.5949492
456,16.75105,0.2761439
457,17.54423,0.6358426
458,5.615048,-1.7759345
459,1.9697784,-4.8344364
460,0.78176916,1.2614702
461,-5.134846,5.5000343
462,17.585228,-1.6055022
463,2.5210085,11.546318
464,-0.6865453,-0.59421414
465,17.768232,0.29349688
466,4.077566,-0.6587391
467,-0.43603802,2.4752395
468,18.61838,-1.9670756
469,17.694149,-1.0237252
470,3.117872,-5.7599883
471,-1.0389568,1.7968184
472,-0.5495609,3.745967
473,3.2910063,-1.3410676
474,18.404467,-1.7595686
475,-4.8758655,4.758101
476,2.6224072,-5.096526
477,3.4359128,-5.948362
478,16.628927,-0.5023965
479,2.6184375,3.6324356
480,2.318201,-4.561636
481,16.934292,0.86615515
482,13.857906,-0.45953265
483,14.903423,-0.31989652
484,0.80135113,5.1222754
485,2.2273476,-4.4364743
486,14.547541,0.1336729
487,18.317749,-2.1173496
488,-2.6231792,3.4764144
489,-0.5653222,-0.603172
490,3.404168,-4.424539
491,-3.053315,2.5911484
492,17.88304,-1.7887195
493,15.607565,0.57267386
494,0.8820482,-3.3357499
495,-1.8881426,2.1865966
496,2.6053784,-4.6908226
497,1.6832798,-5.186671
498,-4.5709324,4.50263
499,5.807739,-2.6830146
500,1.242295,-4.6258044
501,0.3537848,1.668676
502,4.2088885,-3.1244252
503,15.708603,1.3299637
504,-4.1762543,5.424629
505,13.881213,-0.6670042
506,1.9557846,-1.755052
507,2.7724931,-4.274476
508,0.42048508,2.9109828
509,14.591997,1.1918625
510,-4.436285,4.3939433
511,16.21423,0.3224476
512,16.402533,-0.2731432
513,-1.0787914,1.9179053
514,2.9771998,-2.1771524
515,4.837027,-2.0063062
516,-4.7108936,5.3766394
517,18.313728,-1.6228468
518,-1.8229411,5.428008
519,4.6734576,-4.285082
520,-1.019407,-0.6274752
521,0.15675005,5.020705
522,18.335543,-1.8821704
523,-4.5961328,4.3793716
524,18.087801,-1.8676665
525,18.624352,-1.5141299
526,1.228745,4.475589
527,-0.5398529,5.508601
528,3.8968146,-4.6592183
529,2.2057161,4.3693795
530,18.280651,-2.266327
531,5.243662,-2.8225021
532,-0.7261718,-0.45542058
533,-1.7534201,3.2206497
534,-4.7609735,5.8331637
535,3.95148,-1.868796
536,5.9469914,-2.721455
537,18.280598,-2.091215
538,3.1600168,-1.7049335
539,18.050558,-1.5849758
540,5.9776196,-2.7670608
541,4.146998,-0.61673695
542,5.396426,-2.713245
543,5.717703,-3.069332
544,-4.7817483,6.072855
545,1.9175383,-5.0561543
546,-0.59243286,5.6454453
547,4.853108,-1.9819404
548,-4.431147,5.793691
549,-4.3822255,5.753009
550,17.26475,-2.429178
551,4.322539,-1.6646264
552,4.3443575,-4.6379414
553,18.385454,-1.9086392
554,17.558832,-0.82931644
555,3.5280557,-4.598351
556,17.194704,-0.5885771
557,-4.581921,5.0337787
558,-0.43078363,5.3789916
559,3.048732,-2.769268
560,-5.2570405,5.3754168
561,-0.37886688,5.6515117
562,15.291508,0.5600481
563,-0.7012182,-0.4933096
564,14.371232,-0.4221992
565,1.0478207,4.0138803
566,-0.041320495,2.1198666
567,3.5982227,-1.9426641
568,-3.8376522,5.295215
569,4.888997,-4.039344
570,2.2291791,-3.549168
571,3.0636098,3.5988634
572,5.6512384,-2.046671
573,6.0285797,-2.637656
574,3.1003447,-4.104537
575,17.571648,-1.0367328
576,-4.376386,5.0882025
577,16.22142,0.94354504
578,6.2482734,-2.1003897
579,-1.5295349,1.4953034
580,-4.2715883,5.471213
581,17.900728,-2.2266598
582,0.08363211,2.9535713
583,3.8516514,-2.3671997
584,4.1639132,-4.861386
585,17.57773,-1.2013843
586,-0.23910649,-0.31321922
587,3.0123944,-2.787043
588,18.055428,-0.41319957
589,15.86213,-0.48638603
590,0.52451056,2.147285
591,1.8741989,-3.4330864
592,1.8831863,-3.4065404
593,13.937564,-0.42897132
594,4.031129,-0.7225331
595,1.1096839,-3.5833411
596,1.854407,-3.541572
597,-0.788845,-0.7305208
598,5.8377686,-1.9962442
599,3.4350955,-3.006337
600,-1.230725,4.3442774
601,18.424059,-1.8917229
602,0.23457898,1.7431399
603,-1.3353567,-0.2104195
604,4.5691156,-1.1300528
605,14.926482,0.77164304
606,3.4612203,3.8458273
607,3.420985,-5.107651
608,15.574674,-0.799075
609,15.6537485,1.453132
610,4.180776,-0.83035505
611,5.83639,-2.9534209
612,0.9551743,3.1977131
613,-1.935356,5.3293357
614,3.6745803,-5.972751
615,2.1740339,-5.2968683
616,4.0761027,-0.6583238
617,-0.2567527,3.3881376
618,-5.055997,5.819397
619,-1.1568153,3.199781
620,3.297452,-5.6558657
621,0.6294244,5.076346
622,16.288742,0.3841592
623,-0.6355731,5.6647887
624,15.431779,-1.8007017
625,17.516857,0.40454838
626,-1.0440118,4.2829
627,17.664328,-2.5059273
628,-1.5312812,4.251801
629,17.773888,-1.889333
630,1.1806647,4.695133
631,-3.0146089,2.2095594
632,3.3755825,-4.312261
633,-0.16484176,5.1875257
634,-1.1147453,0.49167743
635,2.2889185,-1.8801978
636,16.34929,1.0920463
637,-3.1855443,3.8330612
638,2.8339558,-5.1887035
639,18.346502,-2.1645749
640,5.2307606,-3.1253119
641,16.629705,0.09690657
642,-1.8168486,2.1898239
643,16.920519,-1.2458501
644,18.44541,-2.0618894
645,4.126764,-0.6782473
646,-0.79725266,-0.33859384
647,17.50248,-1.1824098
648,3.3838625,-2.8492181
649,3.311637,3.7819815
650,-0.78616256,-0.21788065
651,15.204322,0.25942016
652,-0.98052883,-0.70589626
653,-1.8017757,5.3376327
654,-0.97280306,4.261004
655,1.1189988,-3.5532675
656,0.81072336,1.7493589
657,16.1243,1.4181496
658,14.559864,-1.2293247
659,2.7518377,-1.7501287
660,18.336798,-1.8675083
661,-4.533585,4.39086
662,3.2732015,3.4171731
663,13.771494,-0.26798996
664,18.149305,-1.822559
665,1.6147296,-4.2514606
666,2.4724336,-4.832074
667,-1.830002,2.65557
668,18.24087,-1.8419359
669,0.25132588,1.6897763
670,5.2712812,-3.424911
671,16.76125,-0.03805835
672,17.681412,-1.3282387
673,14.660103,1.151209
674,4.6180964,-3.089765
675,18.53946,-1.5208703
676,17.344183,0.4560276
677,3.5157504,-4.4670963
678,-5.027709,5.3121495
679,0.8824252,2.3397026
680,16.53055,-0.66062135
681,3.9129019,-2.5200367
682,15.996646,0.15525046
683,-1.570185,4.128608
684,-1.915101,2.3146265
685,2.9345422,3.880757
686,16.417147,1.1416613
687,1.245678,4.2450824
688,0.6144547,4.90362
689,5.4607105,-2.006054
690,3.121175,3.9074953
691,15.251985,-0.8345043
692,2.330986,-4.6980996
693,3.473901,3.9013348
694,3.7443671,-6.035359
695,2.2808867,4.365346
696,-0.670879,-0.6325821
697,-2.4755304,2.1887703
698,-4.1329913,5.6205673
699,2.9326735,-4.3747125
700,-3.0757933,4.518009
701,18.640522,-1.5322745
702,-0.62082034,2.662927
703,-0.26739004,4.437781
704,17.19085,-1.8495395
705,-0.06517402,2.1600177
706,-0.8915878,1.8002254
707,-1.811739,5.1186743
708,4.1769857,-1.9911442
709,17.172228,-0.83051884
710,18.056856,-1.9009137
711,15.874195,-0.8538547
712,-4.480213,4.507242
713,2.2359848,3.681533
714,14.594222,-1.2330886
715,-4.919867,5.6683097
716,0.37968868,1.6026922
717,15.426259,-0.8466536
718,5.8208466,-1.8719432
719,0.5889823,2.1535897
720,17.786053,-0.42727008
721,-2.0611465,3.5338764
722,15.649527,0.7042444
723,5.540001,-2.8284056
724,6.08129,-2.2489393
725,18.292559,-1.9939852
726,17.00112,0.19456202
727,1.5205747,-0.68409944
728,3.1012747,-5.8561635
729,18.52805,-2.033766
730,17.262177,0.6381515
731,16.363394,0.5058218
732,15.380044,1.1179168
733,3.028514,-5.239368
734,18.26468,-2.1090908
735,-1.796712,3.2208238
736,16.924002,0.77536047
737,-4.618244,5.999451
738,15.715605,-0.8597068
739,0.99414384,4.89558
740,-0.06546995,4.7435665
741,18.382618,-1.665191
742,3.279679,3.724839
743,2.3938742,-4.6840916
744,-1.7871534,5.181663
745,3.7339642,-6.0056586
746,5.0722957,-2.614166
747,6.0135756,-2.741276
748,3.878862,-6.0671067
749,2.8690789,-4.1035924
750,-1.7124172,5.020336
751,4.130122,-0.63796747
752,15.712922,-0.009022755
753,1.0103596,0.9299054
754,16.133888,-0.69510084
755,18.752863,-1.9879253
756,-3.9311366,3.064007
757,0.8212602,5.1245666
758,14.96645,-0.37711
759,-0.5488579,5.5921354
760,1.6580998,-1.0487379
761,2.880398,-5.1440644
762,0.97266006,-3.439517
763,16.557392,-0.45432377
764,14.415501,-0.8693758
765,-4.4021173,4.408661
766,-4.388649,4.243034
767,-0.47342148,3.4569905
768,1.8684506,-3.6926987
769,-0.759921,2.7474725
770,-4.552063,4.4341435
771,3.5028067,-4.495859
772,18.019287,-2.1996515
773,2.2516022,-2.1748452
774,-1.7573346,3.2069685
775,16.456392,0.0060014417
776,5.658713,-1.8522116
777,-1.3819699,2.5736122
778,1.8152825,-1.0661887
779,0.96548754,3.2314682
780,14.541458,-1.2045289
781,17.597668,-2.401284
782,14.992367,-0.3547937
783,16.438673,-0.62926996
784,18.683996,-1.5566262
785,0.5191594,4.0634527
786,17.445515,-0.903097
787,3.413035,3.8661275
788,-0.17857285,4.2029643
789,14.610758,-0.19961394
790,1.912052,-5.031037
791,5.785356,-1.8963081
792,1.4394845,-4.853387
793,17.239826,-1.3851953
794,17.909258,-2.3910463
795,-1.0183653,4.252275
796,17.943045,-2.4554763
797,1.469794,-3.23088
798,-0.6152664,4.4909253
799,16.33314,0.1682635
800,15.36844,0.2469364
801,-1.7210013,3.1717997
802,3.1087472,-6.0148582
803,-0.057494033,2.273936
804,15.791154,1.3420757
805,2.0349174,-4.3236647
806,-4.213978,5.2850966
807,6.2921605,-2.111617
808,-0.9482657,3.2729614
809,14.000646,0.0045854654
810,2.4426098,11.345917
811,-0.01730426,2.0274396
812,6.162665,-2.5691042
813,5.3954153,-3.0819647
814,1.8644135,-1.1965313
815,15.671949,1.3692842
816,13.887339,-0.40398458
817,-0.5663613,5.4605618
818,1.1745838,-4.5206723
819,-1.1975387,-0.41388035
820,14.134597,0.10932215
821,1.0235384,2.4054775
822,15.746938,-0.9243784
823,6.1446576,-2.4605303
824,-5.17093,5.4337234
825,17.178047,-1.3529474
826,-2.3432007,4.4660864
827,-1.5924202,4.0868278
828,2.9990258,-5.3911924
829,-3.766917,5.5099025
830,0.9860446,2.3724525
831,-4.5478506,4.382308
832,2.928435,-5.839951
833,1.1672312,3.3771877
834,-4.4270372,4.561658
835,18.76645,-0.43367374
836,-0.91861117,4.3047256
837,-0.9146211,4.236281
838,16.416224,1.1291137
839,3.9954717,-0.76270366
840,18.362867,-2.189121
841,1.2634938,4.498673
842,5.8990164,-2.2566357
843,2.412141,-2.1329842
844,4.5199785,-3.0557022
845,-1.8851988,5.364739
846,-3.3682175,5.4178143
847,3.3269193,-1.5524971
848,18.780897,-1.801106
849,17.109625,-1.241552
850,1.1822904,-2.4254208
851,14.670615,1.1984557
852,-4.1554103,5.454104
853,18.447239,-2.2178285
854,5.6206064,-1.7912549
855,-1.6311249,-0.25784937
856,-0.7709008,0.038800176
857,17.29586,-1.0121537
858,5.5017633,-2.4171033
859,3.0192924,-5.788105
860,2.6456096,-4.7631645
861,2.393281,11.38116
862,2.6632073,-5.130957
863,1.0208575,3.2876143
864,-0.94465077,-0.07019495
865,16.39583,0.5458001
866,2.9228919,3.6070704
867,-2.390214,4.416068
868,-3.1488967,4.476355
869,-1.6787338,4.6073647
870,5.3708034,-2.7090864
871,4.529287,-0.86071676
872,-4.573428,4.6286488
873,-2.9170406,2.1790648
874,1.3925178,-4.41544
875,-4.502647,4.5621824
876,3.4377067,-4.4556046
877,17.617493,0.3397126
878,13.937905,-0.32979223
879,4.695742,-4.2761703
880,16.317963,1.119259
881,-0.24183199,3.9407496
882,14.258033,-0.19258554
883,-0.2558792,3.85842
884,1.2157507,4.4824824
885,17.159563,-1.8689579
886,16.359121,-0.46205476
887,1.341755,3.7779791
888,1.014349,3.0415335
889,5.9534287,-2.1893952
890,5.6239843,-1.8950709
891,0.67519534,3.4563901
892,17.232676,0.6913858
893,2.2604375,4.3432117
894,2.917608,-5.2868834
895,1.1569164,-4.505155
896,1.8499297,-4.2131777
897,-0.44160444,0.47990593
898,-0.3690226,2.6725981
899,14.468087,0.67747235
900,-4.908135,5.6685658
901,5.288796,-2.8135896
902,18.460665,-1.3423045
903,-1.6123656,4.1162553
904,15.679805,-1.2630037
905,5.105308,-3.6412427
906,0.56328857,4.6307225
907,-1.5008382,-0.38921288
908,1.8504694,-3.4751523
909,16.33229,-1.8920616
910,14.548281,-1.1762724
911,14.585638,1.1515648
912,16.174417,-1.9405546
913,3.5121045,-3.2554548
914,-2.2853181,3.3758352
915,0.8790577,-3.3385088
916,14.97922,-0.076975174
917,17.47423,-1.1752614
918,17.961098,-1.8409357
919,0.5228157,5.0159817
920,-1.1348445,-0.71380734
921,16.35851,-0.64588404
922,16.226824,0.0071618143
923,16.244974,-0.37457165
924,3.2607856,-5.737487
925,2.9450998,-4.9773817
926,-3.5034719,2.8051665
927,18.370953,-2.003127
928,4.145709,-3.141956
929,-0.9238607,-0.65572
930,-0.7662306,5.388075
931,3.537418,-5.7211714
932,0.7049799,4.1043725
933,2.3340175,-5.5068088
934,-4.512898,4.3026423
935,0.49530804,4.1195855
936,5.631245,-2.3751092
937,17.848063,-0.51947004
938,-0.8455092,-0.6171425
939,17.504364,-2.1654274
940,3.2616472,-6.018863
941,-4.603991,4.6156793
942,2.5295634,-5.171361
943,18.406582,-1.674549
944,18.364187,-1.4406418
945,15.18857,0.87176204
946,2.2822552,-4.453683
947,6.2956333,-2.9114144
948,2.149871,4.222617
949,-4.619619,4.2715125
950,-1.7076099,5.171563
951,1.2281396,3.5481923
952,13.744463,-0.2753206
953,2.7830136,-5.146167
954,1.7120174,-5.02957
955,1.0214655,-2.0844948
956,-4.788838,5.052773
957,-0.61677194,-0.48494944
958,-4.8040304,4.560833
959,1.6701316,-1.1263853
960,6.019388,-2.6419878
961,16.3279,-0.32846338
962,17.230053,-0.119642556
963,16.06351,0.121999055
964,-1.095462,5.349023
965,0.8453529,-2.373931
966,2.398053,-2.2756984
967,15.052296,-0.6390928
968,18.731531,-1.268196
969,3.6084335,-4.3885736
970,14.282623,-0.18393269
971,3.196231,-3.261197
972,5.983829,-2.3400328
973,-0.464434,5.46888
974,1.1568468,-3.627658
975,2.5385756,-2.170493
976,3.0455616,-5.8119264
977,5.375986,-2.5272021
978,3.3335817,-6.0040846
979,17.410631,0.5568037
980,4.1079116,-1.9549761
981,1.1937134,-1.4505349
982,-1.6371566,4.103796
983,17.472786,0.8583684
984,-4.471907,5.9109755
985,1.3813462,-2.2112036
986,3.0342019,-5.269431
987,17.580503,-0.6418116
988,-5.2737803,5.3048077
989,16.144281,-1.1789404
990,0.30698487,1.6382029
991,-0.57475966,5.57972
992,-0.16779488,2.2057757
993,0.35600647,4.8465624
994,3.2132785,-6.0060573
995,2.7601624,-1.277582
996,17.985083,-1.6786906
997,5.8771515,-2.656697
998,-3.1010344,5.37129
999,6.2313495,-2.8277984
1000,2.8163075,-2.0271106
1001,0.13793847,3.638334
1002,17.550898,0.44677725
1003,2.626561,11.551215
1004,2.7663312,11.786261
1005,13.90572,-0.4698091
1006,2.060999,-3.5406084
1007,4.173855,-3.126357
1008,16.263414,-1.8990588
1009,3.4930444,-5.5202155
1010,3.633081,-4.5732083
1011,6.161213,-2.6524467
1012,17.682686,-2.4303076
1013,2.46436,-5.116916
1014,1.8016845,-3.779119
1015,-1.271612,3.7073798
1016,3.1738133,-1.7468104
1017,-0.022740351,2.1956477
1018,-0.8980397,5.196512
1019,-0.97242814,1.8076283
1020,3.2906387,-2.2445064
1021,15.325025,-1.7041115
1022,18.39916,-2.0651774
1023,6.0539618,-2.731023
1024,0.88622975,3.7281792
1025,3.1359208,-1.4775351
1026,17.5921,0.29558712
1027,16.443195,-0.57158756
1028,2.1329482,-1.2761735
1029,-2.3659148,2.278795
1030,14.628638,-0.31518587
1031,-4.7536764,5.9423895
1032,5.9065223,-2.4914184
1033,13.840335,-0.27137396
1034,-5.035686,5.361431
1035,15.450074,-1.7550622
1036,-0.97854817,2.0924668
1037,16.132092,1.4697149
1038,16.868555,0.7028727
1039,18.364763,-2.2842171
1040,2.5413527,-1.9576664
1041,-0.6685006,-0.31919548
1042,2.41,11.386245
1043,2.5074177,-5.138483
1044,13.721703,-0.40740913
1045,5.7367644,-2.9143674
1046,14.518282,-0.53458905
1047,2.244981,-2.1223967
1048,4.0886173,-0.68840766
1049,2.6380217,-2.60787
1050,2.390436,-5.3575015
1051,2.05186,-4.773924
1052,16.382292,-0.72074735
1053,2.5445416,11.539874
1054,18.037382,-1.3875084
1055,3.2196414,-1.5685363
1056,0.33338374,1.6912378
1057,3.4239452,-3.4633014
1058,13.897074,-0.47325057
1059,-4.0264506,5.6204467
1060,-4.764373,4.4953756
1061,5.6007338,-2.4583945
1062,-0.87178034,-0.67568755
1063,15.436318,-0.86581475
1064,14.751915,-0.13453017
1065,-2.3021944,4.477912
1066,1.4563394,-0.58426833
1067,3.6386178,-4.914559
1068,2.457451,11.530501
1069,-2.9265828,3.2519796
1070,13.9346075,-0.5093156
1071,1.0391672,-3.4849281
1072,3.5173903,-4.512776
1073,4.675899,-4.3007913
1074,3.3122737,-3.2617111
1075,14.005851,-0.21973471
1076,1.8712803,-1.690873
1077,-4.6074514,5.6502576
1078,14.884967,0.33922476
1079,0.9341032,-3.4431243
1080,3.4077752,3.78039
1081,0.86443263,-2.244365
1082,-1.1486139,1.8651367
1083,4.300406,-0.6701738
1084,3.3034437,-5.481051
1085,3.0848587,-2.5544045
1086,2.2572312,-6.392102
1087,16.140633,-1.6929033
1088,3.4673274,-4.532143
1089,18.521168,-1.7322323
1090,18.459904,-1.5236356
1091,4.0924797,-0.64309293
1092,0.4369888,1.7934504
1093,-3.0022273,2.312113
1094,-1.1189125,-0.097195625
1095,3.0777829,-5.423319
1096,2.1937227,-3.4562678
1097,-2.0007207,4.320834
1098,3.3966005,-5.5686717
1099,18.055077,-2.271514
1100,-3.6590407,4.6614957
1101,1.0344095,-2.0173202
1102,17.121937,-2.3478296
1103,14.396276,-0.39660913
1104,17.473059,0.69271827
1105,3.2471607,-5.1829348
1106,13.69027,-0.27615163
1107,18.424503,-0.23643208
1108,-2.9502554,3.2656505
1109,18.692505,-1.6438247
1110,5.540048,-2.0133173
1111,5.966686,-1.8507584
1112,-0.6630768,-0.63465923
1113,5.717778,-2.0886996
1114,4.398661,-1.2582768
1115,-0.32757282,-0.5174688
1116,1.0037019,3.5678637
1117,13.769058,-0.289526
1118,3.2250082,-1.6031666
1119,4.157605,-1.8216763
1120,16.906553,0.6873884
1121,18.335266,-1.9861648
1122,4.0570135,-4.9277873
1123,3.446194,-4.5428724
1124,15.653403,-0.9658499
1125,-1.9550507,5.3771114
1126,2.016864,-3.4455333
1127,1.6166774,-1.074891
1128,3.263074,-5.9082155
1129,14.865659,-0.16627304
1130,14.697143,0.9402348
1131,4.106046,-0.6734597
1132,-1.020595,-0.17655776
1133,3.1177871,3.8467858
1134,15.269464,-0.009750256
1135,1.8482413,-1.5325698
1136,-4.84886,5.295898
1137,-4.3882957,5.4607577
1138,1.9798429,-1.7790934
1139,4.0742464,-1.0408238
1140,18.365,-2.2658238
1141,17.871803,-1.3248569
1142,0.46684974,2.3341832
1143,-0.74606615,5.687533
1144,3.286261,4.0903807
1145,0.35382843,3.2696629
1146,13.822022,-0.32735175
1147,16.388634,-0.5223751
1148,2.0348275,-5.0385194
1149,1.972722,-3.4948268
1150,1.8123794,-1.117798
1151,0.68313557,5.022832
1152,1.7030842,-4.277412
1153,13.361303,-0.8949704
1154,18.105389,-2.2494774
1155,-5.022839,5.284672
1156,2.2790065,-2.1165059
1157,1.6452122,-1.0815449
1158,-1.2020633,3.3826566
1159,2.9663668,-3.9034061
1160,17.27982,-0.98080754
1161,18.388065,-1.7063813
1162,14.67144,-1.1221766
1163,0.57250655,2.07105
1164,15.898957,-0.40094897
1165,0.9275544,3.232772
1166,-0.46392787,5.622438
1167,2.536216,11.563608
1168,17.579437,-0.09297405
1169,5.5268507,-1.9631996
1170,16.032654,-1.5468398
1171,16.224052,1.0153409
1172,6.1401076,-2.6339095
1173,1.5629191,-4.328547
1174,-4.6702046,5.1504292
1175,16.259962,0.32822952
1176,-0.6673222,0.14865543
1177,-2.9666057,3.2757688
1178,14.635037,0.78706264
1179,-2.9567556,2.175716
1180,0.7181743,1.3583804
1181,16.790401,-1.6824709
1182,3.2996588,-1.6645588
1183,3.2765708,3.3652334
1184,-4.545731,4.4426107
1185,17.345964,0.669564
1186,-4.140127,5.8292546
1187,17.843052,-2.147301
1188,-1.4608953,-0.36229426
1189,14.205251,-0.15311766
1190,-3.747759,5.788681
1191,6.063753,-2.300664
1192,-0.72108525,3.2309687
1193,16.544489,0.39175504
1194,1.014922,-3.9942765
1195,2.5300705,11.464549
1196,3.157613,3.9294236
1197,0.99550045,3.3228824
1198,1.0573827,3.406772
1199,14.597598,1.0497723
1200,-4.996192,5.3309817
1201,16.149706,-1.7680657
1202,3.7208765,-4.749479
1203,15.946544,0.20682219
1204,2.676415,3.6080847
1205,16.067005,-0.8565671
1206,5.2364345,-2.5731175
1207,3.1022315,3.4916692
1208,-0.5636495,0.3401736
1209,1.6396979,-2.6346886
1210,-0.82591575,-0.18377851
1211,4.9724164,-2.7274685
1212,-0.7765197,-0.7421393
1213,1.2338084,-4.6204486
1214,-1.234281,3.5535734
1215,18.38845,-2.3422022
1216,2.2382948,-4.4569716
1217,16.358564,-0.513248
1218,3.421705,-5.7282543
1219,15.091999,0.47795
1220,4.075211,-0.66558385
1221,0.16495807,3.6907284
1222,15.67962,1.2483872
1223,5.819574,-2.7724502
1224,15.658249,1.4385524
1225,1.1565353,-2.1459062
1226,4.146226,-0.7172459
1227,-3.8187938,4.6524477
1228,18.222706,-1.4103358
1229,0.07609981,4.386711
1230,16.537964,-0.90682936
1231,2.8794706,-3.8187487
1232,3.1506999,-3.7774727
1233,4.695261,-2.6142876
1234,-2.348633,2.2274272
1235,17.720297,-2.488136
1236,2.2491941,-2.1266541
1237,4.591878,-2.1716776
1238,6.085726,-2.6815753
1239,6.028576,-2.2348187
1240,3.989759,-1.9207034
1241,18.30984,-2.2152352
1242,-4.906307,5.566169
1243,-4.663673,5.729646
1244,0.7609038,5.171731
1245,2.6932292,-3.5116324
1246,18.697641,-1.9323533
1247,1.3231586,-2.2071986
1248,4.5939727,-1.1764561
1249,5.254432,-2.162611
1250,2.6505156,11.710149
1251,16.044128,1.4229691
1252,2.7977276,-4.3358493
1253,14.70495,1.1904664
1254,18.746159,-1.6748803
1255,17.99259,-1.8681955
1256,17.841125,0.2989172
1257,4.128467,-0.70422935
1258,1.0405574,3.3759253
1259,-4.449172,4.5466423
1260,3.3068752,-5.5892043
1261,-4.4428535,5.6846523
1262,16.595459,1.1257155
1263,2.240031,-5.4428515
1264,4.048852,-1.9445451
1265,2.0763073,-3.5120425
1266,14.837166,1.135279
1267,18.681446,-0.33208522
1268,16.316664,0.38748947
1269,-1.6497287,4.2060313
1270,-2.0445628,5.3741813
1271,-3.302519,5.4709725
1272,0.49707147,3.0723813
1273,17.251036,0.6598373
1274,5.585702,-2.900202
1275,3.113751,-4.4416876
1276,-0.8890648,-0.5968986
1277,-0.8805426,3.1737776
1278,18.414179,-1.2576567
1279,-0.46274987,1.7711556
1280,0.23176233,1.748052
1281,-0.5539181,5.6192226
1282,2.318087,-2.0883045
1283,0.8234678,-2.239966
1284,5.5334063,-2.5033655
1285,2.9199533,-5.231153
1286,2.235261,-6.420815
1287,16.356438,1.1328126
1288,-0.3657719,1.989512
1289,14.375293,-0.30119818
1290,3.3144221,-3.5146623
1291,-1.5670468,3.1390467
1292,-4.7901006,5.6166663
1293,0.9016116,2.4892392
1294,0.20460747,1.7013218
1295,15.004932,0.089546986
1296,6.0085106,-2.2404907
1297,-0.9350466,4.326611
1298,-1.9251983,5.181818
1299,15.503694,-0.75429416
1300,18.708364,-1.3395538
1301,5.8796234,-1.8942624
1302,-4.764641,4.375425
1303,-0.7382301,0.36206105
1304,18.697176,-1.3392359
1305,4.023692,-0.70577747
1306,4.0360827,-3.060414
1307,18.606691,-1.5731312
1308,-4.443433,4.468687
1309,6.2027283,-2.4796126
1310,2.5445864,11.510458
1311,13.839272,-0.079571925
1312,-2.85325,3.2982135
1313,-0.42659947,5.465849
1314,-1.9648304,4.231441
1315,18.879982,-1.6825763
1316,17.250996,-0.6808963
1317,-1.7116076,5.267181
1318,16.564411,-1.6690114
1319,16.005966,-1.8571068
1320,15.64388,1.3194344
1321,1.4644029,3.6673784
1322,14.687601,-1.2023474
1323,0.8446872,5.1992373
1324,2.5282366,11.468567
1325,-0.92062074,1.8049525
1326,17.798613,-1.0756559
1327,-4.922434,5.674089
1328,15.553572,-1.3991154
1329,3.4035344,3.836071
1330,6.1110516,-2.578644
1331,3.6056328,-1.7754778
1332,15.167879,0.8789023
1333,2.2978032,-4.282412
1334,4.193719,-0.54956585
1335,0.9499516,3.2332802
1336,18.197706,-1.4830891
1337,-0.55397886,-0.6120304
1338,16.404997,0.44860733
1339,1.9753606,-3.3372989
1340,-1.1759163,0.036115296
1341,1.2147211,-4.579867
1342,6.2730484,-3.0662124
1343,0.14614783,3.6276448
1344,-1.2626162,5.366671
1345,2.0721624,-5.1415114
1346,-2.936727,2.1681964
1347,0.9135706,3.2023242
1348,5.67626,-2.1448038
1349,3.0440805,3.6738281
1350,-2.3681762,2.2399852
1351,3.5484848,-3.373497
1352,-4.4306264,5.194593
1353,0.22156444,3.5193658
1354,-0.36460987,5.445217
1355,1.204906,3.352287
1356,-0.17721106,3.4738367
1357,15.029273,1.2164283
1358,-0.9451643,4.205375
1359,-4.3549356,5.7753873
1360,5.6911435,-1.7648448
1361,-1.8772981,3.1122873
1362,14.685728,-0.42179024
1363,-3.0469973,2.1737351
1364,18.058737,-1.685569
1365,0.9591171,4.009419
1366,-0.33789736,3.717991
1367,18.352781,-1.8826215
1368,6.126784,-2.5130088
1369,2.5370631,-2.1882055
1370,14.984,-0.48239756
1371,-4.2232704,5.973139
1372,3.5341754,-1.8873469
1373,-4.3993545,4.73935
1374,3.1808755,3.7851286
1375,16.12422,1.4988128
1376,-1.7236934,2.0801146
1377,16.87644,0.6378762
1378,-4.745227,5.362224
1379,0.5961259,5.054894
1380,5.9053855,-1.9749019
1381,2.5745926,-4.4858823
1382,2.4024456,-3.8540936
1383,0.29367656,4.306805
1384,15.427487,-0.8854173
1385,14.3759165,0.5699602
1386,17.618168,-2.4174933
1387,2.3191526,4.3845506
1388,13.9325905,-0.44447222
1389,16.985079,0.3578506
1390,-4.134778,5.2538047
1391,2.7109938,11.1216955
1392,16.40755,1.056922
1393,-4.686862,5.5497966
1394,-3.126676,2.927543
1395,-4.2141337,4.786639
1396,5.304255,-1.7071038
1397,17.27581,-1.8793772
1398,14.212932,-0.28957915
1399,3.2843633,-2.0397053
1400,-2.9722352,2.301348
1401,1.1097536,-4.5654435
1402,18.161139,-1.6040711
1403,1.0229557,2.3993692
1404,-4.0637865,5.487855
1405,-4.463642,4.8106256
1406,17.560818,0.33998635
1407,14.88398,-0.27848616
1408,-3.972507,4.6696534
1409,17.592491,-2.4252384
1410,-0.48246655,5.5419707
1411,3.3637886,-5.3479004
1412,1.4607813,-4.826392
1413,-1.2851988,3.6910067
1414,-0.3883386,5.565447
1415,-4.4169574,4.2649026
1416,-4.6274743,5.772669
1417,-4.8251576,5.3995857
1418,5.9871087,-2.8123393
1419,2.2208462,-6.275757
1420,-1.6310843,4.1953325
1421,-0.3419212,3.4714344
1422,3.2586207,-1.5827361
1423,-3.8324351,5.1569676
1424,-3.9145927,5.5764236
1425,3.5425942,-1.9426508
1426,-0.25102818,3.6781423
1427,17.030043,-0.5716383
1428,6.1961265,-2.6686199
1429,-4.6392107,5.835985
1430,2.7728312,3.7287314
1431,3.1171167,-2.769512
1432,-0.744092,-0.22539419
1433,14.595069,1.2686149
1434,16.295452,-1.3462015
1435,0.98683906,3.1485808
1436,3.4160447,3.941088
1437,4.740545,-1.4158248
1438,-0.7682307,4.5390487
1439,0.93086237,-2.0017862
1440,3.0132065,-2.7419894
1441,16.219263,-1.3019078
1442,-1.4110122,-0.42080986
1443,14.005964,-0.5760552
1444,1.0859098,3.4448519
1445,-4.3363986,4.432916
1446,2.190595,-1.9964399
1447,-1.7765143,3.1271272
1448,16.680075,0.85643035
1449,5.040878,-0.9375315
1450,-3.0407643,5.3083205
1451,6.2524667,-2.4007227
1452,5.303305,-2.091335
1453,18.899752,-1.276224
1454,13.72216,-0.24061033
1455,14.7084465,1.1172098
1456,0.51903224,4.7688885
1457,4.0799236,-0.6920761
1458,-1.0288886,1.8841887
1459,1.9211471,-3.4823577
1460,1.8731561,-4.9381514
1461,13.8680725,-0.25025502
1462,2.4685528,11.43444
1463,14.870414,-0.78958446
1464,-3.9376698,3.047978
1465,0.27058324,4.3199496
1466,16.15361,1.4299022
1467,4.904721,-2.684533
1468,3.1851928,-5.7344007
1469,3.5506554,-5.333037
1470,-2.9815354,2.105595
1471,3.2802243,-5.4656863
1472,17.210848,-1.9525796
1473,18.386995,-1.7783743
1474,16.12592,-1.740669
1475,1.2388537,-4.5029054
1476,-1.2693259,3.6256876
1477,15.739826,-1.1569164
1478,-0.3267299,3.206187
1479,1.761569,-3.8363352
1480,-2.2183948,5.291378
1481,3.5431855,-5.464337
1482,-0.50585735,-0.5552225
1483,15.679616,1.429746
1484,-0.5510907,5.2898173
1485,0.99388266,3.4066205
1486,4.592894,-3.0628326
1487,0.912757,2.4036047
1488,2.5738132,-2.4855711
1489,5.5097427,-2.9019184
1490,-4.2220144,5.7836585
1491,2.592211,11.556892
1492,16.047804,-1.8354362
1493,15.435011,-0.9396325
1494,17.587051,-2.3610907
1495,1.6934721,-1.023423
1496,18.418343,-1.3253866
1497,17.551313,-1.9085388
1498,3.5238545,3.7643194
1499,3.3128412,-1.764162
1500,2.3663611,-5.3443475
1501,-0.9140398,-0.67792326
1502,16.147816,1.350195
1503,15.577942,1.3621575
1504,6.1013193,-2.6640716
1505,-2.6019473,3.6171134
1506,3.4213407,-3.3576498
1507,-4.568161,5.251659
1508,-1.8815694,5.2435684
1509,3.5978782,-3.2460728
1510,17.899664,-2.0589442
1511,15.677887,-1.0008175
1512,15.715101,1.4205903
1513,1.0412025,2.4490426
1514,16.197674,0.38857207
1515,5.584391,-1.95108
1516,16.944077,-2.4278364
1517,13.493777,-0.79381377
1518,1.7308042,-1.0423323
1519,-1.0897933,-0.65532476
1520,18.015978,-0.9925544
1521,3.4070525,-5.8692017
1522,3.0936303,-3.5657845
1523,18.799929,-0.65672886
1524,18.11187,-1.7734637
1525,-1.8977146,2.0863519
1526,-1.4513899,-0.32239524
1527,17.304026,-1.2565663
1528,-4.260767,4.792077
1529,2.7039957,-4.8843427
1530,0.3427118,1.7288728
1531,-3.2177565,3.8785913
1532,0.98302525,2.361929
1533,1.998356,-3.082904
1534,5.696283,-1.7473629
1535,0.81957084,3.2098525
1536,-1.8370469,5.241891
1537,-2.0053632,5.3776264
1538,3.3424182,3.8090272
1539,17.404217,-1.6574099
1540,4.067109,-1.0109702
1541,5.080823,-0.9375643
1542,2.2535832,-4.525407
1543,4.7260714,-1.0096968
1544,0.9067489,2.3648121
1545,5.7333937,-2.4823956
1546,-4.7621646,4.8209553
1547,-0.87756026,4.263976
1548,16.68455,0.332955
1549,3.0975947,-1.5067319
1550,0.98619974,-3.72721
1551,14.595233,1.1905149
1552,0.7901202,3.1117823
1553,-1.8470122,5.270638
1554,-0.889648,5.3122125
1555,-4.434916,5.5022116
1556,-1.8972245,2.1511052
1557,17.43787,-2.32059
1558,4.0336123,-2.4277122
1559,6.1680794,-2.6163049
1560,14.193249,-0.68120223
1561,-0.3280404,5.536527
1562,18.310635,-2.107313
1563,14.724456,-0.5098046
1564,0.67098534,1.3973851
1565,0.7183164,5.047186
1566,-0.3644615,5.0468726
1567,3.4700787,-5.3303733
1568,-0.16735415,4.7757025
1569,-0.33652368,-0.3618523
1570,14.628362,1.1788698
1571,14.771353,-0.08386808
1572,0.9790888,-3.523435
1573,1.0218357,3.6969445
1574,2.182343,-1.5481193
1575,-1.7789421,3.5116475
1576,17.801558,-1.016227
1577,-1.5901316,4.1214275
1578,17.433903,-0.7185746
1579,3.2228086,-1.5777307
1580,15.867914,-0.9208422
1581,4.6823335,-4.2618814
1582,2.2821727,3.8319578
1583,1.9585297,-2.179067
1584,-2.6607163,3.5472336
1585,-4.6108694,4.3469625
1586,-5.034185,5.23807
1587,2.9129362,3.5894864
1588,-3.131503,2.5759587
1589,18.788904,-1.7602556
1590,-0.2754258,4.140898
1591,18.15822,-2.0931432
1592,3.0904353,-5.7999325
1593,16.141073,-0.9839699
1594,1.2390223,-3.7288976
1595,3.7586086,-6.059764
1596,-4.5143995,4.368248
1597,17.979671,-1.7080909
1598,-1.697911,3.1551607
1599,2.024106,-1.3698531
1600,3.2385855,-3.133256
1601,1.2285217,4.5361295
1602,14.088587,-0.2993817
1603,-2.108546,5.1074867
1604,2.1918514,-2.0522707
1605,-3.6983018,5.695305
1606,2.525948,-4.318413
1607,17.654375,0.2615666
1608,4.288155,-1.6329011
1609,-2.3818622,2.2126365
1610,-1.7678969,2.2967086
1611,0.8748112,5.114222
1612,1.1974742,-4.5671387
1613,0.9708774,2.3533242
1614,16.38805,-0.60597515
1615,15.528717,1.2620273
1616,-3.380423,5.429605
1617,4.2189846,-3.1607814
1618,18.654428,-2.0706341
1619,3.9133918,-1.0810165
1620,14.173152,-0.4447223
1621,-4.3103347,5.0742636
1622,3.2143908,-1.6216296
1623,-0.11043177,2.865765
1624,-1.4731734,-0.409226
1625,-1.7935205,3.1083722
1626,3.3224146,-5.8607783
1627,2.3838298,-1.9737808
1628,16.037935,0.09510053
1629,2.5575361,11.527266
1630,-0.1459197,-0.06277525
1631,-4.528829,5.4090858
1632,6.0498443,-2.3897843
1633,14.781817,0.99512655
1634,0.25786972,1.3398099
1635,-4.57052,5.6979156
1636,-1.0178022,2.1324873
1637,2.2415824,-2.0246897
1638,0.45808607,4.0893836
1639,1.2247012,-4.492592
1640,0.92071813,3.3644617
1641,18.638313,-2.1555283
1642,2.2388823,-2.0791786
1643,17.610481,0.20648873
1644,18.12907,-0.22652915
1645,1.2265904,-3.3945632
1646,-0.93646735,1.8546116
1647,2.7194495,-1.951951
1648,3.3319316,3.6324399
1649,-4.5006495,5.6510754
1650,0.8134572,-2.2565985
1651,-0.9677032,4.276963
1652,2.6123397,11.5225115
1653,-1.0266194,1.774481
1654,-4.6520247,5.186804
1655,2.012405,-4.9874554
1656,-2.4447258,4.423743
1657,2.2037313,-5.2082725
1658,16.3124,-0.5124096
1659,1.0578457,-3.7583754
1660,-3.9597166,4.5462203
1661,-0.4159545,4.3904147
1662,3.15153,-1.7606951
1663,6.2755375,-2.6064835
1664,18.131035,-2.0905073
1665,16.29665,0.32109427
1666,0.32248154,1.733024
1667,3.7270436,-4.7158923
1668,2.3077009,-3.690781
1669,17.967426,-0.23962896
1670,1.0712426,-1.935192
1671,18.062103,-2.119495
1672,5.570676,-2.046522
1673,2.599623,11.717502
1674,18.614618,-1.4770234
1675,17.598444,-2.5013776
1676,18.56474,-1.92587
1677,5.2100105,-1.7991772
1678,0.775212,1.2715019
1679,3.2213726,3.6704
1680,15.722007,1.2846819
1681,-0.49793777,5.5945973
1682,0.49868882,1.5339
1683,5.6130657,-1.8114374
1684,15.760399,-1.133621
1685,0.9360824,3.5881677
1686,-0.80506927,0.33997077
1687,13.984273,-0.261433
1688,1.2277424,-4.528305
1689,13.787953,-0.5095201
1690,0.017149631,3.6655357
1691,-0.9889977,-0.68440306
1692,-1.9504659,5.317234
1693,-4.251724,5.5871053
1694,-1.9786596,5.300891
1695,15.521939,0.9007702
1696,17.953959,-0.3377101
1697,1.1372389,-3.5745325
1698,16.475422,0.87388766
1699,17.977331,-1.5958747
1700,-1.6861405,4.9600244
1701,1.3582737,3.7608614
1702,16.346382,0.72953975
1703,2.4062476,-1.3753164
1704,6.0917697,-2.5180292
1705,14.8843355,0.6094945
1706,1.8678089,-4.3834963
1707,3.2795484,3.771724
1708,1.2168244,4.519961
1709,17.577133,-1.1715455
1710,14.062333,-0.31916356
1711,2.7114222,-1.0766864
1712,-0.79160964,4.6783276
1713,1.9429556,-5.3225083
1714,18.910223,-1.6854459
1715,-1.0204931,1.8308011
1716,18.065641,-1.7259231
1717,15.68295,1.4495254
1718,14.9829855,-0.22705615
1719,14.75058,-0.09586831
1720,-4.52403,4.687289
1721,-4.561345,5.926844
1722,3.037551,-2.256154
1723,-4.6089163,5.3477383
1724,-4.7764716,4.997901
1725,3.5342383,-4.550005
1726,-1.7268599,2.3467784
1727,-0.8522562,0.20886755
1728,-4.355464,4.7805467
1729,18.684578,-1.3291421
1730,17.862715,-1.264823
1731,16.068645,0.16513711
1732,14.49397,0.5402881
1733,14.922344,-0.32468274
1734,-0.85541975,0.37541
1735,4.466534,-1.0623531
1736,1.2331978,-4.565665
1737,-0.5084237,3.7607267
1738,3.4454331,-4.4779563
1739,-0.3132313,-0.5830566
1740,-4.6320844,4.768259
1741,18.05722,-0.6451229
1742,14.749826,1.171744
1743,18.449512,-1.7773286
1744,3.1057987,-2.7990968
1745,16.423685,-0.6026611
1746,-1.7306392,3.1900103
1747,14.5840645,1.0271976
1748,-0.6450522,5.440663
1749,18.064854,-0.40257445
1750,1.6605989,-3.6009302
1751,17.993153,-0.33834013
1752,17.520576,0.74913937
1753,3.260924,-5.85287
1754,2.0766218,-5.1092644
1755,5.08662,-1.8320063
1756,-4.2654963,5.167359
1757,15.6203165,1.4283633
1758,-4.3915606,5.87002
1759,13.753401,-0.4085526
1760,-5.000072,4.9804792
1761,2.4274764,3.6216242
1762,5.1092587,-2.1469052
1763,17.063671,-0.31467783
1764,-2.3340845,4.408092
1765,14.198096,-0.82574314
1766,-4.7228565,5.8233747
1767,-3.172495,2.8690994
1768,15.80923,1.3620027
1769,-0.6762864,-0.56837523
1770,16.307798,1.1143491
1771,17.553259,0.800113
1772,1.1199657,-4.4608335
1773,-0.562047,2.6618774
1774,-0.9286769,4.8752775
1775,3.1594906,-3.1476712
1776,-4.151654,5.054539
1777,5.8185234,-2.737143
1778,16.415777,0.47782868
1779,2.259672,3.49188
1780,3.0130005,-3.895428
1781,-0.5679488,5.5109825
1782,2.2089546,-6.382584
1783,1.0329794,-2.391242
1784,1.3964881,-3.9275675
1785,2.2119129,-2.053364
1786,16.20341,-0.091007955
1787,15.309719,0.7213706
1788,4.1373467,-0.6370578
1789,1.0885329,3.064062
1790,0.21373999,1.7701072
1791,4.272052,-4.6772027
1792,2.1547325,-2.6764734
1793,-4.553603,5.6461434
1794,15.455781,0.5427944
1795,14.946769,0.34001884
1796,16.859283,-1.4008673
1797,3.120489,-6.0608735
1798,6.244218,-2.528026
1799,0.34813422,1.6829666
1800,2.9994068,-5.799199
1801,16.127523,1.520271
1802,14.490701,0.6951524
1803,15.602693,-1.294322
1804,16.418247,-0.8888185
1805,15.401049,-1.7473618
1806,1.2429422,-4.5722756
1807,-1.8211871,2.2512176
1808,15.792639,1.2241485
1809,0.92284054,2.8942885
1810,14.599021,-0.21909548
1811,18.31531,-1.6957793
1812,-3.473246,5.112831
1813,0.7639115,5.2409267
1814,2.2383366,4.3777704
1815,13.756489,-0.33030295
1816,15.830073,1.3709553
1817,-2.9791484,5.3649416
1818,1.4501784,-2.2979677
1819,18.893553,-1.2173722
1820,2.7642536,-1.2460401
1821,-4.4929476,4.807004
1822,1.0116609,4.9114795
1823,0.95467585,3.6575475
1824,-4.7562623,5.819059
1825,-5.110377,5.4908433
1826,15.809489,1.4600145
1827,0.5854009,3.0274363
1828,-0.62231827,5.4039297
1829,14.739767,1.063945
1830,18.628279,-2.0410585
1831,3.3160946,-5.736312
1832,-2.9305165,5.3446736
1833,15.493297,-0.99027187
1834,16.080856,-1.125576
1835,17.370203,0.5558735
1836,0.8265651,3.3861609
1837,2.7418873,11.768581
1838,17.779055,-0.81971806
1839,-4.883337,5.604092
1840,2.8810637,3.313121
1841,18.50089,-2.0196948
1842,18.015474,-1.1808652
1843,1.6922827,-1.0266131
1844,3.8319182,-4.751207
1845,15.363302,-1.7688845
1846,5.556524,-2.7622998
1847,16.088753,0.11812979
1848,-1.8575858,2.206036
1849,18.07776,-1.7797778
1850,1.1861135,-4.6062965
1851,-3.971536,5.3105764
1852,15.073869,0.6838267
1853,5.8268437,-2.5331762
1854,17.41348,0.61840767
1855,4.2456303,-0.68355274
1856,15.8472,-0.9639709
1857,-1.235107,3.4234033
1858,15.6470995,0.5684154
1859,-0.49541008,2.6364713
1860,6.118854,-2.5204527
1861,-4.786414,4.8312187
1862,4.886567,-2.4919887
1863,16.357193,-0.50495183
1864,-3.094413,4.90081
1865,1.2296468,4.4527755
1866,17.444654,0.5995708
1867,-4.158946,5.5132823
1868,1.4794897,-3.671153
1869,16.337555,-0.5028524
1870,15.388102,-1.7500052
1871,16.640514,-0.8303549
1872,2.462442,-3.8338978
1873,-4.8663983,5.882441
1874,5.897886,-2.4974444
1875,17.861727,-2.2496896
1876,1.903061,-5.3036394
1877,4.548955,-1.1896247
1878,-0.77930987,4.668742
1879,-0.7382799,0.30646104
1880,15.083728,0.32654306
1881,13.819222,-0.49465477
1882,-0.73872113,0.2892218
1883,14.086775,-0.6378668
1884,17.488176,0.29764742
1885,3.0919228,3.6522667
1886,2.7439284,-1.1810739
1887,-0.121849194,2.0257947
1888,-2.3646533,4.4013333
1889,3.5493119,-5.301341
1890,2.6836982,11.250162
1891,2.2421172,4.3913126
1892,-2.5118272,2.2377388
1893,-3.9851007,5.727091
1894,18.449612,-1.2925445
1895,1.2283244,-4.40193
1896,2.3278399,-2.0573142
1897,4.929564,-2.451161
1898,16.003323,-1.0194248
1899,1.3545995,-1.2474074
1900,17.451656,-1.940282
1901,15.590033,1.4619138
1902,0.3824697,5.1536436
1903,-4.501246,5.5811567
1904,-2.9570017,3.2350178
1905,-0.5904433,5.636812
1906,1.6919872,-4.3676496
1907,-0.7502215,3.6647532
1908,17.569744,0.78142196
1909,2.4384868,-1.9566942
1910,-0.6947515,5.4485383
1911,0.51987743,4.984734
1912,-4.4900746,6.0191264
1913,-4.4058967,5.9621696
1914,3.1366243,-5.829375
1915,-0.727736,0.023738645
1916,2.467019,-3.7646291
1917,-1.7584977,3.1321657
1918,14.850798,-0.24803573
1919,1.0436492,-3.4512331
1920,-1.369607,2.5213099
1921,6.273995,-2.3690577
1922,-2.2596004,4.388924
1923,-0.80364543,4.548179
1924,-5.0931897,5.491452
1925,-4.6500564,4.547366
1926,14.574109,1.132315
1927,1.0050044,3.4187698
1928,-3.1379747,2.6737263
1929,18.340178,-1.5734408
1930,0.9670343,-3.3876498
1931,0.8975872,3.1672685
1932,18.514997,-1.2668
1933,5.6126914,-2.9076452
1934,3.1551466,-5.9491043
1935,3.2968745,-5.4438534
1936,17.36146,-1.8945688
1937,3.381126,-5.545114
1938,-1.2637091,2.6189954
1939,15.570564,1.267137
1940,13.82082,-0.16554114
1941,-3.9310703,5.06628
1942,2.2163687,-5.177685
1943,-0.26333705,3.673664
1944,-0.6110377,5.4719896
1945,18.8647,-1.298422
1946,1.2143117,-4.453037
1947,13.692061,-0.36102158
1948,14.949482,1.0640241
1949,-2.3420599,4.4068985
1950,18.451586,-2.3948894
1951,-0.18416013,5.3021593
1952,-1.7305341,3.1804192
1953,-4.707213,5.434971
1954,-1.064941,-0.6115008
1955,-4.818138,4.5223727
1956,16.315619,-0.23001452
1957,1.7504529,-5.0296516
1958,0.22702393,1.8606577
1959,-3.9718547,3.1092746
1960,-0.540771,0.34324232
1961,-3.2090073,4.461847
1962,15.933282,1.5792681
1963,6.043764,-2.3167353
1964,4.156196,-3.0918763
1965,16.210173,0.37423462
1966,18.802431,-0.42429498
1967,2.698605,11.447872
1968,1.175522,-3.8142195
1969,2.8224452,-2.171117
1970,18.16108,-2.337192
1971,15.397639,-0.76993704
1972,2.8833103,-5.1297226
1973,3.0385103,-3.9111078
1974,-3.932757,3.0362065
1975,4.5891404,-3.05821
1976,16.832481,-1.3861471
1977,14.890018,-0.26222908
1978,16.135763,-1.8936781
1979,17.503271,-1.6313453
1980,16.535137,-0.26185647
1981,5.6957984,-1.762955
1982,14.585495,-1.1993549
1983,4.0956254,-1.9190583
1984,4.848504,-1.4988524
1985,-3.0307763,3.77828
1986,16.347738,0.46155706
1987,18.374847,-2.2049496
1988,-2.0364213,5.220615
1989,16.84251,-1.5740776
1990,17.422132,-1.6515527
1991,3.087749,-5.881053
1992,17.25373,-1.2939969
1993,0.25890154,4.0878453
1994,2.4965293,-2.9598064
1995,3.3856483,3.7587888
1996,14.383058,0.71173096
1997,5.3976836,-2.4155488
1998,1.5272014,-2.3081815
1999,1.2177595,-1.4363984
2000,5.013889,-2.7523475
2001,0.33148018,1.6645286
2002,-4.5177474,5.863467
2003,18.272232,-1.663796
2004,0.98198426,-1.9358844
2005,1.8358058,-4.36193
2006,0.7390834,5.150424
2007,-2.3167264,4.4281273
2008,16.151125,-1.3278975
2009,-0.7693322,0.28197733
2010,-0.64454967,2.6985645
2011,-0.76196337,-0.5822519
2012,-0.7941263,-0.7503722
2013,3.1715784,-3.6802797
2014,6.1987314,-2.4800491
2015,1.190374,-4.4668236
2016,-1.813285,2.2970703
2017,17.220491,-1.786434
2018,16.061663,0.33624667
2019,3.6470373,-5.895688
2020,-4.4938188,5.394865
2021,-2.6267595,3.5583556
2022,-0.87893724,2.790643
2023,18.36666,-1.9105225
2024,-4.0965734,5.484494
2025,0.9039306,3.3281505
2026,2.3437157,-2.0803366
2027,2.8364182,-2.4956453
2028,-4.4957337,5.294252
2029,2.4851384,-5.190156
2030,-1.5238591,4.1843004
2031,3.33773,-5.8219094
2032,0.30466565,1.6605033
2033,2.6257255,-4.6529512
2034,2.312165,-4.7074704
2035,-0.9319083,3.2031019
2036,5.806318,-2.6447935
2037,15.286909,-0.90043
2038,2.4698288,3.550824
2039,-0.32197988,2.332969
2040,-5.1743665,5.488122
2041,-1.3959327,-0.34395224
2042,-3.179936,4.4629946
2043,-4.432345,5.610932
2044,1.3949124,-4.817525
2045,4.955062,-2.4635088
2046,14.573311,1.1397908
2047,2.9120932,3.8209445
2048,16.776117,-1.5750134
2049,0.1936865,4.9686804
2050,3.567716,-1.9271834
2051,3.247165,-5.728279
2052,18.368237,-2.1730883
2053,-4.465732,5.298935
2054,-0.59541756,3.4814124
2055,15.606184,1.3638835
2056,-0.6118659,5.509999
2057,1.0218445,3.3108578
2058,-3.8352182,4.8214154
2059,2.5625165,11.581612
2060,5.8931384,-2.1639268
2061,17.74898,-0.4498834
2062,-3.7604885,5.455179
2063,2.57103,11.660852
2064,4.514864,-1.0260744
2065,0.70152414,3.1688356
2066,2.622176,11.386105
2067,3.1027308,-5.536905
2068,3.9222124,-1.9460689
2069,0.48594147,1.796567
2070,3.0431304,3.3756542
2071,2.7612023,-5.307383
2072,0.78732526,5.1533685
2073,0.5545759,4.6519513
2074,0.66321945,4.987889
2075,18.158962,-1.9855835
2076,16.395329,1.1600018
2077,17.117281,0.3322661
2078,3.1394293,3.7002928
2079,-0.053637575,3.6615934
2080,5.715783,-1.8348963
2081,-2.954863,2.191728
2082,-2.9244857,3.2366414
2083,13.655966,-0.6162462
2084,-4.497163,5.8464017
2085,-4.764884,5.8628535
2086,1.163549,-2.0795467
2087,3.9724865,-0.812151
2088,18.10128,-1.8073317
2089,3.0628889,-5.8216877
2090,18.695688,-1.3109055
2091,4.586654,-1.2589546
2092,2.2840636,4.3334894
2093,2.240607,-6.387667
2094,15.927432,-0.8070384
2095,15.861649,-0.71911395
2096,1.1067388,3.4204102
2097,2.6221437,11.456558
2098,5.964617,-2.274119
2099,-0.9970616,1.7322965
2100,3.5547976,-4.7141657
2101,-1.7971364,3.1617544
2102,2.511416,3.5587237
2103,4.3175387,-2.0756183
2104,18.5551,-1.7385587
2105,-2.6363058,2.6906114
2106,18.404331,-2.1433947
2107,14.580425,1.0896267
2108,17.121042,-2.259621
2109,5.078806,-0.92541957
2110,3.1568904,-3.748599
2111,18.445124,-1.3610954
2112,2.8457432,-2.6781015
2113,-1.8500954,2.329474
2114,-4.272306,4.9151864
2115,-4.053726,5.4881907
2116,16.14207,-1.0920892
2117,-4.961315,4.9150767
2118,1.8057286,-3.8290493
2119,14.868501,-0.02970399
2120,3.0243185,-4.177454
2121,5.912126,-2.1185672
2122,-0.61230034,-0.51148915
2123,0.80022776,3.1583512
2124,1.9387419,-4.8805194
2125,14.769603,0.41988838
2126,1.9259896,-5.0016336
2127,-1.9895906,2.1601555
2128,0.93998516,-3.3815763
2129,3.1173286,-3.0130155
2130,3.2509472,-1.6658305
2131,-1.7448236,5.230662
2132,-3.7210217,5.734496
2133,-0.3472676,3.4853692
2134,0.8464114,5.190903
2135,-0.9857612,1.8123668
2136,-0.9005501,1.647315
2137,-0.5065298,5.532326
2138,16.140116,-0.31086275
2139,13.963521,-0.3194575
2140,17.647501,0.80225265
2141,4.212304,-0.73334235
2142,-3.9383783,5.4490767
2143,-2.5322309,5.179584
2144,3.4775395,-4.557045
2145,0.41067097,1.687772
2146,15.125419,0.011045638
2147,2.4542458,11.436421
2148,15.275725,-1.6687673
2149,2.617773,3.5971127
2150,3.313681,-2.8771045
2151,18.604725,-1.4453896
2152,14.06102,-0.3163104
2153,14.504887,-0.5352572
2154,15.266412,-1.5457169
2155,1.6875514,-1.1067852
2156,3.0123494,-2.7285519
2157,5.8028026,-3.1761148
2158,-0.3367922,-0.5521952
2159,3.6286945,-5.3714204
2160,-2.6498945,3.558439
2161,5.827438,-2.7909372
2162,2.1936061,-3.8594606
2163,0.28182557,1.5956804
2164,15.943234,-0.2755907
2165,3.1324024,-3.7009962
2166,6.1082306,-2.4608111
2167,-3.8505254,4.8053765
2168,-1.1424662,4.8127255
2169,-4.4548736,5.690078
2170,-3.920255,4.7261577
2171,3.4114041,-2.019864
2172,-0.6520694,0.1462557
2173,18.505611,-1.5881394
2174,2.8020241,3.9459383
2175,5.653762,-1.9550518
2176,0.9177194,3.3656757
2177,16.862598,-0.5878296
2178,3.7600453,-5.892607
2179,4.0977893,-1.9660268
2180,0.09014255,2.014806
2181,4.4987755,-3.1494305
2182,15.57105,0.054554813
2183,15.012233,-0.26068026
2184,1.7174333,-1.095869
2185,6.035061,-2.505982
2186,17.577463,0.72378874
2187,1.3719116,3.8062544
2188,2.909245,-5.622432
2189,2.659499,11.308338
2190,-3.3306317,4.0499477
2191,5.442699,-1.9851865
2192,1.7385972,-4.917623
2193,17.29914,-1.0444444
2194,1.4978008,-2.526254
2195,15.733075,1.3721124
2196,-4.7492986,5.621005
2197,0.15470892,1.82735
2198,3.1844678,-5.9659247
2199,2.2975583,-1.9898914
2200,4.1104083,-1.6331754
2201,15.852415,1.4103127
2202,-5.1868763,5.3350444
2203,2.3819387,-1.6267594
2204,15.823706,0.9550266
2205,-3.1388767,4.469342
2206,13.810053,-0.20996688
2207,18.420698,-2.0440266
2208,15.654347,1.3093727
2209,-4.2476897,5.866067
2210,-4.289486,4.959674
2211,16.10963,1.4757841
2212,-0.4095262,2.683471
2213,17.09486,0.20076492
2214,-3.0074184,4.8339257
2215,3.1699207,-5.687255
2216,-4.6522455,4.685979
2217,2.3284428,-2.0805418
2218,2.570671,-5.160457
2219,3.0219066,-2.8049672
2220,2.2351959,-6.3592415
2221,1.8691771,-3.7330053
2222,-4.815431,5.9605227
2223,18.087446,-1.6156124
2224,14.565709,1.2382374
2225,18.509317,-1.851295
2226,-0.7964641,0.25657728
2227,2.2378058,-4.3169503
2228,6.11759,-2.547784
2229,-1.2525493,5.384773
2230,3.191412,3.956954
2231,3.217666,3.6695514
2232,3.373066,-1.613096
2233,2.5914662,11.447759
2234,1.0209577,3.5392303
2235,3.148745,-4.8842287
2236,3.3102167,-1.7011485
2237,15.061245,1.1562372
2238,17.665194,-2.420529
2239,17.949286,-0.42170292
2240,-2.0445564,4.967285
2241,4.0243487,-0.73409086
2242,-1.3021541,-0.59868413
2243,3.9536345,-4.7745523
2244,18.886875,-0.8132703
2245,2.278002,-6.364775
2246,1.1799427,4.159062
2247,-4.511808,5.348281
2248,2.4806585,11.62553
2249,-0.9284956,-0.62960154
2250,2.1145794,-4.144735
2251,2.2809553,-3.952792
2252,1.6481186,-3.792333
2253,3.3738184,-6.0130486
2254,0.90820426,2.2191164
2255,16.13828,-0.45154092
2256,16.753784,-0.33472285
2257,3.1635027,-5.7762485
2258,2.2549384,-4.399874
2259,2.544581,11.512385
2260,-4.617127,5.902065
2261,3.1141188,-3.7763286
2262,13.808402,-0.28068724
2263,2.0263171,-4.179905
2264,0.030764746,4.1489177
2265,1.3738042,3.7541666
2266,-0.35283977,-0.42792496
2267,-4.404408,5.8882375
2268,-4.533101,4.404299
2269,13.825966,-0.4691215
2270,1.1786638,-2.1923018
2271,0.98959553,-3.5285907
2272,3.5106664,-4.470851
2273,5.7440853,-3.182038
2274,17.915297,-0.28031123
2275,17.87271,-0.46954307
2276,6.2030745,-2.578307
2277,16.392754,0.5308898
2278,15.813348,1.2639503
2279,3.877857,-2.3081462
2280,1.9695154,-4.246191
2281,4.8961353,-2.5516574
2282,15.982836,-0.7555961
2283,5.979772,-2.4773452
2284,17.195402,0.7092354
2285,-0.9617721,3.2886848
2286,5.064263,-1.9135722
2287,15.000799,-0.37464583
2288,5.8404145,-1.9865578
2289,2.5146015,11.591031
2290,2.9822974,-5.4520607
2291,6.092246,-2.473572
2292,0.89399534,2.3603234
2293,17.171206,-2.2013845
2294,3.0614665,-5.585784
2295,15.861634,0.83292663
2296,3.3071027,-5.7153535
2297,3.335595,-5.992758
2298,17.732834,-1.1618313
2299,16.489763,0.622468
2300,-3.583837,5.021174
2301,1.8234438,-4.858132
2302,-0.73078376,2.6355145
2303,0.9638202,2.8190486
2304,-1.7437338,3.1808684
2305,18.575624,-1.9824802
2306,16.584206,0.9219677
2307,16.346405,-0.43810785
2308,18.48414,-1.9235926
2309,0.1367156,1.7442763
2310,4.6170926,-4.3454065
2311,13.236576,-0.97796714
2312,3.438483,-4.346543
2313,1.1890273,-4.6114707
2314,5.8313513,-2.7106483
2315,3.3500082,3.7706828
2316,1.0799255,3.400102
2317,1.3849938,-4.725648
2318,15.481756,-0.6580441
2319,14.288847,-0.35154888
2320,14.59696,1.2064375
2321,2.7380276,-2.024484
2322,5.112708,-1.0321351
2323,4.225345,-1.989452
2324,-0.8352058,1.9060574
2325,-1.023888,-0.5291515
2326,-2.4512014,4.3852806
2327,2.5088823,-3.9797513
2328,5.9514356,-2.4836013
2329,14.133082,0.091492705
2330,2.2995212,-4.524076
2331,-0.48110262,-0.06425015
2332,18.455185,-1.8552384
2333,-4.703119,5.9226995
2334,3.3136084,3.6828053
2335,0.8334943,3.2428858
2336,0.9714617,3.555948
2337,-0.73125535,4.49261
2338,6.1840262,-2.3833332
2339,3.461568,-4.5406947
2340,2.3211594,-4.114191
2341,0.807742,4.9418025
2342,17.35633,0.34845933
2343,3.709251,-4.3757987
2344,1.0144008,0.9363378
2345,-1.9167845,5.2876043
2346,-4.5450864,4.609822
2347,-4.7469516,5.855528
2348,1.8572857,-4.3292756
2349,-0.08965664,2.0546196
2350,-0.039211404,4.803187
2351,5.670313,-2.6306398
2352,4.008855,-4.8308535
2353,-0.5052441,3.4797585
2354,3.682416,-4.368461
2355,17.451351,0.8053236
2356,2.336543,-6.3216543
2357,-1.4043039,-0.23424232
2358,4.03876,-4.7874875
2359,-4.64933,5.9818974
2360,15.169956,-0.5964412
2361,-4.083852,5.3631434
2362,0.59032714,1.3887078
2363,18.345913,-2.2579834
2364,14.611911,-0.4304977
2365,-2.227038,5.1723676
2366,3.9035356,-4.1367717
2367,-0.9420495,-0.70333403
2368,-1.9337664,5.054505
2369,2.6941578,-4.750868
2370,4.9837065,-0.94380355
2371,1.8704615,-4.7846885
2372,-0.87116367,4.7339697
2373,17.918932,-0.61363524
2374,-2.961173,2.2157438
2375,-0.2743713,-0.5678634
2376,16.832848,-1.35431
2377,-3.2697442,4.8229976
2378,14.234043,-0.21981807
2379,4.2154803,-0.8704991
2380,3.0409658,-6.0028806
2381,16.175392,-1.3264937
2382,0.95906025,3.2783585
2383,16.464323,-0.5562962
2384,5.9377565,-2.0333993
2385,3.1339552,-3.7560456
2386,13.857571,-0.28886318
2387,3.154658,4.0021105
2388,4.6025257,-2.6387537
2389,16.362988,-0.6628273
2390,2.831481,-1.2727699
2391,4.112476,-1.9402561
2392,0.46408358,3.7635446
2393,14.947601,-0.42670855
2394,1.791383,-4.2685623
2395,5.7802777,-1.8179507
2396,2.1011307,-5.1035113
2397,2.6101277,11.215058
2398,3.2280571,-3.2759194
2399,4.6104093,-3.076807
2400,1.9229137,-2.0864682
2401,-0.75831,2.9879222
2402,3.0632515,-5.176196
2403,15.406504,0.2636548
2404,2.0952282,-0.9514224
2405,3.1918647,-3.7042844
2406,14.597016,0.80258465
2407,3.4018588,3.755632
2408,17.992144,-1.8159024
2409,6.16586,-2.5530462
2410,18.010822,-0.32423612
2411,2.7751591,-1.7092746
2412,2.248313,-2.068543
2413,-0.055355888,2.9972231
2414,3.1725755,-1.7353791
2415,1.8818749,-1.1105535
2416,-0.10607034,2.0089614
2417,5.1879473,-1.7665721
2418,-0.4687202,2.841979
2419,-1.5701175,4.2024436
2420,-3.0900955,2.4444652
2421,0.8293833,-2.2738101
2422,-0.24203293,3.682047
2423,-0.7844355,4.566415
2424,0.8572323,3.5268104
2425,-0.9795625,1.9544963
2426,15.470834,-0.91612214
2427,2.8798652,-5.4441085
2428,5.341158,-2.1463633
2429,2.8241022,-5.1898093
2430,0.80712175,5.163309
2431,-0.50431365,0.011686165
2432,1.5462067,-3.8024087
2433,14.260294,-0.10339061
2434,17.428396,0.70609665
2435,15.787971,-0.96646965
2436,15.792163,-1.8139865
2437,-0.53747904,1.9354532
2438,2.3325396,-1.9485806
2439,-0.34451222,5.1714816
2440,1.8738426,-3.4757233
2441,14.526819,0.61536366
2442,17.16018,-1.847312
2443,18.371016,-2.2237482
2444,13.8809395,-0.3710845
2445,0.35696673,1.6410928
2446,5.909019,-2.5123503
2447,0.983943,-3.0385332
2448,3.5973742,-1.8359797
2449,0.6209547,1.42247
2450,-0.5278476,0.34215346
2451,3.1002338,3.8405404
2452,5.3266,-1.7416843
2453,-4.2738733,5.597497
2454,17.730936,-1.3205982
2455,4.583347,-3.070036
2456,17.270926,0.40943024
2457,-0.86979645,-0.6395475
2458,14.426789,-0.0045457315
2459,17.03664,0.073223725
2460,2.4982405,11.61017
2461,2.4557717,11.649327
2462,-1.2552372,3.7143047
2463,-0.81631,3.2373877
2464,3.3374815,-1.3925236
2465,-0.20016056,5.3138866
2466,-3.212182,3.977841
2467,4.772671,-2.3934596
2468,3.3460019,-3.3001256
2469,-1.3510771,3.6564305
2470,5.668958,-2.864235
2471,3.660369,-5.9829655
2472,4.5257707,-1.1172181
2473,3.127003,-1.509668
2474,-4.2615943,5.621803
2475,-4.605989,4.7087345
2476,15.788853,1.5458758
2477,-5.228563,5.3669047
2478,18.496298,-2.0232391
2479,3.305556,3.8739297
2480,16.140005,-1.8439113
2481,-0.13294797,5.2785964
2482,3.780956,-4.3457103
2483,16.43775,-0.61220026
2484,16.393667,-0.5880713
2485,-4.28485,5.3138
2486,1.4148419,-2.127629
2487,17.932024,-2.1584313
2488,0.24580508,1.7562727
2489,-4.520114,5.9378757
2490,15.116393,1.2133669
2491,4.176823,-1.8507717
2492,3.6798778,-1.8169343
2493,3.0802133,-5.952283
2494,18.809488,-0.6587345
2495,1.1924288,-1.9152151
2496,1.198494,-4.312417
2497,3.604886,-5.358338
2498,0.335929,1.6900676
2499,15.983935,1.0020478
2500,14.178971,-0.29919344
2501,-4.8750362,5.6066055
2502,-0.7190086,-0.50624955
2503,15.640015,-0.7066806
2504,0.487164,5.08239
2505,-4.7818036,5.807027
2506,1.0679566,3.4882605
2507,16.985022,0.35530505
2508,15.599778,-1.0182271
2509,4.8284416,-1.9667239
2510,0.12595227,4.804039
2511,18.734966,-0.3525729
2512,0.8395265,3.295506
2513,17.204414,0.574464
2514,-4.3971987,5.4982014
2515,-5.0933,5.673782
2516,2.309252,-5.243965
2517,2.4197803,-2.7902868
2518,2.5637562,11.533263
2519,18.278765,-2.033281
2520,-1.4532928,-0.38821146
2521,-3.4473884,5.4844522
2522,3.4345205,3.8734326
2523,0.72969514,5.13501
2524,1.8961776,-3.6300833
2525,-0.8733737,5.3168235
2526,-3.9140525,5.1374383
2527,16.350756,-0.47661996
2528,15.836566,1.2975397
2529,-2.941486,3.276677
2530,18.400345,-2.0757492
2531,-0.9887478,-0.6396196
2532,17.144857,-1.5518
2533,1.9260143,-3.51865
2534,17.864347,-1.5909188
2535,4.6385517,-2.45249
2536,3.1754925,-5.675224
2537,4.4693813,-4.455828
2538,-1.7726921,5.203568
2539,17.082455,0.11142974
2540,17.87303,-1.9118958
2541,15.512368,-0.89668256
2542,-3.7404394,5.72941
2543,2.5533056,11.517681
2544,18.03978,-1.3544208
2545,4.0810094,-0.6783805
2546,15.262397,0.6701231
2547,16.146626,-1.6086496
2548,3.0121746,-5.6144743
2549,1.674651,3.991088
2550,-0.8277771,3.2385695
2551,18.069225,-2.0905132
2552,-0.89908254,4.941583
2553,0.4124176,1.4662647
2554,5.035191,-0.95117605
2555,4.862511,-1.9632112
2556,2.5892022,11.498542
2557,15.718159,0.24494666
2558,3.3869913,-5.769515
2559,15.700704,-1.5085641
2560,17.973915,-2.184381
2561,-0.903502,4.1901035
2562,2.6829147,-5.229204
2563,-0.9351775,4.2925205
2564,0.5326323,2.8985083
2565,-2.6484141,3.5672917
2566,2.2006629,-3.5773375
2567,3.3690453,3.9270096
2568,-2.4687312,2.1819868
2569,16.13005,-0.35094574
2570,3.5519688,-6.01712
2571,-4.5958066,4.4766665
2572,4.841495,-1.9727205
2573,18.363691,-2.2498004
2574,13.850057,-0.50001013
2575,4.1866426,-0.6966625
2576,14.650123,1.084126
2577,-0.24738993,3.6343327
2578,0.88353145,-2.253919
2579,15.105765,0.395367
2580,2.7111735,-3.4559736
2581,6.24388,-2.390922
2582,2.9078863,-3.7833602
2583,14.557246,-0.7602435
2584,15.652037,1.3695753
2585,-0.547137,2.0132177
2586,16.336756,1.0745826
2587,-4.39967,5.2924457
2588,0.48754242,4.0372844
2589,-0.9945307,1.7677163
2590,3.6525931,-5.354496
2591,-4.4907713,6.0489864
2592,15.594485,-1.4853421
2593,-0.72518444,0.43654743
2594,16.547068,-0.23705111
2595,18.42867,-2.3335454
2596,0.55150867,4.9062495
2597,1.4340954,-2.2544773
2598,1.4266974,3.70737
2599,16.47599,-0.7274077
2600,17.080462,-2.3890421
2601,15.129249,0.18296762
2602,-3.9733841,5.244645
2603,2.1760826,-2.023786
2604,3.6916533,-5.2151685
2605,3.0309427,-2.1303685
2606,-1.9223421,5.305798
2607,1.01799,-1.9897387
2608,-0.4720044,-0.29557222
2609,1.9467032,-3.645652
2610,4.0629363,-1.868811
2611,1.713717,-4.4165635
2612,17.735607,-0.70405865
2613,18.73318,-1.818291
2614,1.9265044,-1.5196769
2615,5.995335,-2.178717
2616,-0.78325564,-0.6698779
2617,3.3173878,-5.7963953
2618,18.4209,-1.8801303
2619,-1.2722359,4.349342
2620,3.1010735,-2.1866796
2621,0.8724711,-2.1938703
2622,-1.5093518,4.141534
2623,5.5649347,-1.7642493
2624,15.547931,-0.87287045
2625,1.019695,-1.8937925
2626,18.254816,-1.9843508
2627,-4.6772704,5.4570274
2628,1.0969613,2.5360494
2629,-1.4038914,-0.10192464
2630,-1.1810026,3.888359
2631,2.7130582,-5.643952
2632,3.5780046,-4.684657
2633,-2.6626694,3.5405457
2634,-3.4795313,5.150755
2635,3.2019258,-3.583244
2636,1.6686081,-4.3756595
2637,-4.599233,4.473327
2638,5.580787,-1.7759736
2639,3.3104973,3.6373034
2640,5.9983344,-2.2419794
2641,5.852668,-1.9406421
2642,18.716381,-1.9028268
2643,0.7047334,-1.816888
2644,-0.7244671,-0.46181726
2645,3.397135,-3.400143
2646,1.1367162,-4.502477
2647,1.9875009,-4.099748
2648,2.5624197,11.527083
2649,17.713732,-0.82816446
2650,-1.2829175,3.6863585
2651,-0.85289,-0.7052693
2652,2.261165,-6.3911715
2653,3.5202582,-2.7178528
2654,15.664197,1.3817673
2655,17.492508,0.6979198
2656,3.4181,3.8573306
2657,5.4811096,-2.7457187
2658,2.6017642,-1.3877182
2659,-1.734605,3.3969026
2660,-4.4903455,4.482629
2661,17.286713,0.6260071
2662,2.3769097,-4.2453866
2663,-0.77145827,2.8230684
2664,15.009671,1.1450342
2665,2.227453,3.754069
2666,2.804796,3.860187
2667,3.9867911,-0.7646527
2668,-4.003382,5.599308
2669,17.992943,-0.27830952
2670,1.104304,-3.692892
2671,3.1757433,4.032377
2672,-4.069248,5.685911
2673,16.783962,-1.4017346
2674,-0.46856076,-0.33826727
2675,0.37824073,4.899617
2676,-0.5478641,5.4843626
2677,-0.252869,-0.3734566
2678,-4.5561023,5.616738
2679,-1.9210285,2.1678884
2680,1.1887413,-3.409916
2681,1.1608982,-1.3774002
2682,2.5559325,-4.0030055
2683,3.2565308,-3.305308
2684,4.847248,-2.450447
2685,14.123612,-0.62683177
2686,17.370903,0.86981124
2687,17.461624,0.42953208
2688,5.790571,-2.5262296
2689,16.571604,-0.40011665
2690,17.59796,0.0072780806
2691,13.906331,-0.19096294
2692,-2.366952,5.012525
2693,14.048839,-0.16769582
2694,-2.630047,3.5264153
2695,0.54032284,2.095751
2696,4.1801257,-0.71693844
2697,1.9616054,-2.552876
2698,18.530266,-1.912206
2699,2.1061354,-2.5502841
2700,-0.6183507,5.4725513
2701,3.4062173,3.90359
2702,-1.31613,-0.34766474
2703,1.6309283,-1.1461229
2704,-0.40189627,5.615629
2705,18.034203,-1.9437283
2706,1.8596644,-2.1923163
2707,15.695902,-1.2959143
2708,-3.3781161,4.9739676
2709,18.166813,-1.4932892
2710,0.8998801,3.183001
2711,3.3345063,-5.922511
2712,-4.0495286,5.0184345
2713,-4.0115705,5.4936943
2714,-5.155797,5.233771
2715,-0.77011865,2.835641
2716,3.280175,-1.6080354
2717,15.432891,-0.86194587
2718,4.933382,-2.0313408
2719,18.780336,-0.43291718
2720,2.7146292,-1.2893559
2721,1.8996248,-3.558647
2722,18.78967,-0.43944693
2723,2.7029612,-1.8253945
2724,17.283978,-1.8614646
2725,1.3994024,-3.2546265
2726,15.505846,0.2900074
2727,13.964593,-0.5711541
2728,5.98319,-2.621847
2729,-4.976463,5.491277
2730,5.439891,-1.917476
2731,3.3592746,-5.799967
2732,16.355064,-1.8571079
2733,-0.010330327,3.6030707
2734,4.088913,-1.8636839
2735,4.6427994,-3.0344512
2736,14.571573,0.9885797
2737,3.2971334,3.761623
2738,3.3255794,3.4861798
2739,0.9518611,-1.7961321
2740,-5.0084443,5.702357
2741,-1.397477,2.6024084
2742,-3.032855,2.352627
2743,1.829841,-5.000658
2744,16.970205,-1.2724229
2745,-4.5314717,4.628308
2746,1.867297,-3.8155353
2747,15.864879,-0.18324034
2748,-1.8455107,2.189613
2749,15.231639,0.8553203
2750,3.28743,-3.512283
2751,2.0013568,-5.0045595
2752,16.989462,-0.9440779
2753,2.0064995,-5.25183
2754,16.135956,-0.77930194
2755,-1.0918343,1.8114246
2756,17.677605,-1.7806621
2757,15.866114,0.85204375
2758,3.3847246,3.7284923
2759,-0.40266737,5.5162125
2760,-1.4621601,-0.3821058
2761,-0.920777,4.2438984
2762,-2.3018217,3.1260269
2763,-2.9734104,2.1350286
2764,-0.37516236,-0.51353323
2765,3.4390233,-4.562163
2766,-4.944423,5.6521792
2767,16.36025,-0.64346945
2768,-4.5520616,4.386219
2769,-3.812359,5.0068316
2770,2.3957512,-4.722296
2771,-4.127097,5.791461
2772,3.4681466,-2.8294818
2773,5.664251,-1.6586219
2774,17.897484,-0.34232748
2775,3.400734,-5.5594244
2776,-4.605762,4.567982
2777,5.9069495,-2.5865738
2778,0.3102337,3.9087765
2779,2.2555468,-6.3758874
2780,-1.9516755,5.24808
2781,2.3470004,-4.423416
2782,13.93773,-0.3777352
2783,-4.395158,5.7761393
2784,4.5391765,-4.42188
2785,-2.2968009,4.397919
2786,16.149508,-0.058942698
2787,5.7986937,-2.255701
2788,15.634467,-0.80921066
2789,2.9434383,-4.11802
2790,17.443623,0.68805075
2791,-0.30514896,3.7421582
2792,-4.0557966,5.6553817
2793,14.729431,1.1440719
2794,3.3973553,3.846085
2795,16.317095,-0.4917105
2796,16.02175,0.1368471
2797,0.38040492,1.636841
2798,1.0595771,-2.0224395
2799,2.4478986,-2.4482846
2800,-0.6322786,2.1859381
2801,-3.1470332,4.4055147
2802,-0.84622663,0.34459326
2803,4.8341513,-4.1077085
2804,17.574667,-1.4777085
2805,14.589191,1.0334407
2806,5.782899,-2.8739166
2807,-5.0194016,5.260684
2808,-4.709796,5.890113
2809,-0.8450664,0.3242382
2810,1.5018935,-4.975751
2811,-0.4431089,3.7997885
2812,-0.2658627,3.7893245
2813,0.18891017,1.7998629
2814,0.5884345,2.8642075
2815,16.748444,-0.6502019
2816,2.4673452,11.6249485
2817,-0.42550498,5.6555924
2818,16.994053,0.03226436
2819,-0.32611796,5.5801806
2820,2.301853,-2.1190143
2821,-4.5341234,4.923005
2822,14.325054,0.56870705
2823,-1.7369764,3.2032645
2824,1.249069,-3.3665617
2825,15.668095,-1.3973768
2826,17.112251,-2.3630304
2827,-1.7985874,3.209184
2828,17.558783,0.08851496
2829,14.591546,1.0152256
2830,-2.8246624,2.3748643
2831,17.965298,-0.7926018
2832,3.2801003,-5.9421062
2833,-4.7219787,5.474737
2834,0.42666653,2.2584968
2835,16.415995,-0.17386097
2836,-1.488501,-0.43159527
2837,1.0415311,3.4613183
2838,3.2196934,-2.7568638
2839,5.4937634,-2.4773269
2840,-0.03544066,2.0520947
2841,0.60488236,1.4133633
2842,6.092485,-2.489935
2843,2.293434,-4.6308517
2844,2.9402301,3.7128508
2845,15.42594,-0.8105203
2846,-1.7346277,3.9323866
2847,0.34400848,4.8384066
2848,17.304808,0.06294545
2849,17.783861,-1.2329836
2850,5.57925,-1.9870691
2851,1.9340063,-4.9483614
2852,14.158486,-0.043540463
2853,1.7626622,-5.160195
2854,0.7168068,-1.8137192
2855,1.8562604,-5.2728167
2856,6.2579327,-2.8364975
2857,-0.75919545,3.381502
2858,2.075471,-1.5609554
2859,1.5954565,-4.555022
2860,16.145105,1.0082994
2861,14.527619,-0.3145677
2862,-0.72576475,5.3325825
2863,15.001689,0.055068456
2864,2.077003,-4.860345
2865,16.844322,-1.3292365
2866,15.765889,1.4686142
2867,-0.3284967,5.4915895
2868,3.3212285,-1.6091387
2869,2.7496033,-1.2486537
2870,2.632224,11.3748045
2871,0.75783664,3.916503
2872,-3.2877333,4.8059945
2873,0.70594954,3.1928263
2874,0.9091334,2.3718293
2875,-4.1326723,5.7183495
2876,15.745771,0.66795963
2877,-0.44840556,-0.083221
2878,-0.29743582,3.7811627
2879,1.0468063,-2.0525346
2880,3.1696024,-3.7596912
2881,18.225582,-2.061815
2882,-4.4600005,5.8377123
2883,-2.0635788,4.434967
2884,2.8204741,-4.175731
2885,15.60765,0.7196648
2886,-0.58731943,2.6335337
2887,-2.6224864,3.6042855
2888,0.9545569,3.3235962
2889,3.2274032,-5.754048
2890,14.837416,0.056165814
2891,1.0240642,2.7811992
2892,4.2807264,-1.2084854
2893,0.4632021,1.5076725
2894,16.136011,-1.8866005
2895,16.047611,1.1620203
2896,-4.7675004,5.5584445
2897,3.2112536,-5.7419963
2898,14.651772,-1.0889387
2899,18.102564,-1.806607
2900,2.669822,11.165417
2901,17.431753,0.49791503
2902,13.67093,-0.52260286
2903,16.293247,-0.7302808
2904,-1.0199608,1.8146274
2905,3.239875,3.5945513
2906,5.860224,-2.4251094
2907,17.285774,-0.96495616
2908,1.1876786,4.528988
2909,-3.1478775,2.7780962
2910,2.2596338,4.356192
2911,2.320369,-2.066514
2912,2.2677374,-2.0936406
2913,5.7915998,-2.8258939
2914,-4.6680913,4.7995358
2915,-0.463012,5.3124614
2916,18.341059,-1.6164098
2917,0.954582,4.946659
2918,-0.57279754,1.8874013
2919,-2.052682,4.4071236
2920,15.893143,0.081609234
2921,4.7249527,-3.9568279
2922,-0.59933233,5.432195
2923,2.9322236,-3.1315048
2924,3.7238345,-5.9868813
2925,-4.407878,5.9332995
2926,1.9116296,-3.4771504
2927,17.423815,0.41395476
2928,6.055029,-2.6395032
2929,-3.9307256,3.0693684
2930,0.91208494,3.5210252
2931,-3.2278097,3.8073132
2932,2.3188155,-2.085708
2933,18.360346,-1.7891215
2934,-4.850728,5.2718883
2935,1.2309726,-4.5271163
2936,15.413966,-1.742307
2937,-0.4248555,5.618686
2938,2.4959807,3.5303984
2939,3.3517356,3.782589
2940,-1.6414609,5.341288
2941,1.3385633,3.7490835
2942,1.1874719,3.297523
2943,-3.2604392,4.449838
2944,18.881994,-1.3282342
2945,0.27674985,1.7171128
2946,-4.4359465,4.4483037
2947,0.6993561,3.2534502
2948,0.50423634,2.0572102
2949,14.525613,1.250427
2950,-2.6562266,4.237488
2951,18.454346,-2.1284451
2952,17.234522,-0.8535743
2953,0.80124456,5.2239456
2954,-1.801222,5.1330533
2955,-1.8741271,2.1353817
2956,4.5349145,-1.1055812
2957,15.861514,0.92619616
2958,15.85072,1.4839071
2959,3.299305,-2.078234
2960,15.723968,-0.8295718
2961,-3.360123,5.446169
2962,-0.5809589,2.7968154
2963,18.404799,-0.27425164
2964,13.863121,-0.30671042
2965,-0.77859366,-0.109039195
2966,-0.9453705,-0.04643222
2967,3.055605,-5.621294
2968,2.4114459,-4.667105
2969,-1.8385938,2.2149584
2970,5.8640757,-2.5289812
2971,14.999535,-0.17993653
2972,5.3042073,-3.3912606
2973,-1.2339199,-0.23580977
2974,3.297517,3.85728
2975,3.522664,-5.8268814
2976,3.5084565,-4.65682
2977,2.1111853,-3.0252922
2978,-0.9544861,0.37058467
2979,-0.5856844,5.427114
2980,17.069153,-2.255161
2981,4.752461,-2.0676558
2982,18.765936,-0.4447491
2983,-3.933778,3.030347
2984,17.267172,-0.9233192
2985,15.214887,-0.07337472
2986,2.9448872,-5.8847094
2987,0.45366,1.7616819
2988,-4.771163,5.9157295
2989,-4.435105,5.9244905
2990,-0.98430985,4.219513
2991,2.8680503,-6.0008717
2992,1.426061,-2.9580312
2993,4.0962024,-3.0954456
2994,3.3138309,3.851063
2995,-2.82143,2.1938362
2996,1.1189735,3.2976184
2997,0.9977382,0.9898958
2998,3.5038378,-5.753015
2999,3.49197,-5.852377
3000,3.4090605,-4.8242145
3001,5.464787,-2.0103583
3002,0.6321006,3.0810606
3003,16.346128,0.62910753
3004,-2.34637,4.478178
3005,-5.021471,5.313463
3006,16.137774,-1.8567059
3007,-1.338826,3.6936824
3008,-0.458006,5.523095
3009,14.464095,0.7658436
3010,-0.59884083,5.485085
3011,-4.1724977,5.398618
3012,-0.6534162,-0.6229189
3013,4.3020024,-2.4829326
3014,16.323679,1.1357857
3015,-1.270811,3.6376877
3016,-4.5367374,5.631093
3017,-1.5862917,4.1759253
3018,1.7437152,-1.2147931
3019,-1.7383084,5.3414845
3020,18.654858,-0.39151928
3021,15.587835,-0.8800431
3022,16.13613,-1.6362817
3023,-0.31361002,-0.17026739
3024,-4.097361,5.6260924
3025,15.920573,-1.8231072
3026,-1.9918399,5.2983203
3027,1.1159914,4.8466964
3028,4.9096613,-1.9718047
3029,-1.1744055,5.3658447
3030,-4.4581537,4.9191713
3031,15.793627,1.5162936
3032,-0.32152334,3.803314
3033,16.377449,-0.57441396
3034,4.5949764,-0.8160408
3035,-0.50328755,-0.38334134
3036,-2.8051467,3.3892086
3037,15.8835745,-0.7945524
3038,-1.7892603,2.2384007
3039,-0.32478532,3.6327956
3040,-4.2790318,4.641665
3041,3.251626,-5.7284923
3042,16.494183,0.39181828
3043,18.576948,-0.314454
3044,4.034292,-2.2680752
3045,-4.5780444,5.8611827
3046,1.933804,-3.7093127
3047,1.2303518,-3.3822274
3048,-1.6369712,4.111699
3049,13.848086,-0.3452821
3050,18.071167,-2.3944728
3051,-4.9593697,5.3723297
3052,-3.1404335,4.46657
3053,-0.64042765,0.15113975
3054,1.0362939,-3.5422835
3055,-2.849841,2.147916
3056,14.588574,-1.2156612
3057,16.139044,-1.2666239
3058,18.631311,-1.7141228
3059,-0.8773831,5.3514137
3060,3.398444,-5.6231565
3061,3.6369066,-5.124217
3062,15.707007,-1.4238032
3063,4.4512033,-1.2040433
3064,3.2263856,-4.0213747
3065,18.505919,-1.9230078
3066,5.2324324,-3.496974
3067,5.182067,-3.5009673
3068,-0.09615367,5.2293706
3069,4.51212,-0.7824539
3070,-5.2103996,5.3121285
3071,-4.496341,4.33008
3072,2.5213761,-2.9128838
3073,-1.778624,5.2917747
3074,4.1310997,-1.8143789
3075,18.345467,-1.3061038
3076,-1.0516326,5.060746
3077,-1.4300586,-0.41724843
3078,3.1279013,-1.6419458
3079,14.9389515,0.8287552
3080,2.6586435,-5.112164
3081,2.6424482,11.7233925
3082,-4.756629,5.5189667
3083,6.085021,-2.48186
3084,17.409555,0.68517977
3085,17.293304,-1.1429836
3086,1.2265263,4.244637
3087,2.892728,-5.3714504
3088,16.757343,-1.2214588
3089,0.582955,1.4644113
3090,13.786614,-0.3544811
3091,17.574066,-2.1432006
3092,-1.0264066,-0.16176848
3093,-1.5528715,4.149149
3094,2.2783096,-4.6713004
3095,17.53494,-1.4036539
3096,-0.529226,-0.45574507
3097,2.8668427,-4.4950047
3098,16.443167,-0.6077393
3099,4.6161337,-1.2540256
3100,15.740098,-0.26664162
3101,3.2943473,-5.814698
3102,17.094172,-2.3617861
3103,15.473489,-0.7560541
3104,2.4474964,-4.277405
3105,-2.5672522,3.493237
3106,-1.7397336,5.299777
3107,1.2166586,4.440778
3108,18.518812,-1.870082
3109,1.0906007,-2.2540445
3110,-4.8958406,5.9203825
3111,2.426743,11.672441
3112,1.0038218,3.2201602
3113,-1.2732073,0.050801996
3114,0.61376786,3.285586
3115,-4.162074,5.4215407
3116,15.741432,0.01794666
3117,14.668985,1.0955768
3118,-0.72678936,5.324256
3119,-4.6666875,5.863843
3120,5.712551,-1.745058
3121,14.99284,-0.33509788
3122,16.746983,-1.4916353
3123,-0.9281744,4.1708694
3124,-0.76284075,5.6872163
3125,-3.4482965,5.075668
3126,-4.2910066,4.716642
3127,2.5091648,-3.846297
3128,2.1371133,-4.984944
3129,14.787798,-0.64662546
3130,18.318703,-2.1601665
3131,5.3741164,-1.8200872
3132,18.586601,-1.9826864
3133,3.7522023,-4.746475
3134,-0.20233335,3.6954498
3135,-1.6374327,3.1372967
3136,17.721071,-1.0657549
3137,1.2076437,3.2909908
3138,2.7363207,-2.0208194
3139,-4.624524,4.806031
3140,18.692137,-1.8242093
3141,-4.477227,5.7753153
3142,3.345392,3.4552631
3143,-0.4920201,5.539918
3144,5.4632587,-1.6690036
3145,18.072899,-1.6997848
3146,2.6283388,-2.546659
3147,15.26322,0.83105063
3148,3.3273826,-3.3369558
3149,-4.2865696,5.5162597
3150,0.31498507,4.0654025
3151,1.2118286,-1.4391307
3152,17.422667,-0.54880524
3153,1.830979,-4.6244707
3154,-0.7466415,-0.328718
3155,18.686045,-0.43363166
3156,-0.7192455,5.6542625
3157,18.018496,-0.32878226
3158,-0.84008276,-0.72621155
3159,4.0669146,-2.076193
3160,6.1998615,-2.3740642
3161,17.323864,-0.99931693
3162,2.0492446,-1.5294093
3163,4.132518,-0.8856462
3164,18.333963,-1.4784812
3165,2.0015407,-3.8672066
3166,16.185644,-1.4990041
3167,3.311966,-3.4899764
3168,-2.1044106,2.2545297
3169,18.20743,-1.9297225
3170,-0.014355882,2.532526
3171,16.783348,0.723462
3172,3.3369098,3.8158674
3173,18.52254,-0.51393366
3174,-4.7337713,5.7685175
3175,-4.803901,4.9578934
3176,6.2310014,-2.4753697
3177,15.145669,0.048684467
3178,-2.8466425,3.2888734
3179,0.67263055,3.1207972
3180,14.178915,-0.32794872
3181,-4.323869,4.6210356
3182,3.5414133,-5.8474164
3183,-0.48102665,5.60466
3184,5.9225516,-2.241555
3185,3.227446,-5.9524446
3186,0.7594533,5.089898
3187,4.0046167,-2.315022
3188,0.95854616,-3.6042497
3189,-1.9004264,5.3071136
3190,4.636846,-3.2339888
3191,5.4962215,-1.9647133
3192,3.2422168,3.587362
3193,1.8239701,-4.449315
3194,14.567649,1.1983172
3195,-0.5191072,5.508766
3196,1.7941482,-2.1783252
3197,-4.6819267,5.801088
3198,0.44112834,1.7443626
3199,-4.530185,4.5046644
3200,13.564531,-0.757573
3201,15.840619,-1.0213711
3202,-4.2461867,5.370142
3203,3.0439,3.716479
3204,-4.79313,4.839884
3205,-1.4325607,2.6554477
3206,2.5962596,11.516582
3207,-4.6062574,4.6393785
3208,16.279385,-0.3530501
3209,-2.5118241,2.1918683
3210,1.6644374,-4.9196877
3211,2.2909064,-2.1052194
3212,-1.1120735,5.348815
3213,3.2741396,-1.5852789
3214,0.98902726,-3.4043055
3215,16.397554,-0.5306411
3216,15.968388,0.18776694
3217,-3.0711124,5.3146706
3218,2.7881625,-2.1859608
3219,-4.3932676,5.141146
3220,4.176428,-0.7222039
3221,16.343647,1.0681814
3222,-3.9591324,3.0905397
3223,2.9964373,-2.7123945
3224,17.286045,0.5393234
3225,3.1839843,-5.97812
3226,-2.5501359,4.5896783
3227,0.9759396,3.3285468
3228,-1.9067411,5.271737
3229,17.439676,-2.2923934
3230,13.995787,-0.4242556
3231,-4.635847,4.55028
3232,2.581814,11.510055
3233,3.3948283,-3.3347974
3234,0.33632115,4.8814826
3235,15.165123,0.4641975
3236,16.126312,-1.7844322
3237,5.7787657,-2.1943114
3238,-1.3535513,3.6352067
3239,5.667792,-1.8852926
3240,5.475543,-1.9718429
3241,-1.9613777,5.303362
3242,-4.008278,3.2588258
3243,2.443251,-3.847868
3244,17.724579,-2.3726664
3245,1.6474034,-1.0435221
3246,-0.3257447,-0.5311005
3247,17.258047,-0.9813761
3248,15.166373,0.6212092
3249,0.20045215,1.8065288
3250,0.62112975,2.9847035
3251,-2.5230944,2.1483724
3252,-0.25224516,0.0035184459
3253,-0.2750153,3.6732523
3254,1.0072792,-3.4722254
3255,-1.329558,-0.23786233
3256,-4.1310425,5.573898
3257,17.457857,0.7585845
3258,2.2877343,-2.0968034
3259,-0.44898927,0.20238145
3260,0.5163396,4.0552955
3261,6.175371,-2.5144165
3262,-1.8729539,5.224058
3263,2.6979072,11.73104
3264,16.432291,-0.5035998
3265,-4.458145,5.696966
3266,17.463408,-1.9265912
3267,3.7238512,-3.0187597
3268,3.4490042,-5.865041
3269,17.316795,-1.8843416
3270,18.551254,-1.8134971
3271,17.09651,-0.39196587
3272,-4.2548747,5.795374
3273,3.3116255,3.6295412
3274,-4.924132,4.8877954
3275,-4.3180566,5.5376983
3276,-4.330713,4.677087
3277,1.4216921,-4.715975
3278,4.4762225,-2.2698233
3279,17.42596,0.6240207
3280,-4.3965607,5.0936956
3281,-1.0819134,1.8346277
3282,1.0451272,3.156118
3283,15.657267,-1.447842
3284,15.700376,-1.368023
3285,16.583082,-0.68788284
3286,18.167864,-1.2432327
3287,1.3763716,-2.2434149
3288,1.8304989,-4.575147
3289,15.011564,-0.6314556
3290,17.474504,-0.7342401
3291,15.946489,1.1196749
3292,15.949245,0.123531155
3293,-4.5136533,4.5689206
3294,17.016918,0.16360015
3295,15.207271,-0.009389533
3296,17.315178,-1.9200454
3297,3.2194583,-5.1461744
3298,0.25497708,1.5646439
3299,15.505317,-1.648227
3300,4.120818,-1.6317652
3301,2.7385929,-4.8481007
3302,16.16678,-1.7378172
3303,5.4031005,-2.133653
3304,3.0300627,-5.893716
3305,0.019830687,3.6066427
3306,3.277044,-1.4483633
3307,16.82064,-0.7258035
3308,1.8734981,-3.5274894
3309,16.229053,-1.7142181
3310,-1.6884174,3.180797
3311,3.277674,-1.57622
3312,-4.2097473,5.9118767
3313,4.0967646,-1.9365464
3314,2.0158813,-3.8832479
3315,14.73295,-0.28377777
3316,3.1359303,-6.038442
3317,-4.184694,5.756436
3318,-2.1969984,4.5166006
3319,17.394352,-1.8179669
3320,16.213009,-0.64979
3321,1.8734243,-1.883278
3322,13.858294,-0.3570273
3323,3.2641625,3.7556324
3324,2.4116514,-4.7086797
3325,1.5467485,-4.908397
3326,2.512022,-4.0625033
3327,18.489437,-2.012534
3328,-0.97901636,1.9786494
3329,4.090451,-1.9379874
3330,14.008863,-0.4240997
3331,-2.9263349,5.6110196
3332,13.592597,-0.63483256
3333,3.221082,3.8950016
3334,14.894716,0.31904328
3335,5.849576,-2.8125448
3336,2.0997338,-3.3049543
3337,6.0321875,-2.6374638
3338,-1.8241917,3.275506
3339,15.867619,0.13627695
3340,13.960877,-0.33174294
3341,-0.63058984,5.4528346
3342,0.41513133,1.6932327
3343,5.9415092,-3.069575
3344,1.0242847,-3.7733257
3345,5.474401,-1.6358551
3346,1.2383417,3.8348722
3347,14.647312,1.0982796
3348,17.791508,-1.8657598
3349,3.0400481,-2.845379
3350,15.641667,-0.85145056
3351,2.067525,-1.4644761
3352,0.95345765,3.5673726
3353,13.807162,-0.16630872
3354,-2.0629728,5.11109
3355,-3.9935791,5.0014014
3356,-1.0423454,1.8165799
3357,1.8762414,-3.4499898
3358,14.9795885,-0.38169372
3359,-0.09604899,2.2032466
3360,-2.9319074,2.0789135
3361,4.110031,-0.6077666
3362,-1.9732182,4.3526506
3363,0.98904014,3.2718017
3364,-2.8928006,3.5392716
3365,3.914125,-4.680726
3366,-1.4021488,-0.4043409
3367,2.5498614,3.5669222
3368,-4.4605274,5.9843273
3369,14.681255,1.0782049
3370,1.1975243,-4.489336
3371,-0.6842108,5.546664
3372,5.721493,-1.9426767
3373,15.42596,-1.7686868
3374,18.77607,-0.46977934
3375,1.882216,-4.877829
3376,0.23600313,1.7623458
3377,5.562106,-2.9264688
3378,0.28447866,2.069115
3379,14.574844,1.096856
3380,-4.2989936,4.705748
3381,0.32931486,4.8850794
3382,2.4699404,-2.4303613
3383,2.2938423,-2.1711414
3384,5.9118495,-3.026768
3385,1.0402772,1.0043757
3386,4.89194,-2.6863115
3387,2.294181,-4.477055
3388,17.926025,-1.4950017
3389,1.6672987,-4.4853077
3390,17.421839,0.57857263
3391,-4.477357,6.0342574
3392,0.7338068,3.3470943
3393,-3.0659676,2.395563
3394,2.122234,-1.4911612
3395,-0.85318065,3.4721854
3396,0.32063732,4.590252
3397,0.8234528,3.3585212
3398,5.755102,-2.3369467
