-8438.7080155015	-3829.511217534542	-3823.6803209781647	-4793.195090889931	-8695.439080357552	-9057.93441671133	-2711.9909521341324	-8854.720366179943	-8696.904760956764	-3678.8994467258453	-8851.089444696903	-2794.706642448902	-8403.784473121166	-4694.282720267773	-3495.7761865854263	-2616.8910616636276	-8877.9217607975	-4332.154748260975	-3332.848059594631	-8850.468371808529	-3718.394394695759	-3262.016757965088	-8950.410185396671	-3213.1188871264458	-4105.997208237648	-2754.9922775030136	-6009.257521688938	-8978.199213147163	-2972.3361446261406	-3086.6851833462715	-8771.085332214832	-2563.3445250988007	-2829.918654203415	-8500.011375546455	-2471.1172918081284	-3738.743574976921	-9135.575171530247	-6220.197987437248	-5044.344650089741	-9192.432169497013	-8543.2162758708	-3507.072903752327	-4625.900846123695	-2182.2244570851326	-8640.694484591484	-8695.377956748009	-8801.94909620285	-3288.722996234894	-2999.036216855049	-8876.62105166912
-8236.85287630558	-4014.8477731347084	-4006.2245581150055	-4885.5249128341675	-8535.358144819736	-8808.628152430058	-2903.8948851823807	-8569.69847291708	-8447.1950481534	-3864.295678257942	-8595.427652001381	-2490.670342683792	-8206.145675718784	-4835.299463868141	-3690.5682823061943	-2796.2238980531693	-8646.843102991581	-4059.935250222683	-3509.6331157684326	-8605.777531147003	-3891.530167400837	-3414.5442712306976	-8721.619540691376	-3399.9308806061745	-4256.328585028648	-2899.1730390787125	-5785.757329583168	-9063.974200427532	-3098.168380856514	-3338.0221537947655	-8504.304792046547	-2654.643023312092	-2936.0162900686264	-8282.031610429287	-2613.7585569024086	-3950.472076892853	-8930.626437723637	-5937.683037877083	-4823.961217939854	-8928.625573039055	-8301.263898849487	-3653.64731580019	-4437.600015819073	-1982.7555617690086	-8412.58492833376	-8420.698022007942	-8588.772982895374	-3477.0731996893883	-3145.3195368647575	-8578.267887294292
-7937.545217692852	-3153.253181874752	-4137.160461425781	-5169.81511592865	-8253.036414444447	-8494.245185315609	-2068.467767715454	-8307.32544797659	-8137.028098940849	-4066.188848555088	-8301.767559707165	-2325.989499270916	-7924.692140698433	-5077.249707877636	-3911.430560052395	-2035.7059819698334	-8274.386877059937	-3868.5065927505493	-3785.386394202709	-8312.998706459999	-4013.2644676566124	-3677.167428433895	-8446.538944780827	-3668.846281170845	-3602.8287690877914	-3189.362354874611	-5494.236947476864	-8359.85385787487	-3375.4499347805977	-3431.7388697862625	-8262.486491024494	-2022.7068693637848	-3316.6968193650246	-8096.628976941109	-2904.7917861938477	-4053.2806892991066	-8534.428547859192	-5563.424485385418	-4496.529155373573	-8676.970105528831	-7999.85818952322	-3884.2899671196938	-3998.3385924100876	-2527.3393731713295	-8122.158925652504	-8206.065758168697	-8296.766231119633	-3520.5615966916084	-3369.546631217003	-8316.641743600368
-7758.949953496456	-4401.424802839756	-4197.844651460648	-5252.007388353348	-8017.659833014011	-8298.30548018217	-3116.769129216671	-8201.928336977959	-7928.19847035408	-4101.52236187458	-8264.571935772896	-3399.588532745838	-7580.410975813866	-5196.210858464241	-2851.0901259183884	-3096.6914442181587	-8221.73685413599	-3605.332449376583	-3775.814987897873	-8154.388121187687	-2896.4808546304703	-3777.972703754902	-8256.313132822514	-3673.7664698958397	-3407.446476459503	-2078.4808673262596	-5245.074694335461	-8331.611442744732	-3540.2099101543427	-3436.8776997327805	-8059.483159601688	-3047.266446828842	-3399.5101011395454	-7797.321620643139	-2892.6311735510826	-4208.346835255623	-8358.297907352448	-5564.051279485226	-4225.413802802563	-8413.217143952847	-7782.263135910034	-3999.0580451488495	-3886.78524684906	-2743.0079234838486	-7977.149347484112	-7908.079243719578	-8089.480901837349	-3769.63823980093	-3563.226079940796	-8233.47901058197
-7735.690078496933	-3338.5897374749184	-4319.704698562622	-5262.144937872887	-8092.9554789066315	-8244.938921034336	-2260.3717007637024	-8022.303554713726	-7887.3183861374855	-4251.585080087185	-8046.1057670116425	-2021.953199505806	-7727.053343296051	-5218.2664514780045	-4106.222655773163	-2215.038818359375	-8043.308219254017	-3596.2870947122574	-3962.1714503765106	-8068.307865798473	-4186.4002403616905	-3829.694941699505	-8217.748300075531	-3855.6582746505737	-3753.160145878792	-3333.5431164503098	-5270.736755371094	-8445.62884515524	-3501.282171010971	-3683.0758402347565	-7995.705950856209	-2114.005367577076	-3422.794455230236	-7878.64921182394	-3047.433051288128	-4265.009191215038	-8329.479814052582	-5280.9095358252525	-4276.145723223686	-8413.163509070873	-7757.905812501907	-4030.8643791675568	-3810.037762105465	-2327.8704778552055	-7894.049369394779	-7931.385823428631	-8083.590117812157	-3708.911800146103	-3515.8299512267113	-8018.28857922554
-7557.094814300537	-4586.761358439922	-4380.388888597488	-5344.3372102975845	-7857.578897476196	-8048.999215900898	-3308.6730622649193	-7916.9064437150955	-7678.488757550716	-4286.918593406677	-8008.9101430773735	-3095.552232980728	-7382.772178411484	-5337.2276020646095	-3045.8822216391563	-3276.0242806077003	-7990.6581963300705	-3333.112951338291	-3952.6000440716743	-7909.697280526161	-3069.6166273355484	-3930.5002170205116	-8027.522488117218	-3860.5784633755684	-3557.7778532505035	-2222.6616289019585	-5021.574502229691	-8417.3864300251	-3666.042146384716	-3688.2146701812744	-7792.702619433403	-3138.5649450421333	-3505.607737004757	-7579.3418555259705	-3035.272438645363	-4420.075337171555	-8153.349173545837	-5281.53632992506	-4005.0303706526756	-8149.410547494888	-7540.3107588887215	-4145.6324571967125	-3698.4844165444374	-2543.5390281677246	-7749.039791226387	-7633.399308979511	-7876.304788529873	-3957.9884432554245	-3709.5093999505043	-7935.125846207142
-7257.787155687809	-3725.166767179966	-4511.324791908264	-5628.627413392067	-7575.257167100906	-7734.616248786449	-2473.2459447979927	-7654.533418774605	-7368.321808338165	-4488.811763703823	-7715.250050783157	-2930.871389567852	-7101.318643391132	-5579.177846074104	-3266.744499385357	-2515.5063645243645	-7618.201970398426	-3141.6842938661575	-4228.353322505951	-7616.918455839157	-3191.350927591324	-4193.123374223709	-7752.441892206669	-4129.493863940239	-2904.2780373096466	-2512.850944697857	-4730.054120123386	-7713.266087472439	-3943.3237003087997	-3781.9313861727715	-7550.88431841135	-2506.6287910938263	-3886.288266301155	-7393.939222037792	-3326.305667936802	-4522.883949577808	-7757.151283681393	-4907.277777433395	-3677.5983080863953	-7897.755079984665	-7238.905049562454	-4376.275108516216	-3259.2229931354523	-3088.1228395700455	-7458.613788545132	-7418.767045140266	-7584.298036754131	-4001.4768402576447	-3933.7364943027496	-7673.499702513218
-7339.941357076168	-4491.779135167599	-4772.960448980331	-5626.684153616428	-7469.112241566181	-7816.490126550198	-3671.2742914557457	-7625.597071111202	-7473.22826808691	-4639.791274309158	-7554.435131371021	-3522.869491636753	-7070.313782215118	-5682.66064119339	-2271.3535661697388	-3565.669454038143	-7410.993211269379	-2984.8476511240005	-4169.2198405861855	-7487.885960757732	-2360.011653959751	-4176.954980313778	-7670.447760224342	-4014.7241005301476	-2876.4161643385887	-3552.112706542015	-4691.097385525703	-7616.87141418457	-3917.418113529682	-1925.096756696701	-7543.001441061497	-3461.3214223980904	-1666.2983330488205	-7284.2401277422905	-3283.2117962241173	-4625.457163453102	-7670.7171114087105	-4876.20514768362	-5918.450053334236	-7846.261283457279	-7330.873609006405	-4514.761112570763	-3233.2480152845383	-3126.3476264476776	-7314.1096985936165	-7334.4820474386215	-7502.348838210106	-4072.379437506199	-3903.865794956684	-7541.98193526268
-7048.27568167448	-4694.991738140583	-4597.11050927639	-3549.884297966957	-7258.999838531017	-7522.831734359264	-3599.0827097296715	-7451.0311044454575	-7466.4030792713165	-3950.780100643635	-7481.094086587429	-3693.755869090557	-7266.700709760189	-3430.6613200306892	-4486.882694900036	-3416.7557896971703	-7653.24296104908	-5445.673514068127	-4291.032630562782	-7463.1843230724335	-4674.935911178589	-1856.811119377613	-7742.07479673624	-1724.671603858471	-5093.849373161793	-3696.735469698906	-6990.66066300869	-7634.415118813515	-1631.5575231313705	-4105.312079071999	-7452.385352551937	-3418.1418382525444	-3743.0864993929863	-7748.5045011639595	-3403.8054831027985	-4567.483441233635	-7694.995264112949	-7141.053310453892	-5974.1723482608795	-7737.270153939724	-7216.277021229267	-4531.105626881123	-5521.0344296097755	-3050.290228188038	-7444.509421408176	-7246.564530611038	-7446.229733645916	-1879.469459593296	-3896.66184425354	-7664.277869284153
-7055.93201649189	-3910.5033227801323	-4693.869029045105	-5720.957235336304	-7415.176231563091	-7485.3099845051765	-2665.149877846241	-7369.511525511742	-7118.6120955348015	-4674.20799523592	-7459.588258087635	-2626.835089802742	-6903.6798459887505	-5720.194589674473	-3461.536595106125	-2694.839200913906	-7387.123312592506	-2869.4647958278656	-4405.138378679752	-7372.227615177631	-3364.486700296402	-4345.650887489319	-7523.651247501373	-4316.305857419968	-3054.609414100647	-2657.0317062735558	-4506.553928017616	-7799.041074752808	-4069.155936539173	-4033.2683566212654	-7284.103778243065	-2597.9272893071175	-3992.3859021663666	-7175.959456920624	-3468.946933031082	-4734.61245149374	-7552.202549874783	-4624.76282787323	-3457.214875936508	-7633.948483526707	-6996.9526725411415	-4522.849520564079	-3070.9221628308296	-2888.6539442539215	-7230.504232287407	-7144.0871104002	-7371.121923446655	-4189.827043712139	-4080.019814312458	-7375.14653813839
-7138.086217880249	-4677.115690767765	-4955.504686117172	-5719.013975560665	-7309.031306028366	-7567.183862268925	-3863.178224503994	-7340.575177848339	-7223.518555283546	-4825.187505841255	-7298.773338675499	-3218.833191871643	-6872.6749848127365	-5823.677384793758	-2466.1456618905067	-3745.002290427685	-7179.914553463459	-2712.6281530857086	-4346.004896759987	-7243.195120096207	-2533.1474266648293	-4329.482493579388	-7441.657115519047	-4201.536094009876	-3026.747541129589	-3696.293468117714	-4467.597193419933	-7702.646401464939	-4043.2503497600555	-2176.433727145195	-7276.220900893211	-3552.6199206113815	-1772.395968914032	-7066.260362625122	-3425.8530613183975	-4837.185665369034	-7465.7683776021	-4593.690198123455	-5698.066621184349	-7582.454686999321	-7088.921231985092	-4661.335524618626	-3044.9471849799156	-2926.8787311315536	-7086.000142335892	-7059.802112698555	-7289.17272490263	-4260.729640960693	-4050.1491149663925	-7243.628770887852
-6846.420542478561	-4880.328293740749	-4779.654746413231	-3642.214119911194	-7098.918902993202	-7273.5254700779915	-3790.9866427779198	-7166.009211182594	-7216.693366467953	-4136.176332175732	-7225.432293891907	-3389.719569325447	-7069.061912357807	-3571.6780636310577	-4681.674790620804	-3596.088626086712	-7422.16430324316	-5173.454016029835	-4467.817686736584	-7218.493482410908	-4848.071683883667	-2009.3386326432228	-7513.284152030945	-1911.4835973381996	-5244.180749952793	-3840.916231274605	-6767.16047090292	-7720.1901060938835	-1757.389759361744	-4356.649049520493	-7185.604812383652	-3509.4403364658356	-3849.184135258198	-7530.524736046791	-3546.4467481970787	-4779.211943149567	-7490.046530306339	-6858.538360893726	-5753.788916110992	-7473.463557481766	-6974.324644207954	-4677.680038928986	-5332.733599305153	-2850.821332871914	-7216.399865150452	-6971.884595870972	-7233.05362033844	-2067.8196630477905	-4042.9451642632484	-7365.924704909325
-6842.934961974621	-2933.6072387099266	-4973.246575415134	-2891.3453033566475	-6934.865378379822	-7276.207078516483	-3930.2879459261894	-7149.535369277	-6920.291622340679	-2035.4050199985504	-7095.656062185764	-3992.070715367794	-6792.388846814632	-2769.465760588646	-4831.922694325447	-3761.3857852220535	-7280.052885293961	-5509.782538533211	-4489.027407407761	-7078.25233232975	-5037.728878438473	-4582.80385607481	-7040.6108756661415	-4565.236035645008	-5281.002052247524	-4031.253376543522	-7186.101306498051	-7347.963276922703	-4278.052887797356	-4335.853908896446	-6930.5864208340645	-3897.383123397827	-4150.189088106155	-6728.969186902046	-3838.5372012853622	-4948.991723537445	-7404.831039071083	-7467.074338436127	-6297.737872540951	-7384.978922426701	-6966.77670699358	-4632.979940056801	-5706.571712732315	-3537.983555138111	-6878.445246100426	-7222.230820178986	-7058.639501571655	-4617.9425993561745	-2104.6247178912163	-7127.826065421104
-6838.778559267521	-3815.5210995078087	-5086.440589427948	-6003.304178655148	-7026.709575653076	-7252.800895154476	-3027.7511070370674	-7078.202152907848	-6913.351606070995	-5027.080676138401	-7005.113246381283	-3054.152348458767	-6591.221449792385	-6065.627628803253	-2687.0079396367073	-2984.484374344349	-6807.458327531815	-2521.199495613575	-4621.7581751942635	-6950.416295409203	-2654.8817269206047	-4592.105650782585	-7166.576519608498	-4470.451494574547	-2373.247725188732	-3986.4827839136124	-4176.076811313629	-6998.526058912277	-4320.531903684139	-2270.150443136692	-7034.402599871159	-2920.6837666630745	-2153.07649821043	-6880.857729136944	-3716.8862906098366	-4939.994277775288	-7069.570487737656	-4219.43164563179	-5370.634558618069	-7330.799219489098	-6787.515522658825	-4891.978175938129	-2605.6857615709305	-3471.4625425338745	-6795.574139654636	-6845.16984885931	-6997.165973126888	-4304.2180379629135	-4274.376209318638	-6982.002627193928
-6547.112883865833	-4018.733702480793	-4910.590649724007	-3926.5043230056763	-6816.597172617912	-6959.142502963543	-2955.559525310993	-6903.636186242104	-6906.526417255402	-4338.0695024728775	-6931.772201597691	-3225.038725912571	-6787.608377337456	-3813.6283076405525	-4902.537068367004	-2835.570710003376	-7049.708077311516	-4982.025358557701	-4743.57096517086	-6925.714657723904	-4969.805984139442	-2271.9617898464203	-7238.203556120396	-2180.39899790287	-4590.680934011936	-4131.105547070503	-6475.640088796616	-7016.069763541222	-2034.6713132858276	-4450.36576551199	-6943.786511361599	-2877.5041825175285	-4229.864664554596	-7345.122102558613	-3837.4799774885178	-4882.0205555558205	-7093.8486404418945	-6484.2798084020615	-5426.356853544712	-7221.808089971542	-6672.918934881687	-4908.322690248489	-4893.472175896168	-3395.4051442742348	-6925.973862469196	-6757.252332031727	-6941.046868562698	-2111.3080600500107	-4267.172258615494	-7104.298561215401
-6648.448313891888	-5144.603826880455	-1972.3962700366974	-6273.643362462521	-6924.537742316723	-7106.521358847618	-4082.043197631836	-6830.910300791264	-6851.59393543005	-5217.311649858952	-6864.530394434929	-4069.7687811255455	-6713.330913245678	-6084.615193724632	-4813.642851233482	-3889.191341280937	-6882.729225218296	-5736.025834321976	-2340.91854095459	-7000.7002675533295	-5277.136251211166	-4465.8190613389015	-6928.536733567715	-4557.822400271893	-5425.079882740974	-4037.763843178749	-4264.286909341812	-6811.045993566513	-4501.63749319315	-4395.699432253838	-7029.13592672348	-3770.8921217918396	-4295.104741990566	-6518.413822829723	-2916.3416271805763	-1811.6768464446068	-7259.656903266907	-4407.664590835571	-3216.834242105484	-7280.378760457039	-6821.063469290733	-1762.2266798615456	-6096.337603926659	-3485.1140550374985	-6746.051633298397	-6939.861110389233	-6915.5536679029465	-4630.94365131855	-4495.812833547592	-6831.817458868027
-6660.183295071125	-5063.692720472813	-5147.124779462814	-6085.496451079845	-6791.332994222641	-7056.861190021038	-4076.0524685382843	-6972.805041909218	-6704.521977484226	-5062.414189457893	-6967.917622447014	-4127.751381933689	-6246.940284907818	-6184.588779389858	-1626.6675055027008	-4045.4698365926743	-6754.808304607868	-2258.0253522396088	-4612.186768889427	-6791.80571013689	-1538.0981138944626	-4692.910926103592	-6976.350707650185	-4475.3716832995415	-2177.865432560444	-2875.601296365261	-3926.914558172226	-6970.283643782139	-4485.291879057884	-2275.28927308321	-6831.399268448353	-3945.243344128132	-2235.889779984951	-6581.550372838974	-3704.7256779670715	-5095.060423731804	-6893.439847230911	-4220.058439731598	-5099.519206047058	-7067.046257913113	-6569.920469045639	-5006.746253967285	-2494.132416009903	-3687.1310928463936	-6650.564561486244	-6547.183334410191	-6789.8806438446045	-4553.294681072235	-4468.055658042431	-6898.8398941755295
-6641.079822778702	-3118.943794310093	-5155.790812551975	-2983.6751253008842	-6774.784442842007	-7026.90081423521	-4122.191878974438	-6864.513476014137	-6670.581909537315	-2220.8012515306473	-6839.994269490242	-3688.034415602684	-6594.7500494122505	-2910.4825041890144	-5026.714790046215	-3940.718621611595	-7048.974227488041	-5237.563040494919	-4665.812463581562	-6833.561491668224	-5210.864651143551	-4735.33136934042	-6811.820230960846	-4752.048029124737	-5431.333429038525	-4175.434138119221	-6962.601114392281	-7433.738264203072	-4403.885124027729	-4587.19087934494	-6663.805880665779	-3988.6816216111183	-4256.286723971367	-6510.989421784878	-3981.1784663796425	-5160.720225453377	-7199.882305264473	-7184.559388875961	-6077.354440391064	-7121.172325968742	-6724.824329972267	-4779.554352104664	-5518.270882427692	-3338.514659821987	-6650.335689842701	-6947.550885438919	-6845.463388264179	-4806.292802810669	-2250.9080379009247	-6829.472901046276
-6368.517619669437	-5266.905323445797	-4971.274839758873	-4008.696595430374	-6581.220591187477	-6763.202797830105	-4003.86088681221	-6798.239075243473	-6697.6967886686325	-4373.40301579237	-6894.576577663422	-4298.637759387493	-6443.3272124528885	-3932.5894582271576	-3842.196634232998	-3896.5561722517014	-6997.058054387569	-4718.851215183735	-4733.999558866024	-6767.1040724515915	-3853.0223711133003	-2372.767065167427	-7047.977744162083	-2185.319186627865	-4395.298641383648	-3020.224059522152	-6226.477835655212	-6987.827348411083	-2199.4312886595726	-4455.5045954585075	-6740.783179938793	-3902.063759982586	-4312.677946329117	-7045.814746260643	-3825.3193648457527	-5037.086701512337	-6917.71799993515	-6484.906602501869	-5155.2415009737015	-6958.055128395557	-6455.323881268501	-5023.090768277645	-4781.91883033514	-3611.073694586754	-6780.964284300804	-6459.265817582607	-6733.761539280415	-2360.3847031593323	-4460.851707339287	-7021.135828197002
-6636.923420071602	-4000.857655107975	-5268.984826564789	-6095.634000599384	-6866.628640115261	-7003.494630873203	-3219.6550400853157	-6793.180259644985	-6663.6418932676315	-5212.476907670498	-6749.4514536857605	-2750.116048693657	-6393.582652390003	-6206.644372403622	-2881.8000353574753	-3163.8172107338905	-6576.379669725895	-2248.979997575283	-4798.543231368065	-6705.725454747677	-2828.017499625683	-4744.633164048195	-6937.785874903202	-4657.2634880542755	-2523.5791019797325	-4130.663545489311	-3952.576619207859	-7084.301046192646	-4446.364139914513	-2521.487413585186	-6767.622059702873	-3011.9822648763657	-2259.1741340756416	-6662.877964019775	-3859.527555704117	-5151.722779691219	-6864.6217539310455	-3936.9166960716248	-5150.251126468182	-7066.992623031139	-6545.563145637512	-5038.552587985992	-2417.384931266308	-3271.9936472177505	-6567.464583396912	-6570.489914119244	-6783.989859819412	-4492.568241417408	-4420.659529328346	-6683.649462819099
-6446.593174695969	-5329.940382480621	-2154.940507173538	-6365.973184406757	-6764.456806778908	-6857.215094566345	-4273.947130680084	-6545.8884075284	-6601.884222626686	-5402.707881391048	-6608.868601739407	-3765.7324813604355	-6515.692115843296	-6225.631937325001	-5008.43494695425	-4068.524177670479	-6651.650567412376	-5463.806336283684	-2517.7035971283913	-6756.009426891804	-5450.2720239162445	-4618.346574604511	-6699.746088862419	-4744.634393751621	-5575.411259531975	-4181.944604754448	-4040.786717236042	-6896.820980846882	-4627.469729423523	-4647.0364027023315	-6762.355386555195	-3862.1906200051308	-4401.202377855778	-6300.434057712555	-3058.9828922748566	-2023.4053483605385	-7054.708169460297	-4125.149641275406	-2996.450809955597	-7016.572163999081	-6579.111092269421	-1908.8010919094086	-5908.036773622036	-3285.6451597213745	-6517.942077040672	-6665.181175649166	-6702.37755459547	-4819.293854773045	-4642.096153557301	-6533.464294493198
-6458.328155875206	-5249.029276072979	-5329.669016599655	-6177.826273024082	-6631.252058684826	-6807.554925739765	-4267.956401586533	-6687.783148646355	-6454.812264680862	-5247.81042098999	-6712.255829751492	-3823.715082168579	-6049.301487505436	-6325.605522990227	-1821.4596012234688	-4224.802672982216	-6523.729646801949	-1985.8058542013168	-4788.971825063229	-6547.114869475365	-1711.2338865995407	-4845.438439369202	-6747.560062944889	-4662.18367677927	-2328.1968093514442	-3019.78205794096	-3703.414366066456	-7056.058631062508	-4611.124115288258	-2526.626243531704	-6564.618728280067	-4036.541842341423	-2341.9874158501625	-6363.570607721806	-3847.366943061352	-5306.788925647736	-6688.491113424301	-3937.5434901714325	-4879.135773897171	-6803.239661455154	-6327.968092024326	-5153.320666015148	-2305.8315857052803	-3487.6621975302696	-6422.455005228519	-6272.503399670124	-6576.704530537128	-4741.64488452673	-4614.338978052139	-6600.486729800701
-6341.772164165974	-2257.3492030501366	-5286.726715862751	-3267.9653283953667	-6492.462712466717	-6712.517847120762	-3286.764761507511	-6602.140451073647	-6360.414960324764	-2422.694421827793	-6546.334177196026	-3523.353572189808	-6313.296514391899	-3152.432748198509	-5247.577067792416	-3180.2007055282593	-6676.5180015563965	-5046.134383022785	-4941.565742015839	-6540.78266698122	-5332.598951399326	-4997.954526543617	-6536.739635050297	-5020.963429689407	-4777.833613097668	-4465.623453915119	-6671.080732285976	-6729.61792165041	-4681.166677951813	-4680.907595336437	-6421.987579643726	-3356.7454676628113	-4636.967253267765	-6325.5867882966995	-4272.2116956710815	-5263.528837859631	-6803.684415400028	-6810.300836384296	-5749.922377824783	-6869.516858458519	-6423.418620646	-5010.197003424168	-5079.009459018707	-3883.098471224308	-6359.909687161446	-6732.918621599674	-6553.456636488438	-4849.781199812889	-2475.13513225317	-6567.846757352352
-6147.2855160832405	-4468.345791220665	-2285.876410484314	-6650.26338750124	-6482.135076403618	-6542.832127451897	-3438.5200132131577	-6283.51538258791	-6291.717273414135	-5604.601051688194	-6315.20850944519	-3601.0516379475594	-6234.238580822945	-6467.5821813344955	-5229.297224700451	-3308.006261587143	-6279.194341480732	-5272.37767881155	-2793.456875562668	-6463.2306022048	-5572.00632417202	-4880.969731807709	-6424.66549295187	-5013.549794316292	-4921.911443591118	-4472.133920550346	-3749.266335129738	-6192.70063829422	-4904.751283347607	-4740.753118693829	-6520.537085533142	-3230.2544660568237	-4781.882907152176	-6115.031424224377	-3350.0161215662956	-2126.2139607667923	-6658.510279595852	-3750.891088783741	-2669.0187473893166	-6764.916696488857	-6277.705382943153	-2139.4437432289124	-5468.775350213051	-3830.2289711236954	-6227.516074359417	-6450.548911809921	-6410.370802819729	-4862.782251775265	-4866.323247909546	-6271.838150799274
-6163.176899969578	-3505.5208240151405	-5347.410905897617	-3350.1576008200645	-6257.086131036282	-6516.578141987324	-4335.066123008728	-6496.743340075016	-6151.585331737995	-2458.0279351472855	-6509.138553261757	-4596.95260566473	-5969.015349507332	-3271.3938987851143	-4187.236633658409	-4241.186167776585	-6623.86797863245	-4782.960239648819	-4931.994335711002	-6382.172081708908	-4215.815338373184	-5098.759801864624	-6346.513823091984	-5025.883618414402	-4582.451320469379	-3354.741966366768	-6421.918479144573	-6701.375506520271	-4845.926653325558	-4686.046425282955	-6218.984248220921	-4381.305045127869	-4719.780535042286	-6026.27943199873	-4260.0510830283165	-5418.594983816147	-6627.553774893284	-6810.927630484104	-5478.807025253773	-6605.763896882534	-6205.823567032814	-5124.965081453323	-4967.45611345768	-4098.767021536827	-6214.900108993053	-6434.932107150555	-6346.171307206154	-5098.857842922211	-2668.814580976963	-6484.684024333954
-6159.020497262478	-4387.434684813023	-5460.604919910431	-6462.116476118565	-6348.930328309536	-6493.171958625317	-3432.529284119606	-6425.410123705864	-6144.645315468311	-5449.703591287136	-6418.595737457275	-3659.034238755703	-5767.8479524850845	-6567.5557669997215	-2042.3218789696693	-3464.28475689888	-6151.273420870304	-1794.3771967291832	-5064.725103497505	-6254.336044788361	-1832.9681868553162	-5108.061596572399	-6472.47946703434	-4931.099077343941	-1674.6969934105873	-3309.9713737368584	-3411.8939839601517	-6351.938288509846	-4888.405669212341	-2620.342959523201	-6322.800427258015	-3404.605688393116	-2722.6679451465607	-6178.167974233627	-4138.400172352791	-5409.597538053989	-6292.293223559856	-3563.2849376797676	-4551.703711330891	-6551.584193944931	-6026.562382698059	-5383.963317334652	-1866.5701622962952	-4032.2460089325905	-6132.029002547264	-6057.871135830879	-6284.697778761387	-4785.13328152895	-4838.566072404385	-6338.860586106777
-5968.690251886845	-5716.517412185669	-2346.5606005191803	-6732.455659925938	-6246.758494973183	-6346.892422318459	-4486.8213747143745	-6178.118271589279	-6082.887644827366	-5639.934565007687	-6278.0128855109215	-4674.6506714224815	-5889.957415938377	-6586.543331921101	-4168.956790566444	-4368.991723835468	-6226.544318556786	-5009.203535437584	-2783.8854692578316	-6304.6200169324875	-4455.222711145878	-4981.7750071287155	-6234.439680993557	-5018.4699830412865	-4726.52915096283	-3361.252433001995	-3500.1040819883347	-6164.458223164082	-5069.511258721352	-4745.8919486403465	-6317.533754110336	-4254.814043521881	-4864.696188926697	-5815.724067926407	-3337.8555089235306	-2281.2801067233086	-6482.3796390891075	-3751.5178828835487	-2397.903394818306	-6501.163734912872	-6060.1103293299675	-2254.211821258068	-5357.222004652023	-4045.8975214362144	-6082.506496191025	-6152.562397360802	-6203.085473537445	-5111.858894884586	-5060.002696633339	-6188.675417780876
-5949.509023249149	-5357.25965577364	-5546.390637278557	-4383.373360693455	-6032.672999739647	-6281.387444198132	-4558.366049051285	-6221.907809376717	-6242.726586401463	-4911.671928226948	-6184.439773261547	-4421.918718278408	-5933.230018854141	-4419.0392409563065	-3262.4600744843483	-4365.534182071686	-6186.314411520958	-4098.366416931152	-5127.404411554337	-6100.601912021637	-3316.553170442581	-2771.749341726303	-6462.112371563911	-2526.2768172621727	-3864.2683292627335	-4493.855898737907	-5672.500526845455	-6273.087319850922	-2576.639492034912	-2943.723652422428	-6224.3014613986015	-4316.118735551834	-2579.466178238392	-6532.733253359795	-4215.899987518787	-5454.197029709816	-6230.137203991413	-5797.060470700264	-6848.277751505375	-6391.09926789999	-6003.934354364872	-5538.793835699558	-4128.381598770618	-3994.413397550583	-6117.924635410309	-5885.668621301651	-6146.6294756531715	-2663.125900864601	-4801.491422355175	-6329.638752877712
-5957.165358066559	-4572.771240413189	-5643.149157047272	-6554.446298062801	-6188.849392771721	-6243.865694344044	-3624.4332171678543	-6140.388230443001	-5894.9356026649475	-5635.099822819233	-6162.933944761753	-3354.997938990593	-5570.209155082703	-6708.57251060009	-2237.1139746904373	-3643.6175932884216	-5920.1947630643845	-1522.1576986908913	-5241.510159671307	-6009.645204126835	-2006.1039595603943	-5260.589109838009	-6243.688822329044	-5117.911070823669	-1825.0283702015877	-3454.152135312557	-3188.3937918543816	-6437.7132757902145	-5014.237905442715	-2871.679929971695	-6056.019887089729	-3495.904186606407	-2828.765581011772	-5960.188209116459	-4281.041437447071	-5621.326039969921	-6087.344489753246	-3280.769988119602	-4331.320279181004	-6287.777597486973	-5784.610005676746	-5530.537729382515	-1678.2693319916725	-3832.7771136164665	-5903.919446289539	-5783.191201090813	-6071.521665453911	-4973.483484983444	-4984.849392414093	-6040.507421731949
-5766.835112690926	-5901.853967785835	-2529.104837656021	-6824.785481870174	-6086.677559435368	-6097.586158037186	-4678.725307762623	-5893.096378326416	-5833.177932024002	-5825.3307965397835	-6022.351092815399	-4370.6143716573715	-5692.3186185359955	-6727.560075521469	-4363.748886287212	-4548.32456022501	-5995.465660750866	-4736.984037399292	-2960.670525431633	-6059.929176270962	-4628.358483850956	-5134.302520394325	-6005.649036288261	-5205.281976521015	-4876.86052775383	-3505.433194577694	-3276.6038898825645	-6250.23321044445	-5195.343494951725	-4997.2289190888405	-6050.753213942051	-4346.112541735172	-4970.793824791908	-5597.744302809238	-3480.496774017811	-2493.0086086392403	-6277.430905282497	-3469.0029333233833	-2177.519962668419	-6237.357138454914	-5818.157952308655	-2400.786233305931	-5168.921174347401	-3846.4286261200905	-5854.3969399333	-5877.882462620735	-5989.909360229969	-5300.209098339081	-5206.286016643047	-5890.322253406048
-5744.16830354929	-3595.8751563429832	-5922.526703417301	-3724.834366083145	-5708.538539588451	-6034.7627883553505	-4889.571285247803	-5920.41207420826	-5696.615129470825	-2996.2968475818634	-5799.001748859882	-4720.233564555645	-5458.918155908585	-3757.843681514263	-3607.5000739097595	-4710.164177596569	-5813.124335765839	-4162.475441396236	-5325.399188399315	-5715.669921278954	-3679.346137702465	-5497.7420784235	-5760.648450493813	-5366.84124904871	-4051.421008348465	-4828.373805582523	-5867.941170334816	-5986.63547796011	-5223.134856700897	-3174.2654822468758	-5702.502529680729	-4795.360020697117	-2986.568766951561	-5513.197939097881	-4650.631705701351	-5835.705312013626	-5939.972978949547	-6123.081498682499	-7171.843275785446	-6038.808036386967	-5754.434040129185	-5640.6681488752365	-4313.918881893158	-4482.106724500656	-5551.860460102558	-5861.334910869598	-5759.039243578911	-5401.59904062748	-3009.4542959928513	-5793.186949014664
-5452.502628147602	-3799.0877593159676	-5746.67676371336	-1648.0345104336739	-5498.4261365532875	-5741.104396164417	-4817.3797035217285	-5745.846107542515	-5689.7899406552315	-2307.28567391634	-5725.66070407629	-4891.119942009449	-5655.305083453655	-1505.8443603515625	-5823.029202640057	-4561.250513255596	-6055.37408554554	-6623.301304340363	-5447.211978375912	-5690.968283593655	-5994.270394921303	-3177.598217487335	-5832.275487005711	-3076.7887523770332	-6268.854217171669	-4972.996568739414	-8167.504447817802	-6004.179182589054	-2937.2742663025856	-5354.480804622173	-5611.886441171169	-4752.180436551571	-5063.356933295727	-5977.46231251955	-4771.225392580032	-5777.731589794159	-5964.251131653786	-8387.92966145277	-7227.5655707120895	-5929.8169068694115	-5639.837452352047	-5657.0126631855965	-6601.705296218395	-4406.049326241016	-5682.260182917118	-5773.417394042015	-5702.920139014721	-3208.6890627145767	-3002.250345289707	-5915.482883036137
-5448.346225440502	-4681.00162011385	-5859.870777726173	-4759.993385732174	-5590.270333826542	-5717.69821280241	-3914.8428646326065	-5674.512891173363	-5682.849924385548	-5298.9613300561905	-5635.117888271809	-3953.201575100422	-5454.137686431408	-4802.00622856617	-3678.114447951317	-3784.3491023778915	-5582.779527783394	-3634.718261420727	-5579.942746162415	-5563.132246673107	-3611.4232434034348	-3186.9000121951103	-5958.241130948067	-2982.004211306572	-3361.099890112877	-4928.225976109505	-5157.479952633381	-5654.7419645786285	-2979.753282189369	-3288.777338862419	-5715.702620208263	-3775.4810798168182	-3066.2443434000015	-6129.350854754448	-4649.574481904507	-5768.7341440320015	-5628.990580320358	-5140.286968648434	-6300.4622567892075	-5875.6372039318085	-5460.576268017292	-5916.010899066925	-3500.8193450570107	-4339.52831363678	-5599.389076471329	-5396.35642272234	-5641.446610569954	-2894.9645013213158	-5172.001836717129	-5769.65944480896
-5549.681655466557	-5806.871744513512	-2921.676398038864	-7107.132425189018	-5698.2109035253525	-5865.077068686485	-5041.326536953449	-5601.787005722523	-5627.917442560196	-6178.203477442265	-5567.876081109047	-4797.931630313396	-5379.86022233963	-7072.9931146502495	-3589.220230817795	-4837.969733655453	-5415.800675690174	-4388.718737185001	-3177.290321946144	-5638.117856502533	-3918.7535104751587	-5380.757283687592	-5648.574308395386	-5359.427613675594	-4195.498838841915	-4834.884272217751	-2946.1267731785774	-5449.71819460392	-5446.719462096691	-3234.111005604267	-5801.052035570145	-4668.869019091129	-3131.484420835972	-5302.6425750255585	-3728.4361315965652	-2698.390434920788	-5794.7988431453705	-3063.6717510819435	-4090.9396453499794	-5934.207874417305	-5608.720802426338	-2769.9148886799812	-4703.6847730875015	-4429.2372244000435	-5419.4668473005295	-5578.965201079845	-5615.953409910202	-5414.600092589855	-5400.642411649227	-5497.178342461586
-5258.015980064869	-6010.084347486496	-2745.826458334923	-5030.332569539547	-5488.098500490189	-5571.418676495552	-4969.134955227375	-5427.221039056778	-5621.092253744602	-5489.192303776741	-5494.535036325455	-4968.8180077672005	-5576.247149884701	-4820.993793487549	-5804.749359548092	-4689.05606931448	-5658.050425469875	-6849.5446001291275	-3299.103111922741	-5613.416218817234	-6233.677767693996	-3060.6134227514267	-5720.201344907284	-3069.3751170039177	-6412.932047665119	-4979.507035374641	-5245.690050661564	-5467.261899232864	-3160.8588716983795	-5414.326327979565	-5710.435947060585	-4625.689434945583	-5208.272587180138	-5766.9069484472275	-3849.0298184752464	-2640.4167127013206	-5819.076995849609	-5328.519913852215	-4146.661940276623	-5825.21674489975	-5494.1242146492	-2786.259402990341	-6991.471187412739	-4353.179826140404	-5549.866570115089	-5491.047684252262	-5559.834305346012	-3221.6901146769524	-5393.438460946083	-5619.474276483059
-5250.647488951683	-3984.424314916134	-5929.221000850201	-1740.3643323779106	-5338.345201015472	-5491.798131883144	-5009.283636569977	-5460.824214279652	-5440.080227851868	-2492.6819054484367	-5469.998911380768	-4587.083642244339	-5457.666286051273	-1646.861103951931	-6017.821298360825	-4740.583349645138	-5824.29542773962	-6351.081806302071	-5623.997034549713	-5446.277442932129	-6167.406167626381	-3330.125730752945	-5603.484842300415	-3263.600745856762	-6419.185593962669	-5117.177330315113	-7944.004255712032	-6089.954169869423	-3063.106502532959	-5605.817775070667	-5345.105901002884	-4843.478934764862	-5169.454569160938	-5759.482547402382	-4913.866657674313	-5989.460091710091	-5759.302397847176	-8105.414711892605	-7007.182138562202	-5666.010310411453	-5397.885075330734	-5803.5870752334595	-6413.404465913773	-4206.580430924892	-5454.150626659393	-5498.737459301949	-5489.744025707245	-3397.039266169071	-3148.5336652994156	-5617.129718661308
-5265.672314882278	-5225.595932126045	-2842.5849781036377	-7201.405506908894	-5644.274893522263	-5533.896926641464	-4035.2021233439445	-5345.701460123062	-5273.301270008087	-6212.620198369026	-5473.029207825661	-3901.8972284793854	-5213.226286113262	-7110.527063131332	-4779.403259754181	-3967.1394805312157	-5391.930777013302	-4273.335881888866	-3413.208860039711	-5522.459510922432	-4923.2285568118095	-5549.4531908631325	-5501.777795672417	-5661.009370565414	-4373.692088603973	-3939.8032719492912	-2761.5833156704903	-5631.887855172157	-5598.457285106182	-5342.2826055288315	-5542.154372751713	-3805.4748860001564	-5457.571989953518	-5194.361904203892	-3914.17126840353	-2807.545722961426	-5676.284281611443	-2812.229431271553	-1629.7044679522514	-5721.8950744867325	-5274.799865961075	-2778.003296673298	-4541.358920633793	-4191.543542206287	-5335.86138099432	-5388.570264041424	-5484.726495146751	-5532.047698795795	-5576.796431005001	-5330.3429453372955
-5243.005505740643	-2919.617120683193	-6236.006843864918	-4101.454391121864	-5266.135873675346	-5471.073556959629	-4246.048100829124	-5373.017156004906	-5136.73846745491	-3383.586249411106	-5249.679863870144	-4251.516421377659	-4979.825823485851	-4140.810669124126	-4023.154447376728	-4128.979097902775	-5209.5894520282745	-3698.827285885811	-5777.937523007393	-5178.200255930424	-3974.2162106633186	-5912.892748892307	-5256.777209877968	-5822.568643093109	-3548.2525691986084	-5262.743882954121	-5352.920596122742	-5368.290122687817	-5626.248646855354	-3519.3191686868668	-5193.903688490391	-4254.722364962101	-3473.3469321131706	-5109.815540492535	-5084.3062000870705	-6150.242426335812	-5338.826355278492	-5466.307996630669	-6624.027781069279	-5523.345972418785	-5211.075953781605	-6017.885212242603	-3686.35662817955	-4827.221640586853	-5033.324901163578	-5372.022712290287	-5253.856378495693	-5633.437641084194	-3379.964710354805	-5233.207640945911
-4951.339830338955	-3122.8297236561775	-6060.156904160976	-2024.654535472393	-5056.0234706401825	-5177.415164768696	-4173.85651910305	-5198.451189339161	-5129.913278639317	-2694.5750757455826	-5176.338819086552	-4422.402798831463	-5176.212751030922	-1888.8113479614258	-6238.683576107025	-3980.065433561802	-5451.839201807976	-6159.653148829937	-5899.75031298399	-5153.498618245125	-6289.140467882156	-3592.7488879561424	-5328.404246389866	-3532.5161464214325	-5765.685778021812	-5407.3666461110115	-7652.483873605728	-5385.833827316761	-3340.3880564570427	-5699.534491062164	-5103.287599980831	-4211.542780816555	-5550.135098457336	-5574.079913914204	-5204.899886965752	-6092.268704116344	-5363.104507982731	-7731.15615940094	-6679.750075995922	-5414.35484290123	-5096.479366004467	-6034.229726552963	-5974.143042504787	-4751.164242327213	-5163.724623978138	-5284.105195462704	-5197.737273931503	-3440.5276631712914	-3372.760759651661	-5355.503574967384
-5052.675260365009	-4248.6998480558395	-3121.962524473667	-4371.793574929237	-5163.964040338993	-5324.794020652771	-5300.340191423893	-5125.725303888321	-5074.980796813965	-3573.8172231316566	-5109.09701192379	-5267.132854044437	-5101.935286939144	-4159.7982340455055	-6149.789358973503	-5033.686064839363	-5284.860349714756	-6913.653624594212	-3497.0978887677193	-5228.484228074551	-6596.47073495388	-5786.606159448624	-5018.737423837185	-5909.939548790455	-6600.084726750851	-5314.024942219257	-5441.130694150925	-5180.8100573420525	-5807.354236364365	-5644.868157804012	-5188.637015342712	-5104.930720090866	-5615.375175893307	-4747.371634185314	-4283.76153665781	-3021.9249950051308	-5528.912770807743	-5654.54094183445	-4470.227464556694	-5472.925513386726	-5244.623900413513	-2888.1337161660194	-7177.008470535278	-4840.873153090477	-4983.802394807339	-5466.7139738202095	-5172.244073271751	-5960.163254439831	-3601.4013345837593	-5083.02247262001
-5048.518857657909	-5130.613708853722	-3235.1565384864807	-7483.752450227737	-5255.8082376122475	-5301.387837290764	-4397.803352534771	-5054.392087519169	-5068.040780544281	-6565.492879271507	-5018.5541961193085	-4329.21448713541	-4900.767889916897	-7455.960102260113	-4004.8746042847633	-4256.7846539616585	-4812.26579195261	-3925.070581674576	-3629.828656554222	-5100.648191154003	-4213.623583436012	-5795.907954156399	-5144.703067779541	-5815.155007719994	-3692.3303996920586	-5269.254349589348	-2431.106198966503	-4831.372839331627	-5849.833252251148	-3579.164692044258	-5292.4531943798065	-4128.231363356113	-3618.2625859975815	-4899.260176420212	-4162.110625982285	-3012.9275492429733	-5193.652219474316	-2406.898249030113	-3543.124150633812	-5418.745810449123	-5065.362716078758	-3147.131952047348	-4076.1225193738937	-4774.35214048624	-4900.931288361549	-5089.653002500534	-5110.770544826984	-5646.43869304657	-5771.152826011181	-4937.199034392834
-4772.744566142559	-4371.0013446211815	-6120.841094195843	-2106.846807897091	-4820.646889209747	-4981.475459635258	-5222.157880604267	-5093.05407834053	-4921.0836500525475	-2729.908589065075	-5139.143195152283	-5496.001832306385	-4831.931586146355	-2007.7724985480309	-5178.343141973019	-5041.050895810127	-5399.189178884029	-5896.479005455971	-5890.178906679153	-4994.888032972813	-5172.356854856014	-3693.554163277149	-5138.178434431553	-3537.436335146427	-5570.303485393524	-4296.48515856266	-7403.321620464325	-5357.591412186623	-3505.1480318307877	-5704.673321008682	-4900.284268558025	-5236.102358281612	-5632.948380231857	-5274.772557616234	-5192.739274322987	-6247.334850072861	-5186.9738674759865	-7731.782953500748	-6408.6347234249115	-5150.601881325245	-4878.884312391281	-6148.997804582119	-5862.58969694376	-4966.832792639732	-5018.715045809746	-4986.118681013584	-4990.4519446492195	-3689.604306280613	-3566.440208375454	-5272.340841948986
-4768.588163435459	-5252.915205419064	-6234.035108208656	-5218.805683195591	-4912.491086483002	-4958.069276273251	-4319.621041715145	-5021.720861971378	-4914.143633782864	-5721.5842452049255	-5048.600379347801	-4558.083465397358	-4630.764189124107	-5303.934366762638	-3033.428387284279	-4264.149484932423	-4926.594621121883	-2907.895962536335	-6022.909674465656	-4867.051996052265	-2789.509703338146	-3702.8559579849243	-5264.144078373909	-3442.651794075966	-2662.549158334732	-4251.714565932751	-4393.297125279903	-5008.154194176197	-3547.6270477175713	-3638.969855248928	-5004.1004475951195	-4259.40300154686	-3635.835790336132	-5426.661099851131	-5071.088363647461	-6238.337404310703	-4851.713316142559	-4484.140260696411	-5481.531409502029	-5096.422178387642	-4699.623128056526	-6407.996040463448	-2761.7037457823753	-4900.311780035496	-4935.843939363956	-4609.057709693909	-4928.9784162044525	-3375.879744887352	-5736.1916998028755	-5126.517403721809
-4846.66371846199	-5315.950264453888	-3417.7007756233215	-7576.082272171974	-5095.727302074432	-5052.081573009491	-4589.707285583019	-4769.370194256306	-4818.331067740917	-6750.889110803604	-4762.892403423786	-4025.1781873703003	-4703.129092514515	-7596.976845860481	-4199.666700005531	-4436.1174903512	-4581.18713414669	-3652.851083636284	-3806.6137127280235	-4855.957350492477	-4386.75935614109	-5948.4354674220085	-4915.912423074245	-6001.967001199722	-3842.661776483059	-5413.435111165047	-2207.606006860733	-4917.147826611996	-5975.665488481522	-3830.501662492752	-5025.672654211521	-4219.529861569405	-3724.360221862793	-4681.280411303043	-4304.751891076565	-3224.656051158905	-4988.7034856677055	-2124.383299469948	-3322.740718483925	-5154.939213991165	-4823.4103390574455	-3293.706364095211	-3887.821689069271	-4574.883245170116	-4672.821732103825	-4814.9730677604675	-4897.594431519508	-5834.788896501064	-5917.436146020889	-4638.845870018005
-4566.73302423954	-5438.25176101923	-6416.579345345497	-5311.135505139828	-4752.410150945187	-4708.763011991978	-4511.524974763393	-4736.698968708515	-4664.4339209795	-5906.980476737022	-4792.938586652279	-4254.047165632248	-4433.1253917217255	-5444.951110363007	-3228.220483005047	-4443.482321321964	-4695.515963315964	-2635.676464498043	-6199.694730639458	-4622.361155390739	-2962.6454760432243	-3855.383471250534	-5035.353433668613	-3629.4637875556946	-2812.8805351257324	-4395.89532750845	-4169.796933174133	-5093.929181456566	-3673.4592839479446	-3890.306825697422	-4737.319907426834	-4350.701499760151	-3741.9334262013435	-5208.681334733963	-5213.729628741741	-6450.065906226635	-4646.764582335949	-4201.625311136246	-5261.147977352142	-4832.615581929684	-4457.6707510352135	-6554.570452511311	-2573.4029154777527	-4700.842884719372	-4707.734383106232	-4334.377774953842	-4715.8023028969765	-3564.2299483418465	-5882.475019812584	-4828.164239346981
-4668.0684542655945	-6564.121885418892	-3478.384965658188	-7658.274544596672	-4860.350720643997	-4856.141867876053	-5638.008647084236	-4663.973083257675	-4609.501439154148	-6786.2226241230965	-4725.696779489517	-5098.7772208452225	-4358.847927629948	-7715.937996447086	-3139.326265871525	-5497.102952599525	-4528.537111222744	-3389.6769402623177	-3797.0423064231873	-4697.346765220165	-3269.9757431149483	-6049.240742743015	-4725.6866111159325	-6006.887189924717	-3647.2794838547707	-4302.553623616695	-1958.4437537193298	-4888.905411481857	-6140.425463855267	-3835.64049243927	-4822.669322788715	-5244.089439034462	-3807.173503637314	-4381.973055005074	-4292.5912784338	-3379.7221971154213	-4812.572845160961	-2125.0100935697556	-3051.6253659129143	-4891.18625241518	-4605.81528544426	-3408.4744421243668	-3776.2683435082436	-4790.5517954826355	-4527.812153935432	-4516.986553311348	-4690.309102237225	-6083.865539610386	-6111.115594744682	-4555.683136999607
-4563.2474437355995	-3491.530705988407	-6610.171174347401	-4560.266688585281	-4588.356626331806	-4711.4446204304695	-4650.826277911663	-4720.225126802921	-4368.032176852226	-3806.209164559841	-4663.1623549461365	-4856.398311674595	-4156.452326178551	-4642.738807320595	-3378.46838670969	-4608.779480457306	-4553.404545366764	-2972.004987001419	-6220.904451310635	-4482.120005309582	-3152.30267059803	-6428.848694682121	-4562.68015730381	-6283.216225862503	-2849.7018374204636	-4586.232472777367	-4588.737768769264	-4721.702352285385	-6194.122412383556	-3869.5116850733757	-4482.301515877247	-4738.6442866921425	-4042.938379049301	-4407.125785589218	-5505.820081830025	-6619.845686614513	-4561.549091100693	-4810.161288678646	-5805.096933782101	-4744.1309468746185	-4450.122813820839	-6509.870353639126	-2947.241028904915	-5388.005106985569	-4369.779764056206	-4584.723999261856	-4541.388184130192	-6114.35288465023	-3944.1545734405518	-4590.065599858761
-4353.735969722271	-4461.355676949024	-6695.956891715527	-2481.5235731601715	-4272.099297761917	-4499.660106003284	-5776.663042843342	-4516.722812473774	-4466.1134477853775	-3268.177501499653	-4429.006390750408	-5619.2827911973	-4321.834392547607	-2494.2222812771797	-4598.606582224369	-5510.028905630112	-4588.445536017418	-5275.994207203388	-6283.583759367466	-4328.385872542858	-4635.887654185295	-4092.5364398360252	-4552.313061833382	-3878.393965780735	-5039.27317327261	-5770.116997778416	-6849.344311654568	-4642.851383626461	-3882.356235206127	-4192.892377972603	-4383.802550017834	-5650.157333850861	-3899.7366121411324	-4761.691064715385	-5583.319896996021	-6664.44517827034	-4499.393071532249	-7043.9368216991425	-8101.670973956585	-4583.646020829678	-4427.494785487652	-6664.700872004032	-5209.052465379238	-5350.172495603561	-4355.6753969192505	-4412.521484732628	-4403.3198810219765	-3992.345503985882	-3907.079923391342	-4580.843766629696
-4368.760795652866	-5702.527294158936	-3609.3208689689636	-7942.5647476911545	-4578.028990268707	-4541.758900761604	-4802.58152961731	-4401.600058317184	-4299.334489941597	-6988.115794420242	-4432.036687195301	-4934.096377432346	-4077.3943926095963	-7957.888240456581	-3360.1885436177254	-4736.58503651619	-4156.0808852911	-3198.248282790184	-4072.795584857464	-4404.567940533161	-3391.7100433707237	-6311.863899946213	-4450.606015205383	-6275.8025904893875	-2993.7796679139137	-4592.742939412594	-1666.9233716130257	-4184.785068929195	-6417.70701777935	-3929.357208430767	-4580.851021766663	-4612.153285086155	-4187.854032933712	-4196.570421516895	-4583.624507725239	-3482.530809521675	-4416.374955296516	-1750.7515410780907	-2724.193303346634	-4639.530784904957	-4304.409576117992	-3639.1170934438705	-3337.0069200992584	-5335.135606884956	-4237.386151254177	-4302.354289472103	-4398.302350461483	-6127.353936612606	-6335.342689096928	-4294.056993305683
-4361.3923045396805	-3676.8672615885735	-6792.7154114842415	-4652.596510529518	-4428.275690793991	-4462.138356149197	-4842.730210959911	-4435.203233540058	-4118.3224640488625	-3991.605396091938	-4407.500562250614	-4552.362011909485	-3958.813528776169	-4783.755550920963	-3573.260482430458	-4788.1123168468475	-4322.325887560844	-2699.785488963127	-6397.689507484436	-4237.429164648056	-3325.438443303108	-6581.376207947731	-4333.889512598515	-6470.028219342232	-3000.033214211464	-4730.4132343530655	-4365.237576663494	-4807.477339565754	-6319.95464861393	-4120.84865552187	-4215.5209757089615	-4829.942784905434	-4149.036014914513	-4189.14602047205	-5648.461346924305	-6831.574188530445	-4356.600357294083	-4527.646339118481	-5584.713501632214	-4480.32435041666	-4208.170436799526	-6656.444765686989	-2758.940198600292	-5188.536211669445	-4141.670207798481	-4310.04406452179	-4328.212070822716	-6302.703088104725	-4090.43789345026	-4291.7124354839325
-4166.905656456947	-5887.863849759102	-3791.8651061058044	-8034.894569635391	-4417.948054730892	-4292.452636480331	-4994.485462665558	-4116.578165054321	-4049.624777138233	-7173.512025952339	-4176.374894499779	-4630.060077667236	-3879.7555952072144	-8098.90498405695	-3554.9806393384933	-4915.917872905731	-3925.00222748518	-2926.028784751892	-4249.580641031265	-4159.877099871635	-3564.845816075802	-6464.3914132118225	-4221.815370500088	-6462.614583969116	-3144.111044704914	-4736.923700988293	-1443.4231795072556	-4270.560056209564	-6543.539254009724	-4180.694178879261	-4314.070481598377	-4703.451783299446	-4293.9516687989235	-3978.590656399727	-4726.265772819519	-3694.259311437607	-4211.426221489906	-1468.2365915179253	-2503.809871196747	-4375.724188446999	-4062.4571990966797	-3785.6915054917336	-3148.706089794636	-5135.666711568832	-4009.2765949964523	-4027.6743547320366	-4185.126237154007	-6315.7041400671005	-6481.626009106636	-3995.703828930855
-3852.573171913624	-3785.097641289234	-7009.437032163143	-2858.1435981988907	-3829.696631848812	-3935.970874607563	-5133.1398584246635	-3969.32789427042	-3906.2367857694626	-3655.4669033288956	-3879.6845057606697	-5150.565648019314	-3842.742060124874	-2877.189268887043	-5014.260955691338	-4928.843825936317	-3984.910652279854	-4812.346051692963	-6736.122093975544	-3790.9162071943283	-4930.757727146149	-4507.6871103048325	-4048.441821217537	-4334.121359825134	-4536.104734122753	-6204.487075150013	-6334.323737442493	-4024.506028354168	-4285.470025360584	-4537.946064412594	-3875.2037088274956	-5109.519678115845	-4386.514777302742	-4358.308666110039	-6016.994391381741	-6978.9822925925255	-3898.2464478611946	-6387.163319647312	-7553.8554792404175	-4068.183956861496	-3884.136699140072	-7041.917935371399	-4581.49021166563	-5695.287411689758	-3837.1398379802704	-3923.2092861533165	-3898.137015938759	-4224.184104442596	-4277.590337753296	-4020.8644585609436
-3662.2429265379906	-5114.1803686618805	-3895.3927127718925	-3128.4827820062637	-3727.524798512459	-3789.691338300705	-6187.431949019432	-3722.0360421538353	-3844.479115128517	-3845.697877049446	-3739.101653814316	-6166.182080686092	-3964.851523578167	-2896.176833808422	-7140.895867288113	-5833.550792872906	-4060.1815499663353	-8027.172390401363	-4455.28245973587	-3841.200179338455	-7553.01225143671	-4381.400520861149	-3810.402035176754	-4421.49226552248	-7587.936891674995	-6255.76813441515	-6422.533835470676	-3837.025963008404	-4466.575614869595	-6663.495053529739	-3869.937035679817	-5959.72803324461	-6528.543021082878	-3995.8647598028183	-5216.44972795248	-3850.6648612618446	-4088.3328633904457	-6575.396264851093	-5400.055162727833	-4017.7634978294373	-3917.6846457719803	-3912.166439294815	-8072.1420540213585	-5708.938924193382	-3787.617331624031	-4017.900547683239	-3816.524710714817	-4550.909717798233	-4499.02696198225	-3870.6792902350426
-3460.3877873420715	-5299.516924262047	-4077.9369499087334	-3220.8126039505005	-3567.4438629746437	-3540.385074019432	-6379.33588206768	-3437.014148890972	-3594.7694023251534	-4031.094108581543	-3483.4398611187935	-5862.145780920982	-3767.212726175785	-3037.1935774087906	-7335.687963008881	-6012.883629262447	-3829.1028921604156	-7754.952892363071	-4632.067515909672	-3596.5093386769295	-7726.1480241417885	-4533.928034126759	-3581.6113904714584	-4608.304259002209	-7738.268268465996	-6399.9488959908485	-6199.033643364906	-3922.8009502887726	-4592.407851099968	-6914.832023978233	-3603.156495511532	-6051.026531457901	-6634.64065694809	-3777.88499468565	-5359.090993046761	-4062.3933631777763	-3883.3841295838356	-6292.881315290928	-5179.671730577946	-3753.956901371479	-3675.7322687506676	-4058.740851342678	-7883.841223716736	-5509.470028877258	-3559.5077753663063	-3743.2206129431725	-3603.348597407341	-4739.2599212527275	-4645.310281991959	-3572.3261258602142
-3172.815109908581	-4357.011226594448	-7383.601362645626	-3316.9558956623077	-3151.917384505272	-3176.3419380784035	-5537.918035507202	-3316.5358650684357	-3137.5304951667786	-4078.0898184776306	-3293.1669968366623	-5755.44753831625	-3019.3685628175735	-3379.1174070835114	-4369.5748950243	-5408.6442084908485	-3328.7257456183434	-4085.523752808571	-7179.089022278786	-3094.8359565734863	-4108.84418708086	-5023.643056094646	-3354.344768643379	-4794.768942594528	-3837.5540023446083	-5527.975664973259	-5570.140910089016	-3377.9182579517365	-4853.343790888786	-4888.138580799103	-3163.6015362143517	-5593.441599845886	-4956.1062242388725	-3655.6189112067223	-6438.508273124695	-7448.585552871227	-3120.9691836833954	-5731.01661169529	-6734.924631953239	-3288.9689313173294	-3123.183559179306	-7533.903076767921	-3842.374612390995	-6256.070878088474	-3173.594700872898	-3135.9105731248856	-3185.6688215732574	-4705.099348008633	-4841.780200839043	-3377.722417473793
-2970.9599707126617	-4542.347782194614	-7566.145599782467	-3409.2857176065445	-2991.836448967457	-2927.0356737971306	-5729.82196855545	-3031.5139718055725	-2887.8207823634148	-4263.4860500097275	-3037.50520414114	-5451.41123855114	-2821.7297654151917	-3520.13415068388	-4564.366990745068	-5587.97704488039	-3097.6470878124237	-3813.304254770279	-7355.874078452587	-2850.1451159119606	-4281.979959785938	-5176.170569360256	-3125.5541239380836	-4981.580936074257	-3987.8853791356087	-5672.156426548958	-5346.640717983246	-3463.6932452321053	-4979.17602711916	-5139.475551247597	-2896.8209960460663	-5684.740098059177	-5062.203860104084	-3437.639146089554	-6581.149538218975	-7660.314054787159	-2916.0204498767853	-5448.501662135124	-6514.541199803352	-3025.162334859371	-2881.2311821579933	-7680.477488815784	-3654.0737820863724	-6056.60198277235	-2945.4851446151733	-2861.230638384819	-2972.4927082657814	-4893.449551463127	-4988.063520848751	-3079.3692530989647
-2780.6297253370285	-5871.430509567261	-4452.101280391216	-3679.6249014139175	-2889.6646156311035	-2780.7561374902725	-6784.114059150219	-2784.2221196889877	-2826.0631117224693	-4453.717023730278	-2896.922352194786	-6467.027671217918	-2943.8392288684845	-3539.121715605259	-6691.001902341843	-6492.684011816978	-3172.917985498905	-7028.13059347868	-5075.0344442129135	-2900.4290880560875	-6904.2344840765	-5049.883979916573	-2887.5143378973007	-5068.951841771603	-7039.717536687851	-5723.4374858140945	-5434.850816011429	-3276.213179886341	-5160.28161662817	-7265.024540364742	-2891.554322898388	-6534.9484531879425	-7204.23210388422	-3075.1952397823334	-5780.604874789715	-4531.996623456478	-3106.1068654060364	-5636.734607338905	-4360.740883290768	-2974.7418758273125	-2914.7791287899017	-4550.725992739201	-7144.7256244421005	-6070.253495275974	-2895.962638258934	-2955.9218999147415	-2890.8804030418396	-5220.175164818764	-5209.500145077705	-2929.1840847730637
-2776.4733226299286	-6753.344370365143	-4565.29529440403	-6791.583776712418	-2981.508812904358	-2757.3499541282654	-5881.577220261097	-2712.8889033198357	-2819.1230954527855	-7445.392679870129	-2806.3795363903046	-5529.109304308891	-2742.671831846237	-6835.283583819866	-4546.087147653103	-5715.782600939274	-2700.323427736759	-4039.547550559044	-5207.765211999416	-2772.59305113554	-4521.387332558632	-5059.185774624348	-3013.479981839657	-4974.167300701141	-4131.963209629059	-5678.666893184185	-2424.8263208270073	-2926.7759618759155	-5202.760632514954	-5199.321074604988	-2995.370501935482	-5558.24909645319	-5207.119513988495	-3227.083782017231	-5658.953964114189	-4522.999177694321	-2770.846314072609	-2389.091914534569	-3433.6375693678856	-2920.5621728897095	-2735.517944455147	-4809.724228620529	-4043.839673280716	-6003.732482671738	-2813.0915318131447	-2578.860928595066	-2829.4068745970726	-4906.450603425503	-7379.251636505127	-2783.360646545887
-2571.132602930069	-4991.959870934486	-4941.431360542774	-6133.044782102108	-2657.3743527531624	-2510.7252982854843	-6212.782456457615	-2411.3931681513786	-2273.011638522148	-5530.017599225044	-2420.94151198864	-5827.424150586128	-2268.3599689006805	-6174.088024377823	-4891.127147078514	-6060.412596464157	-2327.13335198164	-4103.656575024128	-5405.759988844395	-2387.6610603928566	-4884.180299818516	-7785.178511321545	-2312.016060769558	-7814.7317324876785	-4319.11588871479	-6013.184800028801	-2620.266964316368	-2640.3241199851036	-7849.255997180939	-5429.862904429436	-2473.5715702176094	-6037.490381598473	-5614.222102701664	-2207.5484677553177	-6093.685682296753	-4904.507459998131	-2480.6820890307426	-2715.1129425168037	-3757.203093647957	-2568.270941376686	-2486.0176302194595	-4911.598541796207	-4229.3769564032555	-6491.425809621811	-2247.027356505394	-2554.5272181630135	-2441.816642522812	-7644.923743188381	-5587.214510142803	-2246.9088426828384
-2279.4669275283813	-5195.172473907471	-4765.581420838833	-4056.2449264526367	-2447.2619497179985	-2217.066906094551	-6140.590874731541	-2236.827201485634	-2266.1864497065544	-4841.006425559521	-2347.6004672050476	-5998.310528039932	-2464.746896445751	-3922.088703215122	-7106.656275808811	-5911.498932123184	-2569.383101761341	-6564.482437968254	-5527.5727788209915	-2362.9594227075577	-7199.1045570373535	-5465.03465038538	-2383.643097281456	-5524.679235816002	-6536.549097537994	-6157.807563185692	-4919.830241799355	-2657.867824614048	-5563.395406782627	-7610.078226804733	-2382.95548170805	-5994.310797452927	-7691.01026904583	-2671.8128411769867	-6214.279369175434	-4846.533737778664	-2504.9602417349815	-4979.961105287075	-3812.9253885746	-2459.279811859131	-2371.421042442322	-4927.943056106567	-6517.163370728493	-6415.368411362171	-2377.427079319954	-2466.60970133543	-2385.697537958622	-5452.013765275478	-5580.010559439659	-2369.2047767043114
-1860.4583311080933	-5285.526806235313	-5340.697218358517	-4430.921691715717	-1898.7143582701683	-1735.2515524625778	-6695.096036970615	-1660.4959356188774	-1811.2162474393845	-5379.275337994099	-1637.463662803173	-6121.591486930847	-1954.649702847004	-4408.538485944271	-6526.919716060162	-6380.476941943169	-1758.6394588947296	-5943.9976397156715	-5920.977631509304	-1696.4572622776031	-6662.635356366634	-5864.016926944256	-1797.7777246832848	-5865.63686645031	-6005.51878541708	-7631.439402401447	-4365.852932989597	-1943.1277960538864	-5940.603610157967	-6098.297283768654	-1866.4737631678581	-6408.365773022175	-5957.798500955105	-2158.7313482761383	-6604.859991848469	-5263.644065976143	-1817.3794457912445	-4292.11497348547	-5505.961639106274	-1892.3239513635635	-1920.0315155386925	-5443.6461235284805	-5863.626139163971	-6798.708114326	-1714.3874304294586	-1893.0125050544739	-1798.565474331379	-5754.754962980747	-5920.650274455547	-1677.7077013850212
-1681.8630669116974	-6533.698427200317	-5401.381408393383	-4513.113964140415	-1663.3377768397331	-1539.3118473291397	-7743.397398471832	-1555.098824620247	-1602.3866188526154	-5414.608851313591	-1600.2680388689041	-7195.190520405769	-1610.3685379624367	-4527.499636530876	-5466.579281926155	-7441.462404191494	-1705.9894359707832	-5680.823496341705	-5911.406225204468	-1537.846677005291	-5545.851743340492	-5964.822202265263	-1607.5519127249718	-5870.557055175304	-5810.136492788792	-6520.557914853096	-4116.690679848194	-1914.885380923748	-6105.363585531712	-6103.436113715172	-1663.4704317450523	-7432.925350487232	-6040.611782729626	-1859.4239919781685	-6592.699379205704	-5418.710211932659	-1641.2488052845001	-4292.741767585278	-5234.846286535263	-1628.5709897875786	-1702.4364619255066	-5558.414201557636	-5752.072793602943	-7014.376664638519	-1569.3778522610664	-1595.0259906053543	-1591.2801450490952	-6003.831606090069	-6114.32972317934	-1594.544968366623
-1382.5554082989693	-5672.103835940361	-5532.317311704159	-4797.404167234898	-1381.0160464644432	-1224.9288802146912	-6907.970281004906	-1292.7257996797562	-1292.2196696400642	-5616.502021610737	-1306.607946574688	-7030.509676992893	-1328.9150029420853	-4769.449880540371	-5687.441559672356	-6680.944488108158	-1333.5332100391388	-5489.394838869572	-6187.159503638744	-1245.067852318287	-5667.586043596268	-6227.44535946846	-1332.4713168144226	-6139.472455739975	-5156.636676847935	-6810.747230648994	-3825.17029774189	-1210.7650383710861	-6382.645139455795	-6197.152829706669	-1421.6521307229996	-6800.989196538925	-6421.292312026024	-1674.0213584899902	-6883.732608497143	-5521.518824338913	-1245.0509154200554	-3918.4832150936127	-4907.414223968983	-1376.9155222773552	-1401.0307525992393	-5789.05685287714	-5312.811370193958	-7558.96047604084	-1278.951849579811	-1380.3937267661095	-1299.2733932733536	-6047.320003092289	-6338.556817531586	-1332.918824672699
-1180.7002691030502	-5857.440391540527	-5714.861548841	-4889.733989179134	-1220.935110926628	-975.6226159334183	-7099.874214053154	-1007.703906416893	-1042.5099568367004	-5801.898253142834	-1050.9461538791656	-6726.473377227783	-1131.2762055397034	-4910.466624140739	-5882.233655393124	-6860.2773244977	-1102.4545522332191	-5217.17534083128	-6363.944559812546	-1000.3770116567612	-5840.721816301346	-6379.97287273407	-1103.680672109127	-6326.284449219704	-5306.968053638935	-6954.927992224693	-3601.67010563612	-1296.540025651455	-6508.477375686169	-6448.489800155163	-1154.8715905547142	-6892.287694752216	-6527.389947891235	-1456.0415933728218	-7026.373873591423	-5733.247326254845	-1040.1021816134453	-3635.9682655334473	-4687.030791819096	-1113.108925819397	-1159.0783755779266	-5935.631264925003	-5124.510539889336	-7359.491580724716	-1050.8422933220863	-1105.713792026043	-1086.0972799658775	-6235.670206546783	-6484.840137541294	-1034.5656602978706
