-875.4182646274567	-97906.13671875	-92092.041015625	-27788.4111328125	-27795.29901123047	-24869.046600341797	-26093.91098022461	-28226.191940307617	-26802.021755218506	-894.335996389389	-30263.18283843994	-59100.74021911621	-25536.431197166443	-30050.080894470215	-79008.6484375	-93656.40625	-84072.4921875	-83158.673828125	-28077.422805786133	-1897.2493724822998
-1391.0792860984802	-96253.76376318932	-90528.78988647461	-27364.906874895096	-27372.860496401787	-24493.92892038822	-25769.379386603832	-27772.292888998985	-26362.67514681816	-1391.371547460556	-29773.669932723045	-59396.381408691406	-25100.194304466248	-29574.134817123413	-77736.51963168383	-92061.83787381649	-82711.65392452478	-81761.4284414053	-27647.850688278675	-2236.8954639434814
-668.4477879405022	-94994.24630045891	-89308.20449590683	-26899.94354146719	-26904.110146403313	-24723.370538055897	-25286.07990694046	-27391.615050911903	-25938.42309474945	-1727.2661950588226	-29329.837818205357	-57303.24548190832	-24693.074376046658	-29128.123029768467	-76641.49650603533	-90866.42573159933	-81528.34777361155	-80697.70742535591	-27252.983997404575	-2456.5368785858154
-1835.4574949741364	-94669.90726643801	-88987.16636097431	-26798.595899939537	-26807.638137042522	-23981.38225889206	-25236.844789266586	-27314.248040914536	-27636.668201446533	-1730.159124135971	-29197.998371362686	-56957.65657866001	-24686.075235664845	-29031.72085851431	-76335.70332336426	-90524.96207004786	-81207.19616150856	-80345.14034205675	-27094.758857488632	-2461.2912197113037
-1935.123117685318	-94368.51091063023	-88924.69644105434	-26837.294943630695	-26850.79213631153	-24061.759478211403	-25180.830742418766	-27194.895946979523	-25810.603279411793	-1817.3612973690033	-29153.3404404521	-57001.6097073555	-24568.931696474552	-29054.21504431963	-76281.22186279297	-89965.33811181784	-81169.18284469843	-80134.4530634284	-27028.554290771484	-1359.287992477417
-2109.809991300106	-93651.33281445503	-87988.70982778072	-28732.101837158203	-28710.0224609375	-23799.170649528503	-24980.506403565407	-27067.43195796013	-25797.35708016157	-2093.4207017421722	-28935.698779046535	-56619.73885971308	-24505.592787623405	-28694.108668744564	-75573.42074513435	-89527.4142178297	-80371.45787262917	-79533.53429317474	-26846.723431050777	-2623.938901901245
-1184.1088094115257	-93341.87334489822	-87744.95336675644	-26476.439283549786	-26481.67163157463	-24348.25285810232	-24961.548313319683	-26937.71599960327	-25499.076486349106	-2224.3017461299896	-28840.32491248846	-57598.88667148352	-24256.837483346462	-28652.176952421665	-75369.36770021915	-89271.85735541582	-80167.50951063633	-79300.46203863621	-26823.411879897118	-2796.182970046997
-2252.879672765732	-93243.12624716759	-87666.6977186799	-26362.14291214943	-26382.08650290966	-23700.675376832485	-25036.565597236156	-26983.12784808874	-25466.819687783718	-1205.7342965006828	-30403.719036638737	-56284.19873225689	-24307.981540501118	-28735.796089231968	-75215.78044307232	-89213.6750947833	-80034.63383871317	-79173.67953842878	-26787.851017296314	-2728.7133502960205
-2351.11851644516	-93017.53431087732	-87423.91523182392	-26375.091642022133	-26385.19962221384	-23606.264578938484	-24912.31319564581	-26860.348989605904	-27197.32159304619	-2227.194675207138	-28708.48546564579	-57253.29776823521	-24249.83834296465	-28555.774781167507	-75063.57451754808	-88930.39369386435	-79846.35789853334	-78947.89495533705	-26665.186739981174	-2800.9373111724854
-2450.7841391563416	-92716.13795506954	-87361.44531190395	-26413.79068571329	-26428.35362148285	-23686.641798257828	-24856.29914879799	-26740.99689567089	-25371.256671011448	-2314.3968484401703	-28663.827534735203	-57297.250896930695	-24132.694803774357	-28578.268966972828	-75009.0930569768	-88370.76973563433	-79808.34458172321	-78737.2076767087	-26598.982173264027	-1698.9340839385986
-2625.4710127711296	-91998.95985889435	-86425.45869863033	-28308.5975792408	-28287.583946108818	-23424.05296957493	-24655.97480994463	-26613.532906651497	-25358.010471761227	-2590.4562528133392	-28446.18587332964	-56915.38004928827	-24069.35589492321	-28218.162591397762	-74301.29193931818	-87932.8458416462	-79010.61960965395	-78136.28890645504	-26417.15131354332	-2963.5849933624268
-2768.5406942367554	-91590.7532916069	-86103.44658952951	-25938.638654232025	-25959.64798808098	-23325.55769687891	-24712.03400361538	-26529.22879678011	-25027.473079383373	-1702.7698475718498	-29914.20613092184	-56579.839921832085	-23871.744647800922	-28259.850011885166	-73943.65163725615	-87619.1067185998	-78673.79557573795	-77776.43415170908	-26358.278899788857	-3068.359441757202
-1628.4870182871819	-91758.01684814692	-86203.32984125614	-25910.128308594227	-25916.449272215366	-23835.70619660616	-24429.013715982437	-26479.67115151882	-26773.069540977478	-2563.0893228054047	-28264.6533511281	-55160.16184145212	-23842.71841454506	-28109.76299381256	-73968.55139189959	-87734.98155164719	-78663.0517476201	-77884.17393928766	-26270.320049107075	-3020.5787258148193
-1728.1526409983635	-91456.62049233913	-86140.85992133617	-25948.827352285385	-25959.603271484375	-23916.083415925503	-24372.999669134617	-26360.31905758381	-24947.004618942738	-2650.291496038437	-28219.995420217514	-55204.11497014761	-23725.574875354767	-28132.25717961788	-73914.0699313283	-87175.35759341717	-78625.03843080997	-77673.48666065931	-26204.115482389927	-1918.5754985809326
-2895.1623480319977	-91132.28145831823	-85819.82178640366	-25847.479710757732	-25863.131262123585	-23174.095136761665	-24323.764551460743	-26282.95204758644	-26645.24972563982	-2653.1844251155853	-28088.155973374844	-54858.5260668993	-23718.575734972954	-28035.855008363724	-73608.27674865723	-86833.89393186569	-78303.88681870699	-77320.91957736015	-26045.890342473984	-1923.329839706421
-2963.9299075603485	-90791.85000038147	-85489.07694208622	-25826.646583378315	-25841.065698325634	-23095.913491487503	-24174.865715682507	-26206.35282021761	-28837.795988082886	-2925.859542608261	-28086.077540755272	-54735.90309000015	-27380.90235519409	-28004.280999302864	-73337.82548081875	-86854.8105070591	-78054.9054248333	-77172.84124463797	-26094.39113664627	-3378.6923809051514
-1902.8395146131516	-90739.44239616394	-85204.87330806255	-27843.634245812893	-27818.833596110344	-23653.494587242603	-24172.675330281258	-26232.855068564415	-24933.758419692516	-2926.350900411606	-28002.35375881195	-54822.24412250519	-23662.23596650362	-27772.150804042816	-73206.26881366968	-86737.43369942904	-77827.31345874071	-77072.56789040565	-26022.28462266922	-3183.2264080047607
-3069.8492216467857	-90415.10336214304	-84883.83517313004	-27742.28660428524	-27722.361586749554	-22911.506308078766	-24123.440212607384	-26155.488058567047	-26632.0035263896	-2929.2438294887543	-27870.51431196928	-54476.65521925688	-23655.236826121807	-27675.748632788658	-72900.47563099861	-86395.97003787756	-77506.16184663773	-76720.0008071065	-25864.059482753277	-3187.980749130249
-2045.9091960787773	-90331.2358288765	-84882.86119896173	-25473.67532080412	-25490.897638082504	-23554.999314546585	-24228.734523952007	-26148.550958693027	-24603.221027314663	-2038.6644951701164	-29470.374016404152	-54486.703995049	-23464.624719381332	-27813.83822453022	-72848.62851160765	-86423.69457638264	-77490.48942482471	-76712.7131356597	-25963.412208914757	-3288.000856399536
-2144.1480397582054	-90105.64389258623	-84640.07871210575	-25486.624050676823	-25494.010757386684	-23460.588516652584	-24104.48212236166	-26025.77210021019	-26333.722932577133	-3060.1248738765717	-27775.140445411205	-55455.80303102732	-23406.481521844864	-27633.81691646576	-72696.42258608341	-86140.41317546368	-77302.21348464489	-76486.92855256796	-25840.747931599617	-3360.224817276001
-3169.5148443579674	-90113.70700633526	-84821.36525321007	-27780.9856479764	-27765.515586018562	-22991.88352739811	-24067.426165759563	-26036.135964632034	-24805.93860435486	-3016.4460027217865	-27825.856381058693	-54520.608347952366	-23538.093286931515	-27698.24281859398	-72845.99417042732	-85836.34607964754	-77468.1485298276	-76509.31352847815	-25797.85491603613	-2085.9775218963623
-2243.813662469387	-89804.24753677845	-84577.60879218578	-25525.32309436798	-25537.164756655693	-23540.965735971928	-24048.46807551384	-25906.420006275177	-24507.658010542393	-3147.327047109604	-27730.482514500618	-55499.756159722805	-23289.33798265457	-27656.31110227108	-72641.94112551212	-85580.78921723366	-77264.20016783476	-76276.24127393961	-25774.54336488247	-2258.2215900421143
-3212.9189031124115	-90006.8967948556	-84561.82306402922	-25372.327679276466	-25394.425628721714	-22813.011035382748	-24179.499406278133	-26071.18394869566	-26301.466134011745	-2041.5574242472649	-29338.53456956148	-54141.11509180069	-23457.62557899952	-27717.436053276062	-72542.83532893658	-86082.23091483116	-77169.33781272173	-76360.14605236053	-25805.187068998814	-3292.7551975250244
-3312.584525823593	-89705.50043904781	-84499.35314410925	-25411.026722967625	-25437.579627990723	-22893.38825470209	-24123.485359430313	-25951.831854760647	-24475.401211977005	-2128.759597480297	-29293.876638650894	-54185.06822049618	-23340.482039809227	-27739.930239081383	-72488.35386836529	-85522.60695660114	-77131.3244959116	-76149.45877373219	-25738.982502281666	-2190.7519702911377
-3479.590929031372	-89139.47704482079	-83925.82581293583	-25403.14232546091	-25418.627183496952	-22720.795811533928	-23850.33412206173	-25752.453768908978	-28398.44937968254	-3422.895093679428	-27596.564635038376	-55031.54427957535	-26944.665462493896	-27528.334921956062	-72065.69667500257	-85260.24213087559	-76694.06716185808	-75775.59585791826	-25664.819019138813	-3718.338472366333
-3349.117746591568	-89621.52372688055	-84228.52604401112	-25251.371849417686	-25244.01507437229	-22915.447495281696	-24785.250773191452	-26269.691362798214	-25073.51010465622	-3253.380077123642	-27687.21082830429	-54244.02771180868	-24855.370690464973	-28154.315875530243	-72209.13929635286	-85608.25374728441	-76885.61258512735	-76106.42682117224	-26493.52389615774	-3204.452589035034
-2418.500536084175	-89087.06944060326	-83641.62217891216	-27420.12998789549	-27396.395081281662	-23278.376907289028	-23848.14373666048	-25778.956017255783	-24494.41181129217	-3423.386451482773	-27512.840853095055	-55117.88531208038	-23225.999073803425	-27296.204726696014	-71934.14000785351	-85142.86532324553	-76466.4751957655	-75675.32250368595	-25592.712505161762	-3522.8724994659424
-3487.271399438381	-88988.32234287262	-83563.36653083563	-27305.833616495132	-27296.80995261669	-22630.79942601919	-23923.161020576954	-25824.367865741253	-24462.155012726784	-2404.819001853466	-29076.23497724533	-53803.197372853756	-23277.14313095808	-27379.823863506317	-71780.55275070667	-85084.68306261301	-76333.59952384233	-75548.54000347853	-25557.15164256096	-3455.402879714966
-2561.570217549801	-88678.86287331581	-83319.61006981134	-25050.171062886715	-25068.459123253822	-23179.88163459301	-23904.20293033123	-25694.651907384396	-24163.874418914318	-2535.7000462412834	-28980.861110687256	-54782.345184624195	-23028.387826681137	-27337.89214718342	-71576.49970579147	-84829.12620019913	-76129.6511618495	-75315.46774893999	-25533.8400914073	-3627.646947860718
-3828.2455472946167	-88053.12748348713	-82936.10201495886	-24987.52246505022	-25015.14111316204	-22518.270574748516	-23798.953765809536	-25497.932803452015	-24036.05460357666	-2625.795148551464	-28804.363732933998	-54480.70941007137	-22904.24514710903	-27263.98416173458	-71216.22506254911	-83928.03858041763	-75770.48623293638	-74752.21338701248	-25309.410384774208	-2530.3980617523193
-3864.7787680625916	-87969.15077131987	-82665.27491486073	-24827.867591500282	-24821.57655954361	-22540.32981532812	-24460.719179570675	-25815.792311489582	-24634.163496255875	-3750.415628194809	-27197.697922587395	-54539.66890138388	-24419.133797764778	-27678.36979818344	-70937.01049053669	-84013.6853711009	-75524.77432215214	-74709.18143445253	-26063.951778650284	-3544.098680496216
-2756.959430873394	-87879.95958209038	-82705.24042236805	-24938.178992033005	-24949.876833498478	-22950.237429201603	-23367.034642398357	-25371.775930821896	-27974.19732761383	-3758.7897412776947	-27152.732520520687	-52938.40835279226	-26537.545534074306	-27082.323134601116	-70970.67354935408	-84064.82998865843	-75510.76101094484	-74711.87484186888	-25269.952328264713	-3937.979887008667
-3923.969137907028	-87555.62054806948	-82384.20228743553	-24836.831350505352	-24853.404824137688	-22208.249150037766	-23317.799524724483	-25294.408920824528	-29672.442434310913	-3761.682670354843	-27020.893073678017	-52592.81944954395	-26530.546393692493	-26985.920963346958	-70664.880366683	-83723.36632710695	-75189.60939884186	-74359.30775856972	-25111.72718834877	-3942.7342281341553
-4023.63476061821	-87254.2241922617	-82321.73236751556	-24875.53039419651	-24896.558823406696	-22288.62636935711	-23261.785477876663	-25175.056826889515	-27846.377512276173	-3848.8848435878754	-26976.23514276743	-52636.77257823944	-26413.4028545022	-27008.41514915228	-70610.39890611172	-83163.74236887693	-75151.59608203173	-74148.62047994137	-25045.522621631622	-2840.7310009002686
-3105.6140491366386	-86793.61002075672	-81715.51662439108	-24522.559131622314	-24546.390763163567	-22747.71219241619	-23315.654286146164	-25117.254965364933	-23611.80255150795	-2961.6897961497307	-28360.53161841631	-52387.57348328829	-22497.12521868944	-26817.972374379635	-70121.20193690062	-82732.62643820047	-74587.18008202314	-73688.4923709631	-24914.54369390011	-2750.0394763946533
-4198.321634232998	-86537.0460960865	-81385.74575424194	-26770.337287724018	-26755.789148032665	-22026.03754067421	-23061.461139023304	-25047.59283787012	-27833.13131302595	-4124.944247961044	-26758.593481361866	-52254.90173059702	-26350.063945651054	-26648.308773577213	-69902.5977884531	-82725.8184748888	-74353.87110996246	-73547.70170968771	-24863.691761910915	-4105.381910324097
-3272.6204523444176	-86227.5866265297	-81141.98929321766	-24514.6747341156	-24527.438318669796	-22575.119749248028	-23042.50304877758	-24917.876879513264	-27534.850719213486	-4255.825292348862	-26663.21961480379	-53234.04954236746	-26101.30864137411	-26606.377057254314	-69698.5447435379	-82470.26161247492	-74149.92274796963	-73314.62945514917	-24840.380210757256	-4277.625978469849
-3142.1472699046135	-86709.63330858946	-81444.68952429295	-24362.904258072376	-24352.826209545135	-22769.771432995796	-23977.419699907303	-25435.1144734025	-24209.911444187164	-4086.3102757930756	-26753.865808069706	-52446.53297460079	-24012.013869345188	-27232.358010828495	-69841.98736488819	-82818.27322888374	-74341.4681712389	-73645.46041840315	-25669.085087776184	-3763.74009513855
-4272.623756170273	-86469.27098673582	-81394.47848945856	-24421.21149009466	-24449.918753802776	-22005.723913252354	-23266.41916847229	-25039.887955367565	-25310.047658205032	-2964.582725226879	-28228.69217157364	-52041.98458003998	-22490.12607830763	-26721.570203125477	-69815.40875422955	-82391.162776649	-74266.02846992016	-73335.92528766394	-24756.318553984165	-2754.7938175201416
-4341.391315698624	-86128.83952879906	-81063.73364514112	-24400.378362715244	-24427.853190004826	-21927.54226797819	-23117.520332694054	-24963.288727998734	-27502.593920648098	-3237.257842719555	-28226.613738954067	-51919.36160314083	-26152.452698528767	-26689.996194064617	-69544.95748639107	-82412.0793518424	-74017.04707604647	-73187.84695494175	-24804.819348156452	-4210.156358718872
-4309.156976938248	-86385.29427456856	-81123.65138936043	-24261.556616544724	-24256.354200184345	-22027.78315383196	-23928.18458223343	-25357.747463405132	-25908.156550884247	-4089.203204870224	-26622.026361227036	-52100.94407135248	-24005.014728963375	-27135.955839574337	-69536.19418221712	-82476.80956733227	-74020.31655913591	-73292.89333510399	-25510.85994786024	-3768.494436264038
-4408.822599649429	-86083.89791876078	-81061.18146944046	-24300.25566023588	-24299.508199453354	-22108.160373151302	-23872.17053538561	-25238.39536947012	-24082.091628849506	-4176.405378103256	-26577.36843031645	-52144.89720004797	-23887.871189773083	-27158.450025379658	-69481.71272164583	-81917.18560910225	-73982.30324232578	-73082.20605647564	-25444.655381143093	-2666.4912090301514
-4546.9762524962425	-85450.69653475285	-80396.02195626497	-26354.717427313328	-26352.303077697754	-21823.512303888798	-23010.08078277111	-24793.07187241316	-23470.73653692007	-3327.8443028330803	-27966.39257925749	-51704.066861093044	-22309.64363026619	-26383.958013355732	-69053.12617599964	-81393.61492443085	-73430.29018104076	-72524.31923878193	-24508.28312754631	-2917.441499710083
-3621.275070607662	-85141.23706519604	-80152.26549524069	-24099.05487370491	-24123.952248334885	-22372.594512462616	-22991.122692525387	-24663.3559140563	-23172.455943107605	-3458.7253472208977	-27871.018712699413	-52683.21467286348	-22060.888325989246	-26342.026297032833	-68849.07313108444	-81138.05806201696	-73226.34181904793	-72291.2469842434	-24484.97157639265	-3089.685567855835
-4583.509473264217	-85366.71982258558	-80125.19485616684	-26195.06255376339	-26158.738524079323	-21845.571544468403	-23671.84619653225	-25110.931380450726	-24068.845429599285	-4452.464782476425	-26359.726768910885	-51763.02635240555	-23824.532280921936	-26798.343649804592	-68773.91160398722	-81479.26171511412	-73184.57827025652	-72481.28728622198	-25262.824521422386	-3931.1421184539795
-3657.808291375637	-85057.26035302877	-79881.43839514256	-23939.400000154972	-23930.387694716454	-22394.65375304222	-23652.888106286526	-24981.21542209387	-23770.56483578682	-4583.345826864243	-26264.35290235281	-52742.17416417599	-23575.776976644993	-26756.411933481693	-68569.85855907202	-81223.70485270023	-72980.62990826368	-72248.21503168344	-25239.512970268726	-4103.386186599731
-4726.579154729843	-84958.51325529814	-79803.18274706602	-23825.103628754616	-23830.802566051483	-21747.076271772385	-23727.905390203	-25026.627270579338	-23738.30803722143	-3564.7783772349358	-27827.747026503086	-51427.48622494936	-23626.92103379965	-26840.031070291996	-68416.27130192518	-81165.52259206772	-72847.75423634052	-72121.43253147602	-25203.952107667923	-4035.916566848755
-5062.637273967266	-83798.32357919216	-78832.77082711458	-25931.213169395924	-25929.864562869072	-21448.394623935223	-22685.549189150333	-24339.172821104527	-23031.389928519726	-3824.8798539042473	-27476.879673540592	-51999.70805066824	-21873.406737565994	-25908.01193600893	-67780.99737018347	-79799.04654824734	-72069.45191806555	-71127.07385206223	-24078.711010038853	-3257.0875911712646
-5401.096168756485	-82591.21372067928	-77896.38907057047	-23449.26217353344	-23483.346315085888	-21120.255145847797	-22204.44009488821	-23931.99273467064	-26511.175444841385	-4160.283143699169	-27116.771340966225	-49820.23109138012	-25184.953197836876	-25694.130343914032	-66817.53091168404	-78721.01121366024	-71113.7377332449	-70163.62619024515	-23755.950833141804	-3672.1949787139893
-5437.62938952446	-82507.23700851202	-77625.56197047234	-23289.6072999835	-23289.781761467457	-21142.314386427402	-22866.20550864935	-24249.852242708206	-27109.2843375206	-5284.903623342514	-25510.10553061962	-49879.19058269262	-26699.841848492622	-26108.515980362892	-66538.31633967161	-78806.65800434351	-70868.02582246065	-70120.5942376852	-24510.49222701788	-4685.895597457886
-4340.005775809288	-82538.80611646175	-77612.1854365468	-25466.249835968018	-25461.114212870598	-21677.836241602898	-22202.24970948696	-23958.494983017445	-22607.137876451015	-4160.774501502514	-27033.047559022903	-49906.572123885155	-21466.286809146404	-25462.000148653984	-66685.97424453497	-78603.63440603018	-70886.14576715231	-70063.35283601284	-23683.844319164753	-3476.7290058135986
-5507.015482842922	-82214.46708244085	-77291.14730161428	-25364.902194440365	-25364.642203509808	-20935.84796243906	-22153.014591813087	-23881.127973020077	-24305.382983148098	-4163.667430579662	-26901.208112180233	-49560.983220636845	-21459.28766876459	-25365.597977399826	-66380.1810618639	-78262.1707444787	-70564.99415504932	-69710.78575271368	-23525.61917924881	-3481.483346939087
-5643.214326322079	-81829.09401446581	-76957.85028159618	-25243.946364581585	-25214.231649160385	-21038.28442233801	-22758.765958726406	-24079.63538712263	-23077.426953792572	-5375.490083456039	-25249.884370923042	-49663.89584064484	-22857.032780230045	-25802.477799654007	-66046.48502928019	-77788.19357693195	-70281.26892745495	-69457.06652152538	-24213.956006407738	-3393.1807384490967
-5786.2840077877045	-81420.88744717836	-76635.83817249537	-22873.98743957281	-22886.295691132545	-20939.78914964199	-22814.825152397156	-23995.331277251244	-22746.88956141472	-4487.80367821455	-26717.904628515244	-49328.35571318865	-22659.421533107758	-25844.16522014141	-65688.84472721815	-77474.45445388556	-69944.44489353895	-69097.21176677942	-24155.083592653275	-3497.955186843872
-4855.666797280312	-80886.43316090107	-76048.93430739641	-25042.745578050613	-25038.675698041916	-21302.718561649323	-21877.718115866184	-23504.595931708813	-22167.79126805067	-4657.810052573681	-26543.534653306007	-50202.21331346035	-21030.04991644621	-24986.054071307182	-65413.845438718796	-77009.06602984667	-69525.3075041771	-68666.10744929314	-23254.272201657295	-3816.3750972747803
-5960.9708814024925	-80703.70935100317	-75699.85155922174	-24768.79433310032	-24745.526015758514	-20677.20032095909	-22614.500813543797	-23867.86728823185	-22733.643362164497	-4763.863082587719	-26500.26296710968	-48946.48486554623	-22596.08262425661	-25484.058844566345	-64981.043609559536	-77036.53055989742	-69146.71992146969	-68496.29299652576	-23973.252732932568	-4762.6060962677
-6635.487895429134	-78336.40981638432	-73793.05788272619	-24392.952877879143	-24398.06976479292	-20050.379195034504	-21091.035518229008	-22773.23275232315	-25506.51076978445	-5359.367849051952	-25789.28728157282	-47339.229731976986	-24154.11478829384	-24338.15811818838	-63382.30321931839	-74592.01918148994	-67412.70341837406	-66538.4866552949	-22525.25145840645	-4398.884508132935
-7020.675734460354	-77166.0835428834	-72532.50698465109	-23817.678143918514	-23801.019140839577	-19869.913198828697	-21701.420575737953	-22836.571294903755	-21742.224886357784	-5686.888383567333	-25390.420569121838	-46847.354353785515	-21628.58312356472	-24488.19299441576	-62253.617034852505	-73345.46242171526	-66243.41057866812	-65472.07223182917	-22924.38421791792	-4224.644716262817
-7128.649724245071	-76631.35161989927	-72115.31112223864	-21664.91384834051	-21651.797475218773	-19668.40540742874	-20445.131930172443	-22079.475005745888	-20163.66205650568	-6723.9432027339935	-23487.14006048441	-45949.4693852067	-19298.322610855103	-23727.0389868021	-61858.781394958496	-73107.71640992165	-66067.45709884167	-65094.98484104872	-21861.17230206728	-4111.071455001831
-7536.336755931377	-75513.71058732271	-70969.2558555007	-23394.17388600111	-23378.580626010895	-19494.795518875122	-21376.888982117176	-22382.672243595123	-21302.87827795744	-6183.9239346385	-24900.90766340494	-47142.99554336071	-21192.346230864525	-24012.24691706896	-60981.48822903633	-71750.89404553175	-64882.5723156929	-64074.82684510946	-22494.81210041046	-4564.290807723999
-7644.310745716095	-74978.97866433859	-70552.05999308825	-21241.409590423107	-21229.35896039009	-19293.287727475166	-20120.600336551666	-21625.575954437256	-19724.315448105335	-7220.9787538051605	-22997.627154767513	-46245.110574781895	-18862.085718154907	-23251.0929094553	-60586.65258914232	-71513.14803373814	-64706.61883586645	-63697.739454329014	-21431.600184559822	-4450.717546463013
-6813.705257773399	-74254.1931245923	-69748.67046493292	-22929.210552573204	-22909.83027601242	-19724.237136542797	-20893.589502453804	-22001.99440550804	-20878.62622588873	-6519.818582236767	-24457.075548887253	-45049.859616577625	-20785.226302444935	-23566.235129714012	-59886.46510338783	-70555.48190331459	-63699.26616477966	-63011.10582906008	-22099.94540953636	-4783.932222366333
-7980.7149648070335	-73929.8540905714	-69427.6323300004	-22827.86291104555	-22813.35826665163	-18982.24885737896	-20844.35438477993	-21924.627395510674	-22576.87133258581	-6522.711511313915	-24325.236102044582	-44704.270713329315	-20778.22716206312	-23469.832958459854	-59580.67192071676	-70214.01824176311	-63378.11455267668	-62658.53874576092	-21941.72026962042	-4788.686563491821
-6921.679247558117	-73719.46120160818	-69331.47460252047	-20776.4462569952	-20760.608610391617	-19522.72934514284	-19637.300856888294	-21244.898116350174	-19300.063396036625	-7556.873401403427	-22553.795040249825	-44151.97464799881	-18454.965789735317	-22805.081122100353	-59491.629463493824	-70317.73589152098	-63523.31268495321	-62634.01843827963	-21036.733493685722	-4670.358961105347
-8088.688954591751	-73395.12216758728	-69010.43646758795	-20675.09861546755	-20664.136601030827	-18780.741065979004	-19588.06573921442	-21167.531106352806	-20998.308502733707	-7559.766330480576	-22421.955593407154	-43806.3857447505	-18447.966649353504	-22708.678950846195	-59185.836280822754	-69976.2722299695	-63202.16107285023	-62281.45135498047	-20878.50835376978	-4675.113302230835
-8188.354577302933	-73093.7258117795	-68947.96654766798	-20713.797659158707	-20707.290600299835	-18861.118285298347	-19532.0516923666	-21048.179012417793	-19172.243580698967	-7646.968503713608	-22377.297662496567	-43850.33887344599	-18330.823110163212	-22731.173136651516	-59131.354820251465	-69416.64827173948	-63164.147756040096	-62070.76407635212	-20812.30378705263	-3573.1100749969482
-7329.366279244423	-72601.82016903162	-68185.41933578253	-22505.7062946558	-22487.39176118374	-19349.119456589222	-20569.057908833027	-21548.09535419941	-20439.279617488384	-7016.854133307934	-23967.562643170357	-45345.50080615282	-20348.98940974474	-23090.28905236721	-58614.33629757166	-68960.91352713108	-62338.42790180445	-61613.860442340374	-21670.373292028904	-5123.578313827515
-8363.04145091772	-72376.5477156043	-68011.97993439436	-22608.604552686214	-22566.520924925804	-18598.529456615448	-19331.72735351324	-20920.7150233984	-19158.997381448746	-7923.027908086777	-22159.656001091003	-43468.468025803566	-18267.484201312065	-22371.06676107645	-58423.55370259285	-68978.72437775135	-62366.42278397083	-61469.84530609846	-20630.472927331924	-4837.760984420776
-7437.3402690291405	-72067.0882460475	-67768.22347337008	-20352.941999077797	-20338.170095562935	-19147.611665189266	-19312.769263267517	-20790.999065041542	-18860.71678763628	-8053.908952474594	-22064.28213453293	-44447.615837574005	-18018.728897035122	-22329.13504475355	-58219.50065767765	-68723.16751533747	-62162.474421978	-61236.773051559925	-20607.161376178265	-5010.005052566528
-8506.111132383347	-71968.34114831686	-67689.96782529354	-20238.64562767744	-20238.584966897964	-18500.03418391943	-19387.78654718399	-20836.410913527012	-18828.459989070892	-7035.341502845287	-23627.676258683205	-43132.92789834738	-18069.872954189777	-22412.754181563854	-58065.913400530815	-68664.98525470495	-62029.598750054836	-61109.9905513525	-20571.60051357746	-4942.535432815552
-9109.187377393246	-70051.79682451487	-65929.54291111231	-21855.91359448433	-21846.785827934742	-18096.780089974403	-19782.37531119585	-20816.732174813747	-23777.999119222164	-7718.411929786205	-23213.315271437168	-42482.51722466946	-23473.05428159237	-22442.39309924841	-56582.79407817125	-66543.86667877436	-60225.823816001415	-59486.23964834213	-20941.352548778057	-5706.087724685669
-9217.161367177963	-69517.06490153074	-65512.347048699856	-19703.149298906326	-19697.564162313938	-17895.272298574448	-18526.08666563034	-20059.63588565588	-22199.43628937006	-8755.466748952866	-21310.03476279974	-41584.63225609064	-21142.79376888275	-21681.23909163475	-56187.958438277245	-66306.12066698074	-60049.870336174965	-59109.152257561684	-19878.140632927418	-5592.514463424683
-8289.405509591103	-69365.59071671963	-65080.54468113184	-21515.891061782837	-21499.730886995792	-18461.455115139484	-19711.991717875004	-20636.151454806328	-21273.92606371641	-7852.677261054516	-22902.3781760931	-43202.41716569662	-19498.63344824314	-22071.929016411304	-55941.39118343592	-65829.46934717894	-59473.13187581301	-58800.326956272125	-20687.709343731403	-5687.620161056519
-9565.815985441208	-68430.71534019709	-64522.623250722885	-19287.529438495636	-19294.078091979027	-17692.747061789036	-18474.706309378147	-19805.114920198917	-17837.04151326418	-7958.366803824902	-22517.833860695362	-41033.797386586666	-17102.373453497887	-21416.88833141327	-55338.486825823784	-64973.91711652279	-59126.289407253265	-58085.7697866559	-19522.731998562813	-4404.574052810669
-9602.349206209183	-68346.73862802982	-64251.79615062475	-19127.874564945698	-19100.513538360596	-17714.80630236864	-19136.471723139286	-20122.974428236485	-18435.150405943394	-9082.987283468246	-20911.16805034876	-41092.75687789917	-18617.262104153633	-21831.27396786213	-55059.27225381136	-65059.56390720606	-58880.57749646902	-58042.737834095955	-20277.27339243889	-5418.274671554565
-10069.226607739925	-66815.56737220287	-62824.66825646162	-20866.098361611366	-20859.124953746796	-17209.115748524666	-18925.309120237827	-19904.788275420666	-24612.64556545019	-8554.235057532787	-22148.130804359913	-40339.43358421326	-22622.69832009077	-21424.033063292503	-53909.84896403551	-63412.42249882221	-57360.527790009975	-56672.706162273884	-19958.688600480556	-6270.129571914673
-10800.207712113857	-64175.91143590212	-60419.29206287861	-20231.22014284134	-20208.801541686058	-16622.871110975742	-17361.301732718945	-18646.35493785143	-16832.376838207245	-9157.451509177685	-21190.349801301956	-38552.79602718353	-16071.53504395485	-20060.91610568762	-51903.25913345814	-60844.92508435249	-55425.25509238243	-54460.63025170565	-18292.032623827457	-5131.263582229614
-10377.917152523994	-62251.3039983511	-58477.58060759306	-19554.126512348652	-19545.497574090958	-16688.32200628519	-17792.9464533329	-18616.31233471632	-23309.70029658079	-9884.200807273388	-20725.272878408432	-38837.58003658056	-21343.10460627079	-20026.129121243954	-50270.568226754665	-59027.87360423803	-53455.545113146305	-52814.49437278509	-18704.67767459154	-7169.06316947937
-12908.620877981186	-56930.08202689886	-53591.86332678795	-15791.60597705841	-15791.234529733658	-14375.987692534924	-15059.81819075346	-16466.760304391384	-14144.281650781631	-12690.514827728271	-17490.59793883562	-33824.85514217615	-13757.087621867657	-17100.594395041466	-45889.17613816261	-55177.71684765816	-48623.097306251526	-48408.7902662158	-16475.953904807568	-12168.202407836914
-13424.28189945221	-55277.70907133818	-52028.61219763756	-15368.101719141006	-15368.796014904976	-14000.870012581348	-14735.286597132683	-16012.861253082752	-13704.935042381287	-13187.550378799438	-17001.085033118725	-34120.49633175135	-13320.850729167461	-16624.648317694664	-44617.04733234644	-53583.14847147465	-47262.25904327631	-47011.5448794961	-16046.38178730011	-12507.848499298096
-13273.907194077969	-55891.29844403267	-52555.777091264725	-17694.180859446526	-17657.51760482788	-14669.272005915642	-16052.641525685787	-16689.854360342026	-15103.865187644958	-11516.495589911938	-18614.377791166306	-33696.083519876	-15390.47453725338	-18165.151086747646	-45103.749992311	-52796.772581636906	-48238.375490009785	-47408.383244752884	-16708.133714199066	-6438.466798782349
-12701.650401294231	-54018.19160860777	-50808.02680706978	-14903.1383857131	-14900.045664906502	-14230.311630249023	-14251.98711746931	-15632.18341499567	-13280.682990312576	-13523.445026397705	-16557.252918601036	-32027.36040496826	-12913.730800747871	-16178.636530339718	-43522.02420669794	-52387.73632925749	-46078.95289236307	-45947.82386344671	-15651.51509642601	-12727.48991394043
-13868.660108327866	-53693.85257458687	-50486.98867213726	-14801.790744185448	-14803.573655545712	-13488.323351085186	-14202.751999795437	-15554.816404998302	-14978.928097009659	-13526.337955474854	-16425.413471758366	-31681.77150171995	-12906.731660366058	-16082.23435908556	-43216.23102402687	-52046.27266770601	-45757.801280260086	-45595.25678014755	-15493.289956510067	-12732.244255065918
-13968.325731039047	-53392.45621877909	-50424.51875221729	-14840.489787876606	-14846.72765481472	-13568.70057040453	-14146.737952947617	-15435.46431106329	-13152.863174974918	-13613.540128707886	-16380.755540847778	-31725.72463041544	-12789.588121175766	-16104.72854489088	-43161.74956345558	-51486.648709475994	-45719.787963449955	-45384.5695015192	-15427.08538979292	-11630.241027832031
-14143.012604653835	-52675.27812260389	-49488.53213894367	-16735.296681404114	-16705.95797944069	-13306.11174172163	-13946.413614094257	-15308.000322043896	-13139.616975724697	-13889.599533081055	-16163.113879442215	-31343.853782773018	-12726.24921232462	-15744.622169315815	-42453.94844579697	-51048.72481548786	-44922.06299138069	-44783.650731265545	-15245.254530072212	-12894.89193725586
-13217.311422765255	-52365.818653047085	-49244.77567791939	-14479.634127795696	-14477.60715007782	-13855.193950295448	-13927.455523848534	-15178.284363687038	-12841.336381912231	-14020.480577468872	-16067.74001288414	-32323.001594543457	-12477.493908047676	-15702.690452992916	-42249.89540088177	-50793.16795307398	-44718.114629387856	-44550.57847672701	-15221.942978918552	-13067.136005401611
-14286.082286119461	-52267.07155531645	-49166.52002984285	-14365.33775639534	-14378.02202141285	-13207.616469025612	-14002.472807765007	-15223.696212172508	-12809.079583346844	-13001.913127839565	-17631.134137034416	-31008.31365531683	-12528.637965202332	-15786.309589803219	-42096.30814373493	-50734.98569244146	-44585.238957464695	-44423.795976519585	-15186.382116317749	-12999.666385650635
-13582.597738862038	-51327.03507018089	-48208.689442396164	-16382.209010183811	-16343.890225172043	-14148.478263676167	-14920.27885878086	-15401.37841963768	-13800.919918775558	-12846.461339652538	-17191.519865214825	-32194.22997224331	-14110.8808234334	-16767.247144699097	-41464.469255030155	-48412.22368705273	-44333.392813146114	-43550.17145526409	-15454.122788310051	-7337.400396347046
-14997.132520914078	-49815.79530853033	-46988.89925324917	-13829.841427624226	-13837.001216828823	-12602.85458368063	-13140.772926211357	-14446.921184301376	-16180.055883646011	-14722.038373947144	-15313.492641150951	-29460.018013060093	-15601.558779895306	-15054.794499874115	-40218.35318148136	-48376.121104717255	-42605.51054358482	-42422.95768272877	-14492.922235667706	-13649.645416259766
-15345.787139177322	-48729.445747196674	-45999.1754552722	-13414.221567213535	-13433.515146493912	-12400.329346895218	-13089.392569959164	-14192.400218844414	-11817.66110754013	-13924.93842881918	-16521.291739046574	-28909.183143556118	-11561.13846451044	-14790.443739652634	-39368.8815690279	-47043.9175542593	-41681.929614663124	-41399.57521182299	-14137.5136013031	-12461.705005645752
-15382.320359945297	-48645.46903502941	-45728.348355174065	-13254.566693663597	-13239.95059287548	-12422.388587474823	-13751.157983720303	-14510.25972688198	-12415.770000219345	-15049.558908462524	-14914.62592869997	-28968.142634868622	-13076.027115166187	-15204.829376101494	-39089.666997015476	-47129.56434494257	-41436.21770387888	-41356.54325926304	-14892.054995179176	-13475.405624389648
-14542.636969208717	-48090.8056178689	-45103.814787745476	-15392.393777310848	-15356.229350984097	-13260.813922226429	-14063.212667822838	-14489.434520244598	-14635.566365003586	-13682.28446739912	-16126.33539813757	-30051.14633178711	-13260.5248619318	-15748.88710874319	-38791.52414089441	-45280.77950710058	-41468.096787154675	-40736.63796919584	-14471.45884001255	-7901.44224357605
-16580.17886584997	-44474.64184290171	-41895.84426742792	-14357.912271559238	-14348.238596200943	-11330.453396081924	-11975.987993299961	-13033.640236496925	-10812.996432483196	-15124.023134171963	-15193.807679653168	-26428.181784152985	-10530.300054967403	-13434.471513926983	-35933.653876662254	-42914.925522089005	-37980.89529979229	-37774.43567687273	-12906.814226567745	-13188.394535064697
-16631.14861214161	-40976.51889950037	-38500.850714206696	-13430.629227876663	-13401.996038079262	-11487.680813372135	-12144.167403280735	-12469.59540015459	-16671.340597867966	-15713.808013617992	-13949.2301004529	-25686.30920267105	-15104.99601995945	-13703.08721357584	-33120.70118421316	-38479.18376415968	-35450.51002448797	-34750.80538570881	-12488.427170872688	-9382.885251998901
-19053.878347814083	-36190.02885103226	-34032.32929581404	-11820.872988164425	-11796.954659342766	-9376.854291021824	-10667.327786266804	-11077.139658987522	-9084.48478192091	-17483.067214906216	-12617.835669517517	-21571.469276845455	-9849.239548265934	-11538.706494987011	-29134.144735515118	-34866.77301937342	-30794.015697419643	-30722.188669919968	-11322.915316939354	-14495.597751617432
-19161.8523375988	-35655.296928048134	-33615.133433401585	-9668.108692586422	-9647.732993721962	-9175.346499621868	-9411.039140701294	-10320.043369829655	-7505.921952068806	-18520.122034072876	-10714.555160880089	-20673.58430826664	-7518.979035556316	-10777.552487373352	-28739.30909562111	-34629.0270075798	-30618.062217593193	-30345.10127913952	-10259.703401088715	-14382.024490356445
-19677.513359069824	-34002.92397248745	-32051.882304251194	-9244.604434669018	-9225.29447889328	-8800.228819668293	-9086.507547080517	-9866.144318521023	-7066.575343668461	-19017.157585144043	-10225.042255163193	-20969.225497841835	-7082.742142856121	-10301.60641002655	-27467.180289804935	-33034.458631396294	-29257.223954617977	-28947.855892419815	-9830.131283581257	-14721.670581817627
-18954.881860911846	-32743.406509757042	-30831.296913683414	-8779.641101241112	-8756.544128894806	-9029.670437335968	-8603.208067417145	-9485.46648043394	-6642.3232915997505	-19353.05223274231	-9781.210140645504	-18876.08957105875	-6675.622214436531	-9855.594622671604	-26372.157164156437	-31839.046489179134	-28073.91780370474	-27884.13487637043	-9435.264592707157	-14941.311996459961
-20121.89156794548	-32419.06747573614	-30510.258778750896	-8678.293459713459	-8660.072119534016	-8287.68215817213	-8553.97294974327	-9408.099470436573	-8340.568398296833	-19355.945161819458	-9649.370693802834	-18530.50066781044	-6668.623074054718	-9759.192451417446	-26066.363981485367	-31497.58282762766	-27752.766191601753	-27531.56779307127	-9277.039452791214	-14946.06633758545
-20221.557190656662	-32117.67111992836	-30447.78885883093	-8716.992503404617	-8703.226118803024	-8368.059377491474	-8497.95890289545	-9288.74737650156	-6514.503476262093	-19443.14733505249	-9604.712762892246	-18574.453796505928	-6551.479534864426	-9781.686637222767	-26011.882520914078	-30937.95886939764	-27714.752874791622	-27320.88051444292	-9210.834886074066	-13844.063110351562
-19362.568892598152	-31625.76547718048	-29685.241646945477	-10508.90113890171	-10483.327279686928	-8856.060548782349	-9534.965119361877	-9788.663718283176	-7781.53951305151	-18813.032964646816	-11194.977743566036	-20069.61572921276	-8569.645834445953	-10140.802552938461	-25494.863998234272	-30482.224124789238	-26889.033020555973	-26863.976880431175	-10068.904391050339	-15394.531349182129
-20396.24406427145	-31400.493023753166	-29511.80224555731	-10611.799396932125	-10562.456443428993	-8105.470548808575	-8297.634564042091	-9161.283387482166	-6501.257277011871	-19719.20673942566	-9387.071101486683	-18192.582948863506	-6488.140626013279	-9421.580261647701	-25304.081403255463	-30500.034975409508	-26917.02790272236	-26719.961744189262	-9029.00402635336	-15108.71401977539
-19470.54288238287	-31091.033554196358	-29268.045784533024	-8356.136843323708	-8334.105614066124	-8654.552757382393	-8278.676473796368	-9031.567429125309	-6202.976683199406	-19850.087783813477	-9291.697234928608	-19171.730760633945	-6239.385321736336	-9379.648545324802	-25100.028358340263	-30244.478112995625	-26713.079540729523	-26486.889489650726	-9005.6924751997	-15280.958087921143
-20539.313745737076	-30992.28645646572	-29189.79013645649	-8241.840471923351	-8234.520485401154	-8006.9752761125565	-8353.693757712841	-9076.979277610779	-6170.719884634018	-18831.52033418417	-10855.091359078884	-17857.042821407318	-6290.529378890991	-9463.267682135105	-24946.441101193428	-30186.29585236311	-26580.203868806362	-26360.106989443302	-8970.131612598896	-15213.488468170166
-21250.363980531693	-28541.010209679604	-27012.169359862804	-7706.344143152237	-7693.499680817127	-7402.213390767574	-7491.993876159191	-8300.204249739647	-9541.696184933186	-20551.645580291748	-8537.44986319542	-16308.747179150581	-9363.450193583965	-8731.752592206001	-23068.486138939857	-27827.4312646389	-24600.47545492649	-24359.268695652485	-8276.671731948853	-15863.467498779297
-20322.608122944832	-28389.53602486849	-26580.36699229479	-9519.085906028748	-9495.666405498981	-7968.396207332611	-8677.898928403854	-8876.719818890095	-8616.185959279537	-19648.8560923934	-10129.793276488781	-17926.53208875656	-7719.289872944355	-9122.442516982555	-22821.91888409853	-27350.779944837093	-24023.736994564533	-24050.443394362926	-9086.240442752838	-15958.573196411133
-20430.58211272955	-27854.804101884365	-26163.171129882336	-7366.321610450745	-7346.444739878178	-7766.888415932655	-7421.610282838345	-8119.623529732227	-7037.623129427433	-20685.91091156006	-8226.512767851353	-17028.647120177746	-5389.029360234737	-8361.288509368896	-22427.08324420452	-27113.03393304348	-23847.783514738083	-23673.356003582478	-8023.028526902199	-15844.999935150146
-20530.24773544073	-27553.407746076584	-26100.701209962368	-7405.020654141903	-7389.598739147186	-7847.265635251999	-7365.596235990524	-8000.2714357972145	-5211.558207392693	-20773.11308479309	-8181.854836940765	-17072.600248873234	-5271.885821044445	-8383.782695174217	-22372.601783633232	-26553.40997481346	-23809.77019792795	-23462.66872495413	-7956.823960185051	-14742.99670791626
-21599.018598794937	-27454.660648345947	-26022.445561885834	-7290.724282741547	-7290.013610482216	-7199.6881539821625	-7440.613519906998	-8045.683284282684	-5179.301408827305	-19754.545635163784	-9745.248961091042	-15757.912309646606	-5323.0298781991005	-8467.40183198452	-22219.014526486397	-26495.227714180946	-23676.89452600479	-23335.886224746704	-7921.263097584248	-14675.527088165283
-21635.551819562912	-27370.683936178684	-25751.6184617877	-7131.069409191608	-7096.449056863785	-7221.747394561768	-8102.378933668137	-8363.542792320251	-5777.410301506519	-20879.16611480713	-8138.583150744438	-15816.87180095911	-6837.918528854847	-8881.78746843338	-21939.799954473972	-26580.874504864216	-23431.182615220547	-23292.854272186756	-8675.804491460323	-15689.22770690918
-20704.93460905552	-26836.22964990139	-25164.714596688747	-9299.82754766941	-9248.829063773155	-7584.676806569099	-7165.271897137165	-7872.807446777821	-5198.312008142471	-21049.17248916626	-7964.213175535202	-16690.729401230812	-5208.546912193298	-8023.676319599152	-21664.800665974617	-26115.48608082533	-23012.04522585869	-22861.74995470047	-7774.993100464344	-16007.647617340088
-20848.004290521145	-26428.023082613945	-24842.70248758793	-6929.868622660637	-6920.893105745316	-7486.181533873081	-7221.331090807915	-7788.503336906433	-4867.774615764618	-20161.48608392477	-9432.233433127403	-16355.189273774624	-5010.935665071011	-8065.3637400865555	-21307.160363912582	-25801.74695777893	-22675.22119194269	-22501.89519995451	-7716.120686709881	-16112.422065734863
-21559.05452531576	-23976.746835827827	-22665.081710994244	-6394.372293889523	-6379.872301161289	-6881.419648528099	-6359.631209254265	-7011.728309035301	-8238.750916063786	-21881.61133003235	-7114.591937243938	-14806.893631517887	-8083.856479763985	-7333.848650157452	-19429.205401659012	-23442.882370054722	-20695.49277806282	-20501.056906163692	-7022.660806059837	-16762.401096343994
-22833.410325467587	-23199.85674405098	-21919.114374041557	-8234.41498708725	-8204.737060189247	-6129.812203168869	-6327.208943247795	-6886.923301935196	-4174.6367337703705	-20953.630340516567	-8417.764901697636	-13276.910950243473	-4292.191468656063	-7111.429606258869	-18783.78683412075	-22366.23568201065	-19975.860211133957	-19710.746689796448	-6690.563722848892	-15402.216617584229
-21907.709143579006	-22890.39727449417	-21675.357913017273	-5978.752433478832	-5976.386230826378	-6678.894411742687	-6308.250853002071	-6757.207343578339	-3876.356139957905	-21084.511384904385	-8322.39103513956	-14256.058762013912	-4043.43616437912	-7069.49788993597	-18579.73378920555	-22110.678819596767	-19771.91184914112	-19477.67443525791	-6667.252171695232	-15574.46068572998
-21944.24236434698	-22806.420562326908	-21404.53081291914	-5819.097559928894	-5782.821677207947	-6700.953652322292	-6970.01626676321	-7075.066851615906	-4474.465032637119	-22209.13186454773	-6715.725224792957	-14315.018253326416	-5558.324815034866	-7483.8835263848305	-18300.519217193127	-22196.325610280037	-19526.199938356876	-19434.642482697964	-7421.793565571308	-16588.161304473877
-22411.119765877724	-21275.249306499958	-19977.402918756008	-7557.3213565945625	-7541.433092594147	-6195.263098478317	-6758.853663861752	-6856.880698800087	-10651.960192143917	-21680.37963861227	-7952.6879788041115	-13561.694959640503	-9563.761030972004	-7076.642621815205	-17151.09592741728	-20549.18420189619	-18006.15023189783	-18064.610810875893	-7103.208773612976	-17440.016204833984
-22519.09375566244	-20740.517383515835	-19560.207056343555	-5404.55706101656	-5392.211426973343	-5993.7553070783615	-5502.565018296242	-6099.7844096422195	-9073.397362291813	-22717.43445777893	-6049.407470166683	-12663.809991061687	-7233.500518262386	-6315.488614201546	-16756.26028752327	-20311.438190102577	-17830.19675207138	-17687.523420095444	-6039.996857762337	-17326.442943572998
-22904.28159469366	-19570.191110014915	-18299.65615826845	-4829.282327055931	-4795.1608030200005	-5813.289310872555	-6112.950075805187	-6163.122952222824	-5309.111478865147	-23044.95499229431	-5650.540757715702	-12171.934612870216	-4707.968853533268	-6465.523490428925	-15627.574103057384	-19064.881430327892	-16660.903912365437	-16621.108996629715	-6439.1296172738075	-17152.20315170288
-23142.100870251656	-18635.593370199203	-17572.026725172997	-6922.443137824535	-6891.109680533409	-5609.018460929394	-5194.846276342869	-5598.44736123085	-2871.6914649009705	-22283.596090257168	-6994.906975746155	-11775.057402610779	-3012.5977548360825	-5713.5256642103195	-15144.506096839905	-17981.68678742647	-16070.877534270287	-15852.534900307655	-5436.552796959877	-16301.150215148926
-23178.63409101963	-18551.61665803194	-17301.199625074863	-6762.788264274597	-6697.545126914978	-5631.077701508999	-5856.611690104008	-5916.306869268417	-3469.800357580185	-23408.216569900513	-5388.241165399551	-11834.016893923283	-4527.486405491829	-6127.91130065918	-14865.29152482748	-18067.33357810974	-15825.165623486042	-15809.502947747707	-6191.094190835953	-17314.850833892822
-24102.140100598335	-15399.36391788721	-14467.152070522308	-5932.627904951572	-5903.448806345463	-4721.354119479656	-4337.780085384846	-4686.503461837769	-3706.337911128998	-23119.41921800375	-5929.7225086688995	-9631.97376215458	-2162.241793334484	-4695.165628254414	-12471.560982704163	-14850.242607474327	-13205.581508278847	-13039.001414239407	-4453.888848662376	-16865.19206237793
-24138.67332136631	-15315.387205719948	-14196.324970424175	-5772.973031401634	-5709.884252727032	-4743.413360059261	-4999.545499145985	-5004.362969875336	-4304.446803808212	-24244.039697647095	-4323.056698322296	-9690.933253467083	-3677.1304439902306	-5109.551264703274	-12192.346410691738	-14935.889398157597	-12959.869597494602	-12995.969461679459	-5208.430242538452	-17878.892681121826
-24238.33894407749	-15013.990849912167	-14133.855050504208	-5811.6720750927925	-5753.03825199604	-4823.790579378605	-4943.531452298164	-4885.010875940323	-2478.381881773472	-24331.241870880127	-4278.398767411709	-9734.886382162571	-3559.986904799938	-5132.0454505085945	-12137.864950120449	-14376.265439927578	-12921.856280684471	-12785.28218305111	-5142.225675821304	-16776.88945388794
-25307.109807431698	-14915.24375218153	-14055.599402427673	-5697.375703692436	-5653.45312333107	-4176.2130981087685	-5018.548736214638	-4930.422724425793	-2446.125083208084	-23312.67442125082	-5841.792891561985	-8420.198442935944	-3611.1309619545937	-5215.664587318897	-11984.277692973614	-14318.083179295063	-12788.98060876131	-12658.499682843685	-5106.664813220501	-16709.419834136963
-24381.408625543118	-14605.784282624722	-13811.842941403389	-3441.7131500840187	-3425.1022939682007	-4725.295306682587	-4999.590645968914	-4800.706766068935	-2147.8444893956184	-23443.555465638638	-5746.41902500391	-9399.346254706383	-3362.3756576776505	-5173.732870995998	-11780.224648058414	-14062.52631688118	-12585.032246768475	-12425.427428305149	-5083.353262066841	-16881.663902282715
-24556.095499157906	-13888.606186449528	-12875.856328129768	-5336.5200436115265	-5284.33261859417	-4462.706477999687	-4799.266307115555	-4673.2427770495415	-2134.598290145397	-23719.614870011806	-5528.777363598347	-9017.475407063961	-3299.0367488265038	-4813.626495420933	-11072.4235303998	-13624.602422893047	-11787.307274699211	-11824.50865805149	-4901.522402346134	-18146.314811706543
-25822.77082890272	-13262.870796620846	-12492.348273277283	-5273.871445775032	-5231.014608502388	-3801.0954181551933	-4694.017142593861	-4476.523673117161	-2006.7784748077393	-23809.709972321987	-5352.279985845089	-8715.839632511139	-3174.8940692543983	-4739.7185099720955	-10712.14888715744	-12723.514803111553	-11428.142345786095	-11261.254296123981	-4677.092695713043	-17049.065925598145
-24992.793237626553	-12455.904391646385	-11696.692084729671	-2867.517777621746	-2840.9274901151657	-4040.156202018261	-4193.904811263084	-4143.283832132816	-7344.8857117295265	-25076.478538513184	-3473.4354600310326	-7807.097483754158	-6552.440011560917	-4419.723595261574	-9956.751146376133	-12263.28568738699	-10643.317149698734	-10635.276413142681	-4456.0979481339455	-18633.646160125732
-25100.139330744743	-12003.353333890438	-11271.762882709503	-4808.908112347126	-4762.264258503914	-4030.5370358228683	-4210.717662930489	-4095.845835030079	-1582.526422739029	-24145.604619920254	-4908.4478713274	-6622.703705728054	-2767.7741408348083	-4293.706722617149	-9617.125761508942	-11528.102660894394	-10244.836194872856	-10197.533280074596	-4282.2260048389435	-17268.70734024048
-25198.37817442417	-11777.761397600174	-11028.98039585352	-4821.85684221983	-4765.377377808094	-3936.1262379288673	-4086.4652613401413	-3973.066976547241	-3313.028328001499	-25167.06499862671	-3213.2143003344536	-7591.802741706371	-2709.63094329834	-4113.685414552689	-9464.919835984707	-11244.821259975433	-10056.560254693031	-9971.74869698286	-4159.561727523804	-17340.931301116943
-26267.149037778378	-11679.014299869537	-10950.724747776985	-4707.560470819473	-4665.792249143124	-3288.548756659031	-4161.482545256615	-4018.478825032711	-3280.7715294361115	-24148.497548997402	-4776.60842448473	-6277.114802479744	-2760.7750004529953	-4197.304551362991	-9311.332578837872	-11186.638999342918	-9923.68458276987	-9844.966196775436	-4124.000864923	-17273.461681365967
-25341.447855889797	-11369.554830312729	-10706.9682867527	-2451.8979172110558	-2437.4414197802544	-3837.630965232849	-4142.524455010891	-3888.7628666758537	-2982.490935623646	-24279.37859338522	-4681.234557926655	-7256.262614250183	-2512.019696176052	-4155.3728350400925	-9107.279533922672	-10931.082136929035	-9719.736220777035	-9611.8939422369	-4100.6893137693405	-17445.70574951172
-25516.134729504585	-10652.376734137535	-9770.98167347908	-4346.7048107385635	-4296.671744406223	-3575.0421365499496	-3942.2001161575317	-3761.29887765646	-2969.2447363734245	-24555.43799775839	-4463.5928965210915	-6874.391766607761	-2448.6807873249054	-3795.266459465027	-8399.478416264057	-10493.158242940903	-8922.011248707771	-9010.975171983242	-3918.8584540486336	-18710.356658935547
-25615.800352215767	-10350.980378329754	-9708.511753559113	-4385.403854429722	-4339.825743675232	-3655.419355869293	-3886.1860693097115	-3641.946783721447	-1143.179814338684	-24642.64017099142	-4418.934965610504	-6918.344895303249	-2331.537248134613	-3817.7606452703476	-8344.996955692768	-9933.534284710884	-8883.99793189764	-8800.287893354893	-3852.6538873314857	-17608.35343170166
-26782.8100592494	-10026.641344308853	-9387.473618626595	-4284.056212902069	-4243.353734314442	-2913.431076705456	-3836.9509516358376	-3564.579773724079	-2841.4249210357666	-24645.53310006857	-4287.095518767834	-6572.755992054939	-2324.5381077528	-3721.3584740161896	-8039.203773021698	-9592.070623159409	-8562.846319794655	-8447.720810055733	-3694.4287474155426	-17613.10777282715
-26190.651743531227	-8285.07719951868	-7864.187996983528	-3970.8633555173874	-3949.215493440628	-2948.2210106253624	-2418.734820842743	-2666.664341747761	-5742.112143993378	-25150.942764222622	-3752.61721098423	-5267.136633038521	-4006.712951362133	-2649.365733087063	-6800.738026022911	-8048.646864533424	-7187.9947456121445	-7053.168830752373	-2470.8571795225143	-18346.63507080078
-26060.178561091423	-8767.123881578445	-8166.888228058815	-3819.092879474163	-3774.6033843159676	-3142.872694373131	-3353.6514719724655	-3183.901935636997	-2417.1728689670563	-24981.427747666836	-3843.263404250145	-4479.620065271854	-1917.41817933321	-3275.3466866612434	-6944.1806473731995	-8396.65848094225	-7379.540168881416	-7383.999794006348	-3299.562056541443	-17832.749187469482
-26227.184964299202	-8201.100487351418	-7593.360896885395	-3811.208481967449	-3755.650939822197	-2970.2802512049675	-3080.500234603882	-2984.523849785328	-6340.221036672592	-26275.563243865967	-2145.9514006376266	-5326.096124351025	-5521.6016020178795	-3063.751369535923	-6521.523454010487	-8134.293655216694	-6942.2828348279	-7010.136878192425	-3225.39857339859	-19360.335689544678
-26575.839582562447	-7114.750926017761	-6603.637098908424	-3395.588621556759	-3352.1648694872856	-2767.7550144195557	-3029.1198783516884	-2730.0028843283653	-1977.8262605667114	-25478.463298738003	-3353.750498533249	-4775.26125484705	-1481.1812866330147	-2799.4006093144417	-5672.051841557026	-6802.0901047587395	-6018.7019059062	-5986.754407286644	-2869.989939033985	-18172.395278930664
-27286.889817357063	-4663.474679231644	-4426.016322314739	-2860.0922927856445	-2811.1440649032593	-2162.9931290745735	-2167.4199967980385	-1953.2278564572334	-5348.802560865879	-27198.58854484558	-1036.109002649784	-3226.965612590313	-4554.102101325989	-2067.885519385338	-3794.0968793034554	-4443.225517034531	-4038.973492026329	-3985.9161134958267	-2176.5300583839417	-18822.374309539795
-28355.66068071127	-4564.727581501007	-4347.760674238205	-2745.7959213852882	-2711.558936238289	-1515.415647804737	-2242.437280714512	-1998.6397049427032	-5316.545762300491	-26180.021095216274	-2599.5031268000603	-1912.2776733636856	-4605.246158480644	-2151.5046561956406	-3640.50962215662	-4385.043256402016	-3906.0978201031685	-3859.1336132884026	-2140.9691957831383	-18754.90468978882
-27429.95949882269	-4255.268111944199	-4104.004213213921	-490.1333677768707	-483.2081068754196	-2064.4978563785553	-2223.479190468788	-1868.923746585846	-5018.265168488026	-26310.90213960409	-2504.1292602419853	-2891.4254851341248	-4356.490854203701	-2109.5729398727417	-3436.4565772414207	-4129.4863939881325	-3702.1494581103325	-3626.0613587498665	-2117.6576446294785	-18927.14875793457
-27604.646372437477	-3538.090015769005	-3168.0175999403	-2384.9402613043785	-2342.4384315013885	-1801.9090276956558	-2023.154851615429	-1741.459757566452	-5005.018969237804	-26586.96154397726	-2286.487598836422	-2509.554637491703	-4293.151945352554	-1749.466564297676	-2728.6554595828056	-3691.5625	-2904.424486041069	-3025.142588496208	-1935.8267849087715	-20191.7996673584
-27704.31199514866	-3236.6936599612236	-3105.5476800203323	-2423.639304995537	-2385.592430770397	-1882.2862470149994	-1967.1408047676086	-1622.1076636314392	-3178.954047203064	-26674.163717210293	-2241.8296679258347	-2553.507766187191	-4176.008406162262	-1771.9607501029968	-2674.1739990115166	-3131.9385417699814	-2866.411169230938	-2814.455309867859	-1869.6222181916237	-19089.79644012451
-28871.321702182293	-2912.354625940323	-2784.5095450878143	-2322.291663467884	-2289.120421409607	-1140.297967851162	-1917.9056870937347	-1544.7406536340714	-4877.1991539001465	-26677.05664628744	-2109.990221083164	-2207.918862938881	-4169.009265780449	-1675.5585788488388	-2368.3808163404465	-2790.474880218506	-2545.2595571279526	-2461.888226568699	-1711.3970782756805	-19094.55078125
-28148.690204024315	-1652.8371632099152	-1563.9241545200348	-1857.328330039978	-1820.3700714111328	-1369.739585518837	-1434.6062074303627	-1164.0628155469894	-4452.947101831436	-27012.951293885708	-1666.1581065654755	-114.78293615579605	-3761.889337360859	-1229.5467914938927	-1273.357690691948	-1595.0627380013466	-1361.953406214714	-1398.1672105193138	-1316.5303874015808	-19314.192195892334
-28664.35122549534	-0.46420764923095703	-0.673025369644165	-1433.8240721225739	-1397.9315565824509	-994.6219055652618	-1110.0746138095856	-710.1637642383575	-4013.6004934310913	-27509.986844956875	-1176.6452008485794	-410.42412573099136	-3325.6524446606636	-753.6007141470909	-1.2288848757743835	-0.4943618178367615	-1.1151432394981384	-0.9218237996101379	-886.9582698941231	-19653.838287353516
