AML_sample_name	Method	Precision	Recall	F1
AML_01_001	COMPASS	0.25	0.5	0.3333333333333333
AML_01_001	GATK	0.1666666666666666	0.5	0.24999999999999992
AML_01_001	Mutect2	0.0	0.0	0.0
AML_01_001	PHALCON	0.3333333333333333	0.5	0.4
AML_02_001	COMPASS	0.0	0.0	0.0
AML_02_001	GATK	0.0	0.0	0.0
AML_02_001	Mutect2	0.75	0.5	0.6
AML_02_001	PHALCON	0.6666666666666666	0.3333333333333333	0.4444444444444444
AML_03_001	COMPASS	0.2	0.3333333333333333	0.25
AML_03_001	GATK	0.2	0.3333333333333333	0.25
AML_03_001	Mutect2	0.0	0.0	0.0
AML_03_001	PHALCON	0.5	0.3333333333333333	0.4
AML_04_001	COMPASS	0.125	0.1666666666666666	0.14285714285714282
AML_04_001	GATK	0.0909090909090909	0.1666666666666666	0.11764705882352938
AML_04_001	Mutect2	1.0	0.1666666666666666	0.28571428571428564
AML_04_001	PHALCON	0.375	0.5	0.42857142857142855
AML_05_001	COMPASS	0.0416666666666666	0.2	0.06896551724137923
AML_05_001	GATK	0.081081081081081	0.6	0.14285714285714274
AML_05_001	Mutect2	0.0666666666666666	0.4	0.11428571428571419
AML_05_001	PHALCON	0.5	0.4	0.4444444444444445
AML_06_001	COMPASS	1.0	0.6666666666666666	0.8
AML_06_001	GATK	0.6666666666666666	0.6666666666666666	0.6666666666666666
AML_06_001	Mutect2	0.5	0.3333333333333333	0.4
AML_06_001	PHALCON	0.6666666666666666	0.6666666666666666	0.6666666666666666
AML_07_001	COMPASS	0.3333333333333333	0.5	0.4
AML_07_001	GATK	0.2	0.5	0.28571428571428575
AML_07_001	Mutect2	0.0	0.0	0.0
AML_07_001	PHALCON	0.6666666666666666	1.0	0.8
AML_08_001	COMPASS	0.0	0.0	0.0
AML_08_001	GATK	0.0	0.0	0.0
AML_08_001	Mutect2	0.6666666666666666	1.0	0.8
AML_08_001	PHALCON	0.3333333333333333	0.5	0.4
AML_10_001	COMPASS	0.0	0.0	0.0
AML_10_001	GATK	0.08	0.6666666666666666	0.14285714285714285
AML_10_001	Mutect2	0.1818181818181818	0.6666666666666666	0.2857142857142857
AML_10_001	PHALCON	0.6666666666666666	0.6666666666666666	0.6666666666666666
AML_11_001	COMPASS	0.0	0.0	0.0
AML_11_001	GATK	0.0909090909090909	0.5	0.15384615384615383
AML_11_001	Mutect2	0.1111111111111111	0.25	0.15384615384615383
AML_11_001	PHALCON	0.5	0.5	0.5
AML_12_001	COMPASS	0.6666666666666666	0.4	0.5
AML_12_001	GATK	0.5	0.4	0.4444444444444445
AML_12_001	Mutect2	0.0	0.0	0.0
AML_12_001	PHALCON	0.5	0.6	0.5454545454545454
AML_13_001	COMPASS	0.0	0.0	0.0
AML_13_001	GATK	0.0	0.0	0.0
AML_13_001	Mutect2	0.5	0.5	0.5
AML_13_001	PHALCON	0.4	1.0	0.5714285714285715
AML_14_001	COMPASS	0.8571428571428571	0.6	0.7058823529411764
AML_14_001	GATK	0.75	0.6	0.6666666666666665
AML_14_001	Mutect2	1.0	0.1	0.18181818181818182
AML_14_001	PHALCON	0.8571428571428571	0.6	0.7058823529411764
AML_15_001	COMPASS	0.5	0.6666666666666666	0.5714285714285715
AML_15_001	GATK	0.3333333333333333	0.6666666666666666	0.4444444444444444
AML_15_001	Mutect2	0.3333333333333333	0.3333333333333333	0.3333333333333333
AML_15_001	PHALCON	1.0	0.6666666666666666	0.8
AML_16_001	COMPASS	0.0	0.0	0.0
AML_16_001	GATK	0.0	0.0	0.0
AML_16_001	Mutect2	0.0	0.0	0.0
AML_16_001	PHALCON	0.0	0.0	0.0
AML_17_001	COMPASS	0.5	0.6666666666666666	0.5714285714285715
AML_17_001	GATK	0.2857142857142857	0.6666666666666666	0.4
AML_17_001	Mutect2	0.25	0.3333333333333333	0.28571428571428575
AML_17_001	PHALCON	0.5	0.6666666666666666	0.5714285714285715
AML_18_001	COMPASS	0.5	0.3333333333333333	0.4
AML_18_001	GATK	0.4	0.3333333333333333	0.3636363636363636
AML_18_001	Mutect2	1.0	0.2	0.33333333333333337
AML_18_001	PHALCON	0.6666666666666666	0.3333333333333333	0.4444444444444444
AML_19_001	COMPASS	0.25	0.5	0.3333333333333333
AML_19_001	GATK	0.2	0.5	0.28571428571428575
AML_19_001	Mutect2	1.0	0.5	0.6666666666666666
AML_19_001	PHALCON	0.3333333333333333	0.5	0.4
AML_20_001	COMPASS	0.0	0.0	0.0
AML_20_001	GATK	0.0	0.0	0.0
AML_20_001	Mutect2	0.0	0.0	0.0
AML_20_001	PHALCON	0.0	0.0	0.0
AML_21_001	COMPASS	0.0	0.0	0.0
AML_21_001	GATK	0.0	0.0	0.0
AML_21_001	Mutect2	0.0	0.0	0.0
AML_21_001	PHALCON	0.0	0.0	0.0
AML_22_001	COMPASS	0.2222222222222222	0.2857142857142857	0.25
AML_22_001	GATK	0.1818181818181818	0.2857142857142857	0.2222222222222222
AML_22_001	Mutect2	1.0	0.1428571428571428	0.2499999999999999
AML_22_001	PHALCON	0.1666666666666666	0.1428571428571428	0.15384615384615377
AML_23_001	COMPASS	1.0	0.75	0.8571428571428571
AML_23_001	GATK	0.6	0.75	0.6666666666666665
AML_23_001	Mutect2	0.5	0.25	0.3333333333333333
AML_23_001	PHALCON	1.0	0.75	0.8571428571428571
AML_24_001	COMPASS	0.0	0.0	0.0
AML_24_001	GATK	0.0	0.0	0.0
AML_24_001	Mutect2	0.0	0.0	0.0
AML_24_001	PHALCON	0.0	0.0	0.0
AML_25_001	COMPASS	0.2	0.2	0.20000000000000004
AML_25_001	GATK	0.125	0.2	0.15384615384615385
AML_25_001	Mutect2	0.5	0.75	0.6
AML_25_001	PHALCON	0.25	0.2	0.22222222222222224
AML_26_001	COMPASS	0.625	0.8333333333333334	0.7142857142857143
AML_26_001	GATK	0.625	0.8333333333333334	0.7142857142857143
AML_26_001	Mutect2	0.3333333333333333	0.1666666666666666	0.22222222222222218
AML_26_001	PHALCON	1.0	0.8333333333333334	0.9090909090909091
AML_27_001	COMPASS	0.6666666666666666	0.2857142857142857	0.4
AML_27_001	GATK	0.5	0.2857142857142857	0.36363636363636365
AML_27_001	Mutect2	0.5	0.1666666666666666	0.24999999999999992
AML_27_001	PHALCON	0.6666666666666666	0.2857142857142857	0.4
AML_28_001	COMPASS	0.0	0.0	0.0
AML_28_001	GATK	0.1666666666666666	0.3333333333333333	0.22222222222222218
AML_28_001	Mutect2	0.5	0.3333333333333333	0.4
AML_28_001	PHALCON	0.6666666666666666	0.6666666666666666	0.6666666666666666
AML_29_001	COMPASS	0.0	0.0	0.0
AML_29_001	GATK	0.25	0.2	0.22222222222222224
AML_29_001	Mutect2	0.5	0.3333333333333333	0.4
AML_29_001	PHALCON	1.0	0.4	0.5714285714285715
AML_30_001	COMPASS	0.5	0.3333333333333333	0.4
AML_30_001	GATK	0.3333333333333333	0.3333333333333333	0.3333333333333333
AML_30_001	Mutect2	0.0	0.0	0.0
AML_30_001	PHALCON	0.8	0.6666666666666666	0.7272727272727272
AML_31_001	COMPASS	0.25	0.25	0.25
AML_31_001	GATK	0.1428571428571428	0.25	0.18181818181818177
AML_31_001	Mutect2	0.0	0.0	0.0
AML_31_001	PHALCON	0.5	0.25	0.3333333333333333
AML_32_001	COMPASS	0.2	0.5	0.28571428571428575
AML_32_001	GATK	0.1428571428571428	0.5	0.22222222222222215
AML_32_001	Mutect2	0.6666666666666666	1.0	0.8
AML_32_001	PHALCON	0.5	0.5	0.5
AML_33_001	COMPASS	0.0	0.0	0.0
AML_33_001	GATK	0.0	0.0	0.0
AML_33_001	Mutect2	1.0	0.5	0.6666666666666666
AML_33_001	PHALCON	1.0	0.25	0.4
AML_34_001	COMPASS	0.3333333333333333	0.25	0.28571428571428575
AML_34_001	GATK	0.3333333333333333	0.25	0.28571428571428575
AML_34_001	Mutect2	0.0	0.0	0.0
AML_34_001	PHALCON	0.5	0.25	0.3333333333333333
AML_35_001	COMPASS	0.2	0.25	0.22222222222222224
AML_35_001	GATK	0.1666666666666666	0.25	0.19999999999999993
AML_35_001	Mutect2	0.0	0.0	0.0
AML_35_001	PHALCON	0.5	0.5	0.5
AML_36_001	COMPASS	0.0	0.0	0.0
AML_36_001	GATK	0.0	0.0	0.0
AML_36_001	Mutect2	0.0	0.0	0.0
AML_36_001	PHALCON	0.0	0.0	0.0
AML_37_001	COMPASS	0.5	1.0	0.6666666666666666
AML_37_001	GATK	0.5	1.0	0.6666666666666666
AML_37_001	Mutect2	0.3333333333333333	0.5	0.4
AML_37_001	PHALCON	0.5	1.0	0.6666666666666666
AML_38_001	COMPASS	0.6666666666666666	0.6	0.631578947368421
AML_38_001	GATK	0.5454545454545454	0.6	0.5714285714285713
AML_38_001	Mutect2	1.0	0.4	0.5714285714285715
AML_38_001	PHALCON	0.7777777777777778	0.7	0.7368421052631577
AML_39_001	COMPASS	0.1666666666666666	0.25	0.19999999999999993
AML_39_001	GATK	0.125	0.25	0.16666666666666666
AML_39_001	Mutect2	1.0	0.5	0.6666666666666666
AML_39_001	PHALCON	0.3333333333333333	0.25	0.28571428571428575
AML_40_001	COMPASS	0.0	0.0	0.0
AML_40_001	GATK	0.0	0.0	0.0
AML_40_001	Mutect2	0.0	0.0	0.0
AML_40_001	PHALCON	0.0	0.0	0.0
AML_41_001	COMPASS	0.2	0.2	0.20000000000000004
AML_41_001	GATK	0.2857142857142857	0.4	0.3333333333333333
AML_41_001	Mutect2	0.0	0.0	0.0
AML_41_001	PHALCON	0.75	0.6	0.6666666666666665
AML_42_001	COMPASS	0.12	0.5	0.1935483870967742
AML_42_001	GATK	0.1162790697674418	0.8333333333333334	0.20408163265306112
AML_42_001	Mutect2	0.0714285714285714	0.3333333333333333	0.11764705882352937
AML_42_001	PHALCON	0.5	0.6666666666666666	0.5714285714285715
AML_43_001	COMPASS	0.6666666666666666	0.4	0.5
AML_43_001	GATK	0.4	0.4	0.4000000000000001
AML_43_001	Mutect2	0.0	0.0	0.0
AML_43_001	PHALCON	0.6666666666666666	0.4	0.5
AML_44_001	COMPASS	0.2222222222222222	0.6666666666666666	0.3333333333333333
AML_44_001	GATK	0.2222222222222222	0.6666666666666666	0.3333333333333333
AML_44_001	Mutect2	0.4	1.0	0.5714285714285715
AML_44_001	PHALCON	0.3333333333333333	0.6666666666666666	0.4444444444444444
AML_45_001	COMPASS	0.3	0.6	0.4
AML_45_001	GATK	0.2727272727272727	0.6	0.37499999999999994
AML_45_001	Mutect2	0.5	0.25	0.3333333333333333
AML_45_001	PHALCON	0.75	0.6	0.6666666666666665
AML_46_001	COMPASS	0.0	0.0	0.0
AML_46_001	GATK	0.081081081081081	1.0	0.14999999999999988
AML_46_001	Mutect2	0.15	1.0	0.2608695652173913
AML_46_001	PHALCON	0.5	1.0	0.6666666666666666
AML_47_001	COMPASS	0.5	1.0	0.6666666666666666
AML_47_001	GATK	0.3333333333333333	1.0	0.5
AML_47_001	Mutect2	0.5	1.0	0.6666666666666666
AML_47_001	PHALCON	0.6666666666666666	1.0	0.8
AML_48_001	COMPASS	0.0	0.0	0.0
AML_48_001	GATK	0.0	0.0	0.0
AML_48_001	Mutect2	1.0	0.3333333333333333	0.5
AML_48_001	PHALCON	0.5	0.3333333333333333	0.4
AML_49_001	COMPASS	0.6	1.0	0.7499999999999999
AML_49_001	GATK	0.6	1.0	0.7499999999999999
AML_49_001	Mutect2	1.0	0.6666666666666666	0.8
AML_49_001	PHALCON	0.6666666666666666	0.6666666666666666	0.6666666666666666
AML_50_001	COMPASS	0.0	0.0	0.0
AML_50_001	GATK	0.0	0.0	0.0
AML_50_001	Mutect2	0.5	0.25	0.3333333333333333
AML_50_001	PHALCON	0.0	0.0	0.0
AML_51_001	COMPASS	0.5	0.6	0.5454545454545454
AML_51_001	GATK	0.5	0.6	0.5454545454545454
AML_51_001	Mutect2	0.5	0.2	0.28571428571428575
AML_51_001	PHALCON	0.6	0.6	0.6
AML_52_001	COMPASS	0.25	0.3333333333333333	0.28571428571428575
AML_52_001	GATK	0.25	0.3333333333333333	0.28571428571428575
AML_52_001	Mutect2	0.6666666666666666	0.6666666666666666	0.6666666666666666
AML_52_001	PHALCON	0.5	0.3333333333333333	0.4
AML_53_001	COMPASS	0.1666666666666666	0.2	0.18181818181818177
AML_53_001	GATK	0.125	0.2	0.15384615384615385
AML_53_001	Mutect2	0.0	0.0	0.0
AML_53_001	PHALCON	0.3333333333333333	0.2	0.25
AML_54_001	COMPASS	0.0	0.0	0.0
AML_54_001	GATK	0.0	0.0	0.0
AML_54_001	Mutect2	0.0	0.0	0.0
AML_54_001	PHALCON	0.0	0.0	0.0
AML_55_001	COMPASS	0.1428571428571428	0.1666666666666666	0.15384615384615377
AML_55_001	GATK	0.125	0.1666666666666666	0.14285714285714282
AML_55_001	Mutect2	0.25	0.1666666666666666	0.19999999999999993
AML_55_001	PHALCON	0.1666666666666666	0.1666666666666666	0.1666666666666666
AML_56_001	COMPASS	0.0	0.0	0.0
AML_56_001	GATK	0.0	0.0	0.0
AML_56_001	Mutect2	0.0	0.0	0.0
AML_56_001	PHALCON	0.0	0.0	0.0
AML_57_001	COMPASS	0.5	0.25	0.3333333333333333
AML_57_001	GATK	0.25	0.25	0.25
AML_57_001	Mutect2	0.5	0.25	0.3333333333333333
AML_57_001	PHALCON	1.0	0.25	0.4
AML_58_001	COMPASS	0.0	0.0	0.0
AML_58_001	GATK	0.0	0.0	0.0
AML_58_001	Mutect2	1.0	0.1428571428571428	0.2499999999999999
AML_58_001	PHALCON	0.5	0.1428571428571428	0.22222222222222215
AML_60_001	COMPASS	0.0	0.0	0.0
AML_60_001	GATK	0.0	0.0	0.0
AML_60_001	Mutect2	0.0	0.0	0.0
AML_60_001	PHALCON	0.0	0.0	0.0
AML_61_001	COMPASS	0.375	0.6	0.4615384615384615
AML_61_001	GATK	0.3333333333333333	0.6	0.42857142857142855
AML_61_001	Mutect2	0.0	0.0	0.0
AML_61_001	PHALCON	1.0	0.8	0.888888888888889
AML_62_001	COMPASS	0.2	0.25	0.22222222222222224
AML_62_001	GATK	0.2857142857142857	0.5	0.36363636363636365
AML_62_001	Mutect2	0.75	0.75	0.75
AML_62_001	PHALCON	1.0	0.75	0.8571428571428571
AML_63_001	COMPASS	0.0	0.0	0.0
AML_63_001	GATK	0.1666666666666666	0.3333333333333333	0.22222222222222218
AML_63_001	Mutect2	0.0	0.0	0.0
AML_63_001	PHALCON	0.6666666666666666	0.6666666666666666	0.6666666666666666
AML_64_001	COMPASS	0.0	0.0	0.0
AML_64_001	GATK	0.0	0.0	0.0
AML_64_001	Mutect2	0.25	0.1666666666666666	0.19999999999999993
AML_64_001	PHALCON	1.0	0.1666666666666666	0.28571428571428564
AML_65_001	COMPASS	0.5	1.0	0.6666666666666666
AML_65_001	GATK	0.3333333333333333	1.0	0.5
AML_65_001	Mutect2	0.0	0.0	0.0
AML_65_001	PHALCON	0.0	0.0	0.0
AML_67_001	COMPASS	0.1739130434782608	0.3076923076923077	0.22222222222222218
AML_67_001	GATK	0.2368421052631578	0.6923076923076923	0.35294117647058815
AML_67_001	Mutect2	0.2	0.3076923076923077	0.24242424242424246
AML_67_001	PHALCON	0.8461538461538461	0.8461538461538461	0.8461538461538461
AML_68_001	COMPASS	0.3333333333333333	0.4	0.3636363636363636
AML_68_001	GATK	0.375	0.6	0.4615384615384615
AML_68_001	Mutect2	0.0	0.0	0.0
AML_68_001	PHALCON	0.75	0.6	0.6666666666666665
AML_69_001	COMPASS	0.5	0.5	0.5
AML_69_001	GATK	0.4	0.5	0.4444444444444445
AML_69_001	Mutect2	0.3333333333333333	0.25	0.28571428571428575
AML_69_001	PHALCON	0.6666666666666666	0.5	0.5714285714285715
AML_70_001	COMPASS	0.0	0.0	0.0
AML_70_001	GATK	0.3333333333333333	0.3333333333333333	0.3333333333333333
AML_70_001	Mutect2	0.5	0.3333333333333333	0.4
AML_70_001	PHALCON	0.25	0.3333333333333333	0.28571428571428575
AML_71_001	COMPASS	0.0625	0.125	0.08333333333333333
AML_71_001	GATK	0.2413793103448276	0.875	0.3783783783783784
AML_71_001	Mutect2	0.2777777777777778	0.8333333333333334	0.4166666666666667
AML_71_001	PHALCON	0.75	0.75	0.75
AML_72_001	COMPASS	0.0	0.0	0.0
AML_72_001	GATK	0.1212121212121212	1.0	0.21621621621621623
AML_72_001	Mutect2	0.1333333333333333	0.5	0.21052631578947364
AML_72_001	PHALCON	0.6666666666666666	1.0	0.8
AML_73_001	COMPASS	0.3333333333333333	0.1666666666666666	0.22222222222222218
AML_73_001	GATK	0.25	0.1666666666666666	0.19999999999999993
AML_73_001	Mutect2	0.5	0.1666666666666666	0.24999999999999992
AML_73_001	PHALCON	0.6666666666666666	0.3333333333333333	0.4444444444444444
AML_74_001	COMPASS	0.5714285714285714	0.8	0.6666666666666666
AML_74_001	GATK	0.5714285714285714	0.8	0.6666666666666666
AML_74_001	Mutect2	1.0	0.2	0.33333333333333337
AML_74_001	PHALCON	0.3333333333333333	0.2	0.25
AML_75_001	COMPASS	0.1666666666666666	0.0909090909090909	0.11764705882352938
AML_75_001	GATK	0.1666666666666666	0.0909090909090909	0.11764705882352938
AML_75_001	Mutect2	0.5	0.0909090909090909	0.15384615384615383
AML_75_001	PHALCON	0.6	0.2727272727272727	0.37499999999999994
AML_76_001	COMPASS	0.3333333333333333	0.1666666666666666	0.22222222222222218
AML_76_001	GATK	0.3333333333333333	0.3333333333333333	0.3333333333333333
AML_76_001	Mutect2	0.25	0.1666666666666666	0.19999999999999993
AML_76_001	PHALCON	1.0	0.3333333333333333	0.5
AML_77_001	COMPASS	0.0	0.0	0.0
AML_77_001	GATK	0.08	0.2857142857142857	0.125
AML_77_001	Mutect2	0.2666666666666666	0.5714285714285714	0.3636363636363636
AML_77_001	PHALCON	0.8571428571428571	0.8571428571428571	0.8571428571428571
AML_80_001	COMPASS	0.1333333333333333	0.6666666666666666	0.22222222222222218
AML_80_001	GATK	0.12	1.0	0.21428571428571425
AML_80_001	Mutect2	0.1052631578947368	0.6666666666666666	0.18181818181818174
AML_80_001	PHALCON	0.75	1.0	0.8571428571428571
AML_81_001	COMPASS	0.0	0.0	0.0
AML_81_001	GATK	0.0	0.0	0.0
AML_81_001	Mutect2	0.0	0.0	0.0
AML_81_001	PHALCON	0.0	0.0	0.0
AML_82_001	COMPASS	0.1176470588235294	0.4	0.1818181818181818
AML_82_001	GATK	0.1333333333333333	0.8	0.22857142857142854
AML_82_001	Mutect2	0.1578947368421052	0.6	0.24999999999999992
AML_82_001	PHALCON	0.8333333333333334	1.0	0.9090909090909091
AML_83_001	COMPASS	0.0	0.0	0.0
AML_83_001	GATK	0.0357142857142857	0.5	0.06666666666666664
AML_83_001	Mutect2	0.0869565217391304	1.0	0.15999999999999995
AML_83_001	PHALCON	0.5	1.0	0.6666666666666666
AML_84_001	COMPASS	0.0	0.0	0.0
AML_84_001	GATK	0.0769230769230769	0.6	0.13636363636363633
AML_84_001	Mutect2	0.1666666666666666	0.6	0.26086956521739124
AML_84_001	PHALCON	0.5	0.6	0.5454545454545454
AML_86_001	COMPASS	0.0833333333333333	0.25	0.12499999999999996
AML_86_001	GATK	0.0869565217391304	0.5	0.1481481481481481
AML_86_001	Mutect2	0.04	0.25	0.06896551724137932
AML_86_001	PHALCON	0.6	0.75	0.6666666666666665
AML_87_001	COMPASS	0.0588235294117647	0.3333333333333333	0.09999999999999998
AML_87_001	GATK	0.0666666666666666	0.6666666666666666	0.1212121212121211
AML_87_001	Mutect2	0.1428571428571428	0.6666666666666666	0.23529411764705874
AML_87_001	PHALCON	0.2857142857142857	0.6666666666666666	0.4
AML_88_001	COMPASS	0.0	0.0	0.0
AML_88_001	GATK	0.05	0.3333333333333333	0.08695652173913045
AML_88_001	Mutect2	0.0476190476190476	0.3333333333333333	0.0833333333333333
AML_88_001	PHALCON	0.3333333333333333	0.3333333333333333	0.3333333333333333
AML_90_001	COMPASS	0.125	0.2	0.15384615384615385
AML_90_001	GATK	0.2333333333333333	0.7	0.35
AML_90_001	Mutect2	0.5833333333333334	0.7	0.6363636363636365
AML_90_001	PHALCON	1.0	0.6	0.7499999999999999
AML_91_001	COMPASS	0.1875	0.3333333333333333	0.24000000000000005
AML_91_001	GATK	0.2307692307692307	0.6666666666666666	0.3428571428571428
AML_91_001	Mutect2	0.0869565217391304	0.2222222222222222	0.12499999999999997
AML_91_001	PHALCON	0.7	0.7777777777777778	0.7368421052631577
AML_92_001	COMPASS	0.125	0.25	0.16666666666666666
AML_92_001	GATK	0.1923076923076923	0.625	0.2941176470588235
AML_92_001	Mutect2	0.2727272727272727	0.75	0.39999999999999997
AML_92_001	PHALCON	0.8571428571428571	0.75	0.7999999999999999
AML_93_001	COMPASS	0.0	0.0	0.0
AML_93_001	GATK	0.0588235294117647	0.5	0.10526315789473682
AML_93_001	Mutect2	0.1052631578947368	1.0	0.1904761904761904
AML_93_001	PHALCON	0.3333333333333333	0.5	0.4
AML_94_001	COMPASS	0.0714285714285714	0.25	0.11111111111111108
AML_94_001	GATK	0.16	1.0	0.2758620689655173
AML_94_001	Mutect2	0.0	0.0	0.0
AML_94_001	PHALCON	0.8	1.0	0.888888888888889
AML_95_001	COMPASS	0.0	0.0	0.0
AML_95_001	GATK	0.0	0.0	0.0
AML_95_001	Mutect2	0.0	0.0	0.0
AML_95_001	PHALCON	0.0	0.0	0.0
AML_98_001	COMPASS	0.0769230769230769	0.125	0.09523809523809522
AML_98_001	GATK	0.125	0.375	0.1875
AML_98_001	Mutect2	0.1818181818181818	0.5	0.26666666666666666
AML_98_001	PHALCON	0.6666666666666666	0.5	0.5714285714285715
AML_99_001	COMPASS	0.0	0.0	0.0
AML_99_001	GATK	0.05	0.2	0.08000000000000002
AML_99_001	Mutect2	0.0	0.0	0.0
AML_99_001	PHALCON	0.4	0.4	0.4000000000000001
