-9383.755695998669	-8920.303357839584	-9543.517925918102	-755.9550887942314	-9216.108322322369	-1945.6789821982384	-2726.946846485138	-9004.237006008625	-8782.586356759071	-1244.8563264608383	-9261.964165687561	-4404.339228093624	-1214.7591722607613	-1690.0439964532852	-2738.3883739709854	-8974.764274060726	-2670.429334938526	-2607.737653553486	-1941.2706727981567	-9402.129908025265	-2072.927103161812	-2208.6848041415215	-4941.380406200886	-8935.334616065025	-9344.918685495853	-3540.340485870838	-1328.5332106351852	-838.0620757937431	-9535.396073758602	-144.35298293828964	-1303.3563487529755	-8831.314304351807	-9260.576429784298	-2207.602559030056	-7866.496728003025	-4750.707722961903	-4534.428811788559	-9152.821610867977	-9329.025226771832	-2068.6189955472946	-3100.5672739744186	-9083.689961969852	-1755.0430276989937	-1230.2387403845787	-1230.3303565979004	-2050.1939712166786	-1256.5649443864822	-4795.516920685768	-9054.633274495602	-9231.659046888351
-8773.612964987755	-8195.302825510502	-8849.967873573303	-1449.2582240700722	-8631.606689989567	-2616.1636641025543	-3454.357727766037	-8195.314957261086	-9465.781409859657	-1893.8679694533348	-8696.046399116516	-3652.410151362419	-1940.3742997050285	-2402.622813105583	-3426.01592284441	-8362.567019343376	-3390.6920988559723	-3313.564017355442	-2642.8971548080444	-8594.984286308289	-2787.613712847233	-1483.7875471711159	-5631.166544556618	-8313.898648381233	-8674.022347211838	-2853.305584192276	-2030.2705058455467	-149.56647658348083	-8838.874124109745	-824.9147379994392	-2004.5629377961159	-8149.061292111874	-8590.875390589237	-1595.4822768568993	-7301.078435063362	-5476.701149940491	-3881.717540740967	-8450.145726442337	-8654.944511532784	-2735.4190571904182	-3772.2396607995033	-8408.487905800343	-2446.6841120123863	-1893.486001431942	-1897.2921839356422	-1369.860150873661	-1958.9476222395897	-5504.879263460636	-8324.624325037003	-8585.483723044395
-8622.109360992908	-8206.938074529171	-8728.266122221947	-206.73217111825943	-8569.723066031933	-1264.6661386489868	-3453.3320782780647	-8368.103689074516	-8010.331938922405	-2004.5472972989082	-8460.30610102415	-5179.496158957481	-1941.6299400925636	-2440.1808604598045	-3450.192841410637	-8320.150028944016	-3409.0441275835037	-3384.131230354309	-2713.197645306587	-8769.430513501167	-1418.31990981102	-2982.9618879556656	-4345.4400779008865	-8308.429453372955	-8590.13718611002	-4267.260304272175	-2066.053432404995	-1596.6131572127342	-8820.782458364964	-840.313705265522	-1989.276540517807	-8257.245282649994	-8472.02980685234	-2943.238494515419	-7130.711094677448	-4115.3757365345955	-5253.8756385445595	-8489.240299284458	-8679.551130354404	-1461.2989639639854	-3810.1796070337296	-8381.171370506287	-2491.317613899708	-1955.3491564393044	-1947.4367419481277	-2748.376515686512	-2039.3708552718163	-4106.462739229202	-8358.812246978283	-8524.525766909122
-8496.70295625925	-8041.124996066093	-8654.944585084915	-1711.7772037386894	-8058.195910215378	-2968.90799587965	-3765.7467749118805	-7921.674325168133	-7893.668775141239	-2214.0059099793434	-8172.462380707264	-3508.424037396908	-2209.114270031452	-2697.6832627654076	-3770.454096853733	-7960.288769483566	-3750.088671565056	-3633.005056321621	-2929.1730822324753	-8360.161326766014	-2988.8050085902214	-3203.8259705901146	-5968.597499072552	-7857.142931222916	-8369.69808936119	-4501.4756635427475	-2364.417911350727	-1820.4352060556412	-8452.028886854649	-1145.7195394039154	-200.6936196088791	-7833.050507366657	-8245.275005578995	-3183.1777327656746	-6841.341487169266	-5774.447916686535	-3616.663151681423	-8237.846769750118	-8426.067030787468	-3120.4451545476913	-4078.6748405098915	-8162.2896121144295	-2795.3431639671326	-192.49353951215744	-2216.1054904460907	-3042.212121963501	-221.3646530508995	-5814.96918129921	-8177.253598809242	-8451.53946185112
-8179.887056589127	-8007.77158677578	-8659.644565343857	-1777.4977704286575	-8167.232486903667	-2974.708546280861	-3709.1749190092087	-8044.136754870415	-8005.654240429401	-2283.548874437809	-8329.36487263441	-3387.3725682497025	-2209.673326730728	-2733.1035672426224	-3789.8527119755745	-7894.622579455376	-3700.3983345627785	-3635.6514916419983	-2938.9940823316574	-8375.570989727974	-3075.5593205094337	-3224.281728565693	-5994.264326751232	-7995.405464351177	-8477.48717391491	-2492.492879807949	-2365.2027923464775	-1903.620996773243	-8681.254235684872	-1146.5491319298744	-2318.088764190674	-7876.539449632168	-8258.875189900398	-3228.8833914399147	-6669.442198216915	-5781.366867780685	-3569.1583265662193	-8209.285515010357	-8258.663859069347	-3058.4535068273544	-4136.747008800507	-8014.476146638393	-2727.674629688263	-2250.624821305275	-233.91273361444473	-1001.0972959399223	-2284.2055277228355	-5806.992802619934	-8043.425892472267	-8326.424279153347
-8329.815358638763	-8052.243156313896	-8459.375104427338	-1869.1439467072487	-8147.9765625	-997.0289942622185	-3796.8812710642815	-8055.438827812672	-7478.366274476051	-198.506410241127	-8056.692786455154	-5418.954533278942	-197.52813774347305	-2736.313534080982	-3843.722534239292	-7993.848729491234	-3764.630981683731	-3694.36750549078	-3032.8709720373154	-8412.498002767563	-991.8442015051842	-3266.4640481472015	-3893.870736539364	-7945.029686689377	-8279.935963511467	-4640.435130059719	-2402.0592623353004	-1912.0229578018188	-8419.19205904007	-1218.8470895290375	-2413.6363328695297	-7861.1401027441025	-8272.70028090477	-3279.4091940522194	-6832.521259725094	-3817.7471656799316	-5596.765185654163	-8170.224002659321	-8333.660458505154	-907.6059265136719	-4194.1572107076645	-8085.119460940361	-2860.7802016735077	-2314.8208951354027	-2300.7549627423286	-3054.531007528305	-2308.489382982254	-3855.3839149475098	-8041.93423974514	-8185.521957814693
-8326.056597411633	-7768.814437747002	-8279.383918642998	-1838.180635213852	-8050.244255125523	-2979.932050704956	-1838.672425687313	-8039.830446660519	-7792.790669322014	-2357.127891123295	-8267.35561543703	-5534.684324324131	-2359.873855948448	-2634.5876051187515	-1719.9023224115372	-8062.944799363613	-1762.2521667480469	-1754.508550286293	-2994.5241770744324	-8373.229379594326	-3158.421672821045	-3320.154139995575	-3666.5900762081146	-7782.274641871452	-8345.259902060032	-4619.266737341881	-2426.0831232070923	-1932.2641680836678	-8347.310516893864	-1108.5069999694824	-2439.10968708992	-7855.677004814148	-8141.519788205624	-3312.1717965602875	-6705.453892171383	-3630.811046361923	-5624.500312209129	-8121.660448014736	-8214.139157772064	-3121.926182091236	-1897.9005410671234	-8038.276486754417	-623.6552069783211	-2281.537514448166	-2332.901400566101	-3151.7450810670853	-2435.3838564157486	-3763.615426361561	-8083.6045860648155	-8079.722264409065
-8310.723427891731	-7776.315789461136	-8225.704746425152	-2009.2718519568443	-8118.656190693378	-3211.6396065354347	-3958.4484290480614	-7842.837166368961	-7505.019885420799	-2521.5220994353294	-8131.618078291416	-3203.7200068831444	-2491.644754111767	-2959.930619060993	-4020.2690896987915	-7840.513181447983	-3947.3251925706863	-3867.840217292309	-621.5682956576347	-7994.027179181576	-3368.139013648033	-1002.094217300415	-6237.723272681236	-7853.810420870781	-8029.6695647239685	-2196.3392447829247	-239.2424151301384	-2137.155691742897	-8220.787867546082	-1400.2532326579094	-2610.9805064201355	-7820.061184108257	-8131.870364010334	-969.2367177009583	-6579.6807779073715	-6056.996393978596	-3183.7599190473557	-7869.410876750946	-8013.029281139374	-3329.219282209873	-4417.308497607708	-7854.855518639088	-3041.3114268779755	-2451.203351557255	-2492.029421031475	-3350.5160527825356	-2515.2623988986015	-6068.912376821041	-7940.641919076443	-7917.05078458786
-8011.966629981995	-7481.9375422000885	-8034.716069877148	-900.0353063941002	-7985.221433699131	-1935.1508205533028	-4180.742959558964	-7559.181640326977	-8693.526992022991	-2653.5589402914047	-7894.388334453106	-4427.567082226276	-2667.245067536831	-3152.7596771121025	-4137.820390284061	-7707.9527742266655	-4129.30689150095	-4089.9575941562653	-3414.824127316475	-7962.284891784191	-2133.006519496441	-2258.06463098526	-5035.2262162566185	-7686.993485689163	-7919.240847826004	-3580.2254025936127	-2767.7907276153564	-908.1175580024719	-8124.260508716106	-1520.8754603266716	-2690.4831295609474	-7574.992270410061	-7802.32876765728	-2331.1182123422623	-6565.292801737785	-4841.369163513184	-4601.164367496967	-7786.564414858818	-8005.470415115356	-2128.099025607109	-4481.851993858814	-7705.969314336777	-3182.9586982131004	-2618.5964174866676	-2614.3985692858696	-2068.0426953434944	-2741.7535331249237	-4815.82508200407	-7628.803297519684	-7878.3504430651665
-7944.833462178707	-7577.338581621647	-8174.982148230076	-2293.9473504424095	-7884.911585748196	-3379.1703307032585	-1377.067350924015	-7719.236203730106	-7150.248683929443	-2708.491865515709	-7919.678279340267	-5887.930846393108	-2720.946186065674	-333.54426860809326	-1390.8275294303894	-7575.765893161297	-1368.5109390616417	-1342.201462984085	-2816.5352816581726	-8086.809363782406	-3549.8356150388718	-3618.0990800261497	-3578.5404999256134	-7821.553321003914	-7957.145069420338	-5043.856382966042	-2807.6158354878426	-2328.1193769574165	-8159.508910953999	-1636.3631938099861	-2799.9051070809364	-7422.793059468269	-7834.563807606697	-3687.0028893351555	-9339.914679586887	-3368.433283984661	-5914.2418531775475	-7759.01136893034	-7883.609111845493	-3554.30907535553	-1560.8842871189117	-7793.677979528904	-2524.354324221611	-2635.27379822731	-2693.59495139122	-3487.3836104869843	-2704.4815369844437	-3331.12037140131	-7609.795860350132	-7706.539766132832
-7886.560225248337	-7316.124463737011	-7961.394532740116	-2405.08033901453	-7473.694277882576	-3639.392677783966	-4493.1576561927795	-7112.752276420593	-8576.863828241825	-2863.01755297184	-7606.544614136219	-2756.494960665703	-2934.7293974757195	-3410.2620794177055	-4458.081645727158	-7348.091514766216	-4470.351435482502	-4338.831420123577	-3630.799564242363	-7553.015705049038	-3703.4916182756424	-2478.928713619709	-6658.383637428284	-7235.7069635391235	-7698.801751077175	-3814.4407618641853	-3066.1552065610886	-1131.9396068453789	-7755.5069372057915	-1826.281294465065	-901.9002086520195	-7150.797495126724	-7575.573966383934	-2571.057450592518	-6275.923194229603	-6500.441343665123	-2963.951880633831	-7535.170885324478	-7751.98631554842	-3787.245216190815	-4750.347227334976	-7487.08755594492	-3486.984248280525	-855.7408005595207	-2883.0673177838326	-2361.8783016204834	-923.747330904007	-6524.331524074078	-7447.244649350643	-7805.364138007164
-7569.744325578213	-7282.771054446697	-7966.094512999058	-2470.8009057044983	-7582.730854570866	-3645.193228185177	-4436.585800290108	-7235.214706122875	-8688.849293529987	-2932.5605174303055	-7763.447106063366	-2635.4434915184975	-2935.2884541749954	-3445.6823838949203	-4477.480260848999	-7282.425324738026	-4420.661098480225	-4341.4778554439545	-3640.620564341545	-7568.425368010998	-3790.2459301948547	-2499.3844715952873	-6684.050465106964	-7373.969496667385	-7806.590835630894	-1805.457978129387	-3066.940087556839	-1215.1253975629807	-7984.732286036015	-1827.110886991024	-3019.2953532338142	-7194.286437392235	-7589.1741507053375	-2616.763109266758	-6104.023905277252	-6507.3602947592735	-2916.447055518627	-7506.609630584717	-7584.583143830299	-3725.253568470478	-4808.419395625591	-7339.2740904688835	-3419.3157140016556	-2913.8720823526382	-900.8745609521866	-320.76347559690475	-2986.588205575943	-6516.355145394802	-7313.416943013668	-7680.248955309391
-7735.05662125349	-7327.75971275568	-7839.69278138876	-1162.5542860627174	-7411.810653924942	-2287.8951523303986	-4492.132006704807	-7285.541008234024	-7121.414357304573	-2973.6968808174133	-7370.804316043854	-4283.580968260765	-2935.9850378632545	-3447.820126771927	-4482.258564293385	-7305.674524366856	-4488.703464210033	-4409.398633122444	-3701.1000547409058	-7727.461932241917	-2334.1978152394295	-3978.1030544042587	-5372.6571707725525	-7230.237768530846	-7614.916589975357	-5228.395481944084	-3101.938133120537	-2578.9862874746323	-7737.41527146101	-1841.6802617311478	-886.6138113737106	-7258.9814856648445	-7456.7283826470375	-3918.8136682510376	-6105.555853843689	-5139.115930259228	-4336.109978437424	-7574.265458166599	-7776.592934370041	-2513.125122964382	-4788.287173569202	-7459.771020650864	-3531.6177501678467	-917.6039555668831	-2933.211875796318	-3740.3946664333344	-1004.1705639362335	-5125.914999842644	-7481.4325712919235	-7744.406181871891
-7418.240721583366	-7294.406303465366	-7844.392761647701	-1228.2748527526855	-7520.847230613232	-2293.6957027316093	-4435.5601508021355	-7408.003437936306	-7233.399822592735	-3043.239845275879	-7527.706807971001	-4162.52949911356	-2936.5440945625305	-3483.2404312491417	-4501.657179415226	-7240.008334338665	-4439.013127207756	-4412.0450684428215	-3710.921054840088	-7742.8715952038765	-2420.952127158642	-3998.558812379837	-5398.323998451233	-7368.500301659107	-7722.705674529076	-3219.4126982092857	-3102.7230141162872	-2662.172078192234	-7966.640620291233	-1842.5098542571068	-3004.0089559555054	-7302.470427930355	-7470.328566968441	-3964.5193269252777	-5933.656564891338	-5146.034881353378	-4288.60515332222	-7545.704203426838	-7609.18976265192	-2451.1334752440453	-4846.3593418598175	-7311.957555174828	-3463.949215888977	-2975.7352373600006	-951.0191189646721	-1699.2798404097557	-3067.0114386081696	-5117.938621163368	-7347.604864954948	-7619.290999174118
-7719.67262762785	-7327.242623984814	-7765.825052082539	-2562.4470819830894	-7563.474930167198	-1667.5136761665344	-4524.2921523451805	-7246.516779065132	-8161.561327576637	-847.5180532336235	-7490.7750198841095	-4667.025456547737	-923.1432651877403	-3448.89235073328	-4531.350083112717	-7381.651474773884	-4484.893745601177	-4400.193869292736	-3734.497454047203	-7605.352381050587	-1706.5308111906052	-2541.566791176796	-4583.656874895096	-7323.593719005585	-7609.039625227451	-3953.400228381157	-3103.796557545662	-1223.5273585915565	-7722.6701093912125	-1899.408844590187	-3114.84292191267	-7178.8870905041695	-7602.999241709709	-2667.2889118790627	-6267.102966785431	-4543.74059265852	-4944.053914606571	-7467.548118233681	-7659.579743266106	-1574.4059881567955	-4865.829597532749	-7409.917404770851	-3552.4212859869003	-2978.068156182766	-2967.7167900800705	-2374.1971871852875	-3010.8720608353615	-4564.746257722378	-7311.925290286541	-7539.3466339707375
-7715.913866400719	-7043.813905417919	-7585.833866298199	-2531.4837704896927	-7465.742622792721	-3650.416732609272	-2566.083306968212	-7230.908397912979	-8475.9857224226	-3006.1395341157913	-7701.437848865986	-4782.755247592926	-3085.4889833927155	-3347.1664217710495	-2407.5298712849617	-7450.747544646263	-2482.514930665493	-2460.334914088249	-3696.15065908432	-7566.08375787735	-3873.108282506466	-2595.2568830251694	-4356.376214563847	-7160.83867418766	-7674.363563776016	-3932.2318356633186	-3127.8204184174538	-1243.7685688734055	-7650.788567245007	-1789.068755030632	-3140.3162761330605	-7173.423992574215	-7471.818749010563	-2700.0515143871307	-6140.03559923172	-4356.804473340511	-4971.789041161537	-7418.984563589096	-7540.058442533016	-3788.7262437343597	-2569.572927892208	-7363.0744305849075	-1315.2962912917137	-2944.784775495529	-2999.863227903843	-2471.4112607240677	-3137.766534268856	-4472.977769136429	-7353.595636606216	-7433.546940565109
-7568.169023633003	-7338.877873003483	-7644.123300731182	-1319.9210290312767	-7501.591306209564	-316.0161507129669	-4523.266502857208	-7419.305510878563	-6706.111856639385	-958.1973810791969	-7255.034721791744	-6194.111464142799	-924.3989055752754	-3486.4503980875015	-4555.527001678944	-7339.234484374523	-4503.245774328709	-4470.761082291603	-3804.797944545746	-7779.798608243465	-337.23700815439224	-4040.7411319613457	-3297.9304082393646	-7318.124523997307	-7525.154464125633	-5367.354948461056	-3139.57948410511	-2670.57403922081	-7704.578443646431	-1914.8078118562698	-3099.5565246343613	-7287.07108104229	-7484.153657972813	-4015.0451295375824	-6096.735626399517	-3182.4151792526245	-6316.212012410164	-7506.642691075802	-7684.186362087727	-300.2858949303627	-4903.769543766975	-7382.600869476795	-3597.054787874222	-3039.9313111901283	-3017.861348092556	-3752.7135519981384	-3091.295293867588	-3166.329733490944	-7346.113212227821	-7478.3886778354645
-7564.410262405872	-7055.449154436588	-7464.132114946842	-1288.95771753788	-7403.858998835087	-2298.9192071557045	-2565.05765748024	-7403.69712972641	-7020.536251485348	-3116.8188619613647	-7465.697550773621	-6309.841255187988	-3086.7446237802505	-3384.724469125271	-2431.7067898511887	-7408.3305542469025	-2500.8669593930244	-2530.9021270871162	-3766.451149582863	-7740.529985070229	-2503.814479470253	-4094.431223809719	-3070.6497479081154	-7155.369479179382	-7590.478402674198	-5346.1865557432175	-3163.603344976902	-2690.815249502659	-7632.696901500225	-1804.4677222967148	-3125.0298788547516	-7281.607983112335	-7352.973165273666	-4047.8077320456505	-5969.668258845806	-2995.479059934616	-6343.94713896513	-7458.079136431217	-7564.665061354637	-2514.606150507927	-2607.5128741264343	-7335.757895290852	-1359.9297931790352	-3006.6479305028915	-3050.0077859163284	-3849.9276255369186	-3218.1897673010826	-3074.561244904995	-7387.783558547497	-7372.588984429836
-7700.580696880817	-7051.315257132053	-7532.154694080353	-2702.574987232685	-7534.154558360577	-3882.1242884397507	-4685.85931032896	-7033.915117621422	-8188.214938521385	-3170.533742427826	-7565.700311720371	-2451.7909301519394	-3217.259881556034	-3672.509435713291	-4707.896638572216	-7228.315926730633	-4667.5879564881325	-4573.666581094265	-1323.1947776675224	-7186.8815574646	-4082.825623333454	-277.19696033000946	-6927.509411036968	-7232.374453186989	-7358.773226439953	-1509.3043431043625	-940.9797103404999	-1448.6600925326347	-7524.265917897224	-2080.814987719059	-3312.187095463276	-7137.808171868324	-7462.169324815273	-357.1164355278015	-6014.262484967709	-6782.989820957184	-2531.0486479997635	-7166.734992325306	-7338.948565900326	-3996.019343852997	-5088.980884432793	-7179.653462469578	-3732.952511191368	-3114.450612604618	-3158.991248369217	-2670.182232439518	-3217.645076751709	-6778.274719595909	-7210.632969617844	-7270.875460743904
-7549.077092885971	-7062.9505061507225	-7410.452942728996	-1460.0489342808723	-7472.270934402943	-2530.626762986183	-4684.833660840988	-7206.703849434853	-6732.765467584133	-3281.2130702733994	-7329.960013628006	-3978.8769377470016	-3218.515521943569	-3710.0674830675125	-4732.073557138443	-7185.898936331272	-4685.939985215664	-4644.233794093132	-1393.4952681660652	-7361.327784657478	-2713.531820297241	-1776.3713011145592	-5641.782944381237	-7226.905258178711	-7274.888065338135	-2923.2590631842613	-976.7626368999481	-2895.706773161888	-7506.174252152443	-2096.2139549851418	-3296.900698184967	-7245.992162406445	-7343.323741078377	-1704.8726531863213	-5843.895144581795	-5421.664407551289	-3903.206745803356	-7205.829565167427	-7363.555184721947	-2721.899250626564	-5126.920830667019	-7152.336927175522	-3777.5860130786896	-3176.3137676119804	-3209.1358063817024	-4048.698597252369	-3298.0683097839355	-5379.858195364475	-7244.820891559124	-7209.917504608631
-7292.834316849709	-7128.593225002289	-7771.07122451067	-2733.3198853731155	-7009.320074796677	-3997.9375599622726	-4747.974847435951	-6961.5740740299225	-7116.736658811569	-3252.698457956314	-7239.863087654114	-2491.457377552986	-3204.028424501419	-3740.7428335547447	-4821.918434858322	-6880.147074878216	-4780.057671189308	-4660.918894410133	-3926.896491765976	-7333.602408468723	-3991.4372259378433	-4219.422895014286	-7021.481419622898	-6917.2137795090675	-7502.266577780247	-3453.6280574798584	-3401.0874930620193	-2885.994127035141	-7597.887048780918	-2147.9156883955	-1215.4260350465775	-6878.275652647018	-7243.573765695095	-4204.458565175533	-5644.286957383156	-6805.107061505318	-2651.3926664590836	-7294.310673892498	-7355.705663084984	-4110.279665827751	-5114.8545753359795	-7093.07579678297	-3767.974765956402	-1212.8796204328537	-1219.687867462635	-1993.1154466867447	-1249.0052363872528	-6826.445063233376	-7166.046216785908	-7546.304694116116
-7442.762618899345	-7173.064794540405	-7570.8017635941505	-2824.9660616517067	-6990.064150393009	-2020.2580079436302	-4835.681199491024	-6972.876146972179	-6589.448692858219	-1167.655993759632	-6967.191001474857	-4523.039342582226	-1191.883235514164	-3743.9528003931046	-4875.78825712204	-6979.373224914074	-4844.290318310261	-4719.634908258915	-4020.773381471634	-7370.529421508312	-1907.7221069335938	-4261.605214595795	-4921.08782941103	-6866.838001847267	-7304.715367376804	-5601.570307731628	-3437.9439630508423	-2894.396088063717	-7335.824872136116	-2220.2136459946632	-1310.9736037254333	-6862.876305758953	-7257.398856699467	-4254.984367787838	-5807.3660188913345	-4841.487359404564	-4678.999525547028	-7255.249161541462	-7430.70226252079	-1959.4320855140686	-5172.264777243137	-7163.719111084938	-3901.0803379416466	-1277.0756942629814	-3286.530096590519	-4046.5491582751274	-1273.2890916466713	-4874.836175560951	-7164.554564058781	-7405.402372777462
-7125.946719229221	-7139.711385250092	-7575.501743853092	-2890.686628341675	-7099.100727081299	-2026.058558344841	-4779.109343588352	-7095.338576674461	-6701.434158146381	-1237.1989582180977	-7124.093493402004	-4401.98787343502	-1192.44229221344	-3779.3731048703194	-4895.186872243881	-6913.707034885883	-4794.599981307983	-4722.281343579292	-4030.594381570816	-7385.939084470272	-1994.476418852806	-4282.060972571373	-4946.75465708971	-7005.100534975529	-7412.504451930523	-3592.58752399683	-3438.7288440465927	-2977.5818787813187	-7565.050220966339	-2221.0432385206223	-3428.368748307228	-6906.365248024464	-7270.99904102087	-4300.690026462078	-5635.466729938984	-4848.406310498714	-4631.494700431824	-7226.687906801701	-7263.2990908026695	-1897.4404377937317	-5230.336945533752	-7015.905645608902	-3833.411803662777	-3335.206976056099	-1304.337339758873	-2005.4343322515488	-3336.1299663186073	-4866.859796881676	-7030.726857721806	-7280.287190079689
-7439.0038576722145	-6889.636075973511	-7390.810577809811	-2794.00275015831	-6892.331843018532	-4003.161064386368	-2877.4723541140556	-6957.267765820026	-6903.873087704182	-3326.2774746418	-7177.853830456734	-4638.769133627415	-3354.228953719139	-3642.226871430874	-2751.968045294285	-7048.469294786453	-2841.9115033745766	-2779.775953054428	-3982.426586508751	-7331.260798335075	-4074.2995782494545	-4315.295306444168	-4693.807169079781	-6704.082957029343	-7370.039305925369	-5580.40191501379	-3461.967823922634	-2914.637298345566	-7263.94332998991	-2109.873556435108	-1336.4469579458237	-6857.413207828999	-7126.21836400032	-4287.746970295906	-5680.298651337624	-4654.5512400865555	-4706.734652101994	-7206.685606896877	-7311.180961787701	-4173.752341091633	-2876.0081076025963	-7116.876136898994	-1663.95534324646	-1243.7923135757446	-3318.6765344142914	-4143.763231813908	-1400.1835650801659	-4783.067686975002	-7206.224910378456	-7299.602679371834
-7122.18795800209	-6856.282666683197	-7395.510558068752	-2859.723316848278	-7001.368419706821	-4008.9616147875786	-2820.900498211384	-7079.730195522308	-7015.858552992344	-3395.8204391002655	-7334.756322383881	-4517.717664480209	-3354.788010418415	-3677.6471759080887	-2771.3666604161263	-6982.803104758263	-2792.221166372299	-2782.4223883748055	-3992.247586607933	-7346.670461297035	-4161.053890168667	-4335.751064419746	-4719.473996758461	-6842.345490157604	-7477.828390479088	-3571.4191312789917	-3462.7527049183846	-2997.8230890631676	-7493.168678820133	-2110.703148961067	-3453.8421025276184	-6900.902150094509	-7139.818548321724	-4333.452628970146	-5508.399362385273	-4661.470191180706	-4659.22982698679	-7178.124352157116	-7143.77779006958	-4111.760693371296	-2934.0802758932114	-6969.062671422958	-1596.2868089675903	-3301.923595368862	-1336.4837775826454	-2102.648405790329	-3463.024439752102	-4775.091308295727	-7072.397204041481	-7174.487496674061
-7334.690731167793	-6852.338049292564	-7481.432095885277	-2987.2504857182503	-7300.409953415394	-4049.6550126075745	-2104.478232204914	-6910.314154982567	-7833.443737030029	-3357.5035085082054	-7353.760512769222	-5136.001769661903	-3446.561313509941	-1046.1230852603912	-2078.455078303814	-6963.568638443947	-2088.773702979088	-2048.0278267860413	-3518.1617636680603	-7279.66374206543	-4264.522224724293	-2893.201823055744	-4268.326638281345	-7200.117353320122	-7286.248731136322	-4356.821481287479	-3509.353130698204	-1639.6237777471542	-7462.986961305141	-2316.9249488711357	-3501.111696124077	-6740.540047228336	-7164.862768411636	-3074.8826071619987	-8774.496386647224	-4094.426710963249	-5261.530582129955	-7056.3354845047	-7209.528396606445	-4221.109136998653	-2232.5566739439964	-7118.475923359394	-3215.9954085350037	-3298.5210592746735	-3360.556778728962	-2807.0497901439667	-3406.864214837551	-4040.482714176178	-6879.786910891533	-7060.364442288876
-7272.116260051727	-6900.7542362213135	-7195.241097152233	-2951.369493126869	-6982.112495303154	-2031.2820627689362	-2908.6068502664566	-7091.032268464565	-6488.570587038994	-1310.7779749035835	-7062.084236204624	-6549.299629509449	-1342.64282143116	-3680.8571427464485	-2825.236482679844	-7082.029254794121	-2856.453813493252	-2841.138402223587	-4086.124476313591	-7383.597474336624	-2077.3387711644173	-4377.933384001255	-2619.0804065465927	-6791.969712495804	-7280.277180075645	-5719.361381530762	-3499.6091749072075	-3006.2250500917435	-7231.106502175331	-2183.0011065602303	-3549.3896712064743	-6885.502803206444	-7153.643639326096	-4383.978431582451	-5671.478423893452	-2697.8504890799522	-6686.836686074734	-7139.06283980608	-7218.774389505386	-1960.9131130576134	-2991.4904778003693	-7039.705985724926	-1729.392380952835	-3366.11966919899	-3403.3260067105293	-4156.082117378712	-3487.3082950115204	-2823.4824206233025	-7070.905551314354	-7033.585175335407
-7183.187127172947	-6863.9732983112335	-7359.73034453392	-1744.7244327664375	-7238.52632945776	-2698.157487154007	-2103.452582716942	-7083.102886795998	-6377.994266092777	-3468.182836353779	-7118.020214676857	-6663.087777256966	-3447.816953897476	-1083.6811326146126	-2102.631996870041	-6921.151648044586	-2107.1257317066193	-2118.5950397849083	-3588.462254166603	-7454.109969258308	-2895.22842168808	-4392.376163840294	-2982.600171625614	-7194.648158311844	-7202.363570034504	-5770.776201367378	-3545.1360572576523	-3086.6704583764076	-7444.89529556036	-2332.3239161372185	-3485.825298845768	-6848.724037766457	-7046.01718467474	-4422.6388248205185	-8604.12904626131	-2733.101297557354	-6633.688679933548	-7095.430057346821	-7234.135015428066	-2946.9890437722206	-2270.4966201782227	-7091.159388065338	-3260.628910422325	-3360.384214282036	-3410.7013367414474	-4185.566154956818	-3487.2874478697777	-2642.066189944744	-6913.974832832813	-6999.406486153603
-7423.670688152313	-6897.137427687645	-7337.131405591965	-2965.0939669013023	-6960.743778586388	-4234.8686202168465	-4997.248357474804	-6760.274485528469	-6616.102303802967	-3490.6716829538345	-7042.116293311119	-2307.804816186428	-3485.9998518824577	-3967.5698853731155	-5052.334812581539	-6826.037676870823	-5026.984529197216	-4893.107620060444	-1609.4707050919533	-6952.058597922325	-4284.016919076443	-1997.2353837490082	-7264.940365552902	-6775.618736028671	-7054.448968589306	-3157.474422454834	-1275.1271158456802	-3119.528822004795	-7137.420680642128	-2401.619789123535	-1508.3177772760391	-6821.797387123108	-7116.568939805031	-1944.8118914365768	-5554.525537073612	-7080.736587703228	-2265.99425894022	-6954.436035633087	-7110.07108515501	-4381.04544121027	-5395.416064143181	-6933.455168783665	-4081.6115631461143	-1413.4581506848335	-3477.8045548796654	-4342.534203529358	-1480.0621075630188	-7088.364637434483	-7063.262243390083	-7136.931199550629
-7106.854788482189	-6863.784018397331	-7341.831385850906	-3030.8145335912704	-7069.780355274677	-4240.669170618057	-4940.676501572132	-6882.736915230751	-6728.087769091129	-3560.2146474123	-7199.018785238266	-2186.7533470392227	-3486.5589085817337	-4002.9901898503304	-5071.733427703381	-6760.371486842632	-4977.294192194939	-4895.754055380821	-1619.2917051911354	-6967.468260884285	-4370.771230995655	-2017.6911417245865	-7290.607193231583	-6913.881269156933	-7162.238053143024	-1148.4916387200356	-1275.9119968414307	-3202.714612722397	-7366.646029472351	-2402.449381649494	-3625.712921857834	-6865.2863293886185	-7130.169124126434	-1990.517550110817	-5382.626248121262	-7087.6555387973785	-2218.489433825016	-6925.874780893326	-6942.66791343689	-4319.053793489933	-5453.488232433796	-6785.641703307629	-4013.9430288672447	-3471.589432477951	-1495.6117980480194	-2301.4193775057793	-3542.902982234955	-7080.388258755207	-6929.434537053108	-7011.816016852856
-7256.783090531826	-6908.255587935448	-7141.561924934387	-3122.4607098698616	-7050.52443087101	-2262.989618599415	-5028.382853627205	-6894.038988173008	-6200.799803137779	-1475.1721832156181	-6926.34669905901	-4218.335312068462	-1474.4137195944786	-4006.20015668869	-5125.603249967098	-6859.59763687849	-5041.526839315891	-4954.470069229603	-1713.1685948967934	-7004.395273923874	-2287.0561119914055	-2059.873461306095	-5190.213603019714	-6863.505491495132	-6964.686842739582	-3296.4338889718056	-1312.7684668302536	-3211.1165737509727	-7104.583852827549	-2474.747339248657	-3721.2604905366898	-6849.886982500553	-7143.994215130806	-2041.0433527231216	-5545.70530962944	-5124.035836696625	-4246.09629291296	-6886.81326854229	-7017.664512872696	-2168.2062131762505	-5510.898434340954	-6856.285017609596	-4147.0486008524895	-3535.7855063080788	-3562.4540271759033	-4354.853089094162	-3567.1868374943733	-5128.779371082783	-6927.942884325981	-6870.913695514202
-7253.024329304695	-6624.826869368553	-6961.570739150047	-3091.497398376465	-6952.792123496532	-4245.892675042152	-3070.1740082502365	-6878.430607020855	-6515.224197983742	-3633.793664097786	-7137.009528040886	-4334.065103113651	-3636.7594377994537	-3904.4742277264595	-3001.7830381393433	-6928.69370675087	-3039.148024380207	-3014.611114025116	-1674.8217999339104	-6965.126650750637	-4453.633583307266	-2113.5635531544685	-4962.932942688465	-6700.750446677208	-7030.010781288147	-3275.2654962539673	-1336.7923277020454	-3231.3577840328217	-7032.702310681343	-2364.407249689102	-3746.73384475708	-6844.423884570599	-7012.81372243166	-2073.8059552311897	-5418.637942075729	-4937.099717378616	-4273.831419467926	-6838.249713897705	-6898.1432121396065	-4382.526468753815	-3214.6417647004128	-6809.442043423653	-1909.9236061573029	-3502.502125620842	-3594.6004649996758	-4452.067162632942	-3694.081310927868	-5037.010882496834	-6969.613230645657	-6765.114002108574
-6808.0979905724525	-6569.405771136284	-7150.842709302902	-1921.5779880285263	-6936.34559828043	-2964.1803846359253	-5162.9710320830345	-6599.0813891887665	-7916.594875693321	-3692.2514882683754	-6961.789041399956	-3410.6004223823547	-3662.159222006798	-4195.81924790144	-5189.2847282886505	-6627.811079621315	-5159.275891125202	-5117.871432244778	-4412.547536849976	-6935.7259734869	-3135.638736844063	-3273.6615554094315	-6088.110136806965	-6747.064333975315	-7051.80933624506	-2532.3777965307236	-3804.4603093266487	-1973.6764789819717	-7270.118670642376	-2523.0716093182564	-3705.215544998646	-6620.217415690422	-6800.62752777338	-3352.399044752121	-5368.238271951675	-5872.028308331966	-3635.8938822746277	-6843.028319001198	-6935.109047412872	-3117.933536887169	-5518.031728684902	-6636.755499005318	-4155.59030020237	-3638.982498407364	-1617.980946302414	-1018.9460200667381	-3769.394116461277	-5827.300963938236	-6617.595915496349	-6973.115675330162
-7057.780722439289	-6698.160219848156	-7286.408807396889	-3249.7694653868675	-6726.999173641205	-4402.39934438467	-2415.8672793507576	-6636.673522889614	-6261.331102311611	-3677.641449034214	-6830.17649435997	-4992.015655696392	-3715.3012838363647	-1341.1835349202156	-2422.893252313137	-6561.290388584137	-2448.1702756881714	-2367.46886575222	-3804.437691092491	-7044.840782523155	-4465.713520467281	-4613.240246474743	-4605.757592797279	-6743.361636161804	-6981.924473285675	-6004.991560637951	-3843.5005362033844	-3310.4925072193146	-7076.141724050045	-2637.729750275612	-1697.24237793684	-6424.52926248312	-6819.262383401394	-4662.578063070774	-8314.759438753128	-4392.173477709293	-4996.476193070412	-6844.036527812481	-6980.65091586113	-4606.1352343559265	-2538.9918536543846	-6872.277629673481	-3564.65446048975	-1597.528597354889	-3679.3700852394104	-4479.401761233807	-1669.281245648861	-4350.572632014751	-6732.416184663773	-6926.4201810956
-6740.964822769165	-6664.806810557842	-7291.10878765583	-3315.4900320768356	-6836.0357503294945	-4408.199894785881	-2359.295423448086	-6759.135952591896	-6373.316567599773	-3747.1844134926796	-6987.078986287117	-4870.964186549187	-3715.8603405356407	-1376.6038393974304	-2442.2918674349785	-6495.624198555946	-2398.479938685894	-2370.1153010725975	-3814.2586911916733	-7060.250445485115	-4552.467832386494	-4633.696004450321	-4631.42442047596	-6881.624169290066	-7089.713557839394	-3996.0087769031525	-3844.285417199135	-3393.6782979369164	-7305.367072880268	-2638.559342801571	-3814.637522518635	-6468.0182047486305	-6832.862567722797	-4708.283721745014	-8142.860149800777	-4399.092428803444	-4948.971367955208	-6815.47527307272	-6813.247744143009	-4544.14358663559	-2597.0640219449997	-6724.464164197445	-3496.9859262108803	-3655.6598791480064	-1697.1773284077644	-2438.286935210228	-3732.122120320797	-4342.596253335476	-6598.5884783267975	-6801.304998397827
-6958.026292622089	-6613.8773406744	-6950.573248386383	-2013.2241643071175	-6917.089673876762	-986.5008326172829	-5250.677384138107	-6610.383462131023	-7389.306909739971	-1607.2090240716934	-6689.116955220699	-5442.182387411594	-1650.0140330195427	-4199.0292147397995	-5243.154550552368	-6727.037229657173	-5223.508538246155	-5176.587446093559	-4506.4244265556335	-6972.652986526489	-1051.9236178398132	-3315.84387499094	-3987.7165465950966	-6696.688556313515	-6854.258125841618	-4680.320046782494	-3841.3167793154716	-1982.0784400105476	-7008.056493997574	-2595.3695669174194	-3800.7631136775017	-6604.818068802357	-6814.452618777752	-3402.9248473644257	-5531.317333459854	-3908.4086062312126	-5663.500741362572	-6803.966806650162	-7010.105646848679	-967.0859565734863	-5575.44193059206	-6707.398813307285	-4288.695872187614	-3703.1785722374916	-3684.823175430298	-3072.379731655121	-3793.6779717206955	-3875.692076265812	-6616.104262769222	-6832.2133539915085
-6890.893124818802	-6709.278380095959	-7090.839326739311	-3407.136208355427	-6816.779825925827	-2430.5203427672386	-2447.0017755031586	-6770.438025534153	-5846.028601646423	-1662.1419492959976	-6714.406900107861	-6902.546151578426	-1703.7151515483856	-1379.8138062357903	-2496.161689698696	-6594.8503485918045	-2462.7125858068466	-2428.831314921379	-3908.1355808973312	-7097.177458524704	-2468.752713382244	-4675.87832403183	-2531.0308302640915	-6831.248391628265	-6892.162347435951	-6143.9510271549225	-3881.1418871879578	-3402.0802589654922	-7043.304896235466	-2710.857300400734	-3910.1850911974907	-6452.618857860565	-6846.687658727169	-4758.809524357319	-8305.939211308956	-2435.47272670269	-6976.578227043152	-6776.4137607216835	-6888.2443435788155	-2393.296006321907	-2654.4742238521576	-6795.1074784994125	-3630.091498196125	-3719.855952978134	-3764.0195575356483	-4491.720646798611	-3756.4059755802155	-2390.9873656630516	-6597.09682559967	-6660.402677059174
-6887.134363591671	-6425.849661529064	-6910.848140954971	-3376.17289686203	-6719.04751855135	-4413.423399209976	-488.7929301261902	-6754.829644382	-6160.452996492386	-3820.7634301781654	-6925.069729089737	-7018.275942623615	-3866.0608697533607	-1278.0878772735596	-372.34147787094116	-6663.946418464184	-460.3337708711624	-488.97235971689224	-3869.7887859344482	-7057.908835351467	-4635.330184698105	-4729.568415880203	-2303.7501699328423	-6668.493346810341	-6957.486285984516	-6122.782634437084	-3905.1657480597496	-3422.321469247341	-6971.42335408926	-2600.517210841179	-3935.658445417881	-6447.155759930611	-6715.507166028023	-4791.572126865387	-8178.871843755245	-2248.5366073846817	-7004.313353598118	-6727.850206077099	-6768.723042845726	-4607.616261899471	-358.2175542116165	-6748.264504313469	-1392.9665035009384	-3686.5725722908974	-3796.165995359421	-4588.934720337391	-3883.30044901371	-2299.2188770771027	-6638.767171919346	-6554.602983653545
-6682.691585838795	-6403.592692673206	-7077.521172165871	-3426.6230206489563	-6424.818442463875	-4668.422241866589	-5475.38572871685	-6152.652025282383	-7799.931711912155	-3901.7101009488106	-6673.945321083069	-1739.5283008217812	-3929.6435519456863	-4453.321650207043	-5509.545983731747	-6267.949820160866	-5500.320435106754	-5366.7452582120895	-4628.522973775864	-6526.456786751747	-4706.123835623264	-3494.5256380438805	-7711.26755797863	-6295.777811825275	-6831.370239496231	-2766.5931558012962	-4102.824788272381	-2197.4985278248787	-6901.365099132061	-2828.47744345665	-1916.6326240897179	-6196.022640407085	-6573.872726500034	-3592.3382830023766	-5078.868664443493	-7531.100488483906	-1998.6813954114914	-6591.634789466858	-6681.624947845936	-4777.079727470875	-5786.526962161064	-6417.8737406134605	-4459.6158502697945	-1876.126881480217	-1886.649694800377	-1312.781626343727	-1951.3879142403603	-7535.807406008244	-6436.037267327309	-6900.12937027216
-6871.80119407177	-6433.351013243198	-6857.168968737125	-3547.2641136050224	-6787.4594541192055	-4645.130955040455	-2608.5689334869385	-6557.836364090443	-5872.682212591171	-3985.1576384902	-6789.332191944122	-4687.311625182629	-3997.8317679166794	-1603.4308912158012	-2672.7082451581955	-6441.5148005485535	-2645.406796693802	-2602.304026722908	-1496.8329045176506	-6678.706634938717	-4845.047525525093	-2411.5084931850433	-4874.883366405964	-6740.0291258096695	-6641.895948648453	-3699.855141878128	-1718.3250399827957	-3627.2129929065704	-6844.900704741478	-2892.263443529606	-4107.5292647480965	-6411.53993922472	-6705.857741832733	-2448.6370480060577	-8053.098729491234	-4674.721955001354	-4563.572960436344	-6475.600634813309	-6567.613166213036	-4814.909362018108	-2877.625510752201	-6564.843536198139	-3810.622723400593	-3856.2384093999863	-3955.2940158247948	-4787.705692052841	-3963.178991496563	-4604.515827536583	-6495.804504930973	-6391.93150383234
-6515.8039882183075	-6414.710852921009	-6881.951691508293	-3583.9897636175156	-6514.599094748497	-2696.543240249157	-5506.520224869251	-6286.416527926922	-7384.629211246967	-1886.2106012105942	-6558.175726830959	-3650.0587967038155	-1918.0574196577072	-4491.951921522617	-5582.814421117306	-6301.509780168533	-5514.8627452254295	-5428.1077073812485	-4732.220863580704	-6578.793462753296	-2709.163028538227	-3557.1637156009674	-5636.540795445442	-6383.664567291737	-6741.608113646507	-2905.552622318268	-4140.466139256954	-2289.0862795710564	-6868.528271317482	-2901.604993581772	-4129.5753373503685	-6224.112235784531	-6601.2980018258095	-3688.5697442889214	-5070.048436999321	-5574.399737477303	-3978.7834293842316	-6524.0120223760605	-6589.2183755636215	-2564.2404994368553	-5902.009332358837	-6340.703589439392	-4525.05288797617	-3998.454237103462	-1971.2991670966148	-1325.1005119085312	-4038.512644171715	-5576.222139656544	-6300.7179082632065	-6634.111866235733
-6681.116283893585	-6459.699511229992	-6755.549959897995	-2275.7431439757347	-6343.678894102573	-1339.2451643943787	-5562.066431283951	-6336.742830038071	-5817.194275021553	-1927.346964597702	-6165.532936811447	-5298.196273446083	-1918.7540033459663	-4494.089664399624	-5587.592724561691	-6324.758979797363	-5582.905110955238	-5496.028485059738	-4792.700353980064	-6737.830026984215	-1253.1149135828018	-5035.882298409939	-4325.147501111031	-6239.932839155197	-6549.933867990971	-6328.490126132965	-4175.464184820652	-3652.947169482708	-6621.211256742477	-2916.1743683218956	-1996.893795490265	-6288.80728405714	-6468.8522337675095	-4990.620303273201	-5071.580385565758	-4206.155372977257	-5398.446352303028	-6591.667849957943	-6781.228166103363	-1352.1120539307594	-5881.877110302448	-6461.200519621372	-4637.354924142361	-2002.186110317707	-4003.6364819407463	-4744.731702744961	-2056.0950025320053	-4185.781994104385	-6468.733536541462	-6698.269092798233
-6512.045226991177	-6131.2821343541145	-6701.960505723953	-3553.026452124119	-6416.86678737402	-4679.4462966918945	-3548.311379492283	-6270.808146774769	-7699.05360609293	-4044.832082092762	-6768.838555812836	-3765.7885877490044	-4080.4031378626823	-4390.225992560387	-3458.994209289551	-6370.605850040913	-3512.4839302897453	-3488.2487521767616	-4693.874068617821	-6539.524839580059	-4875.740499854088	-3610.853807449341	-5409.260135114193	-6220.909522473812	-6806.932052195072	-2884.3842296004295	-4164.490000128746	-2309.3274898529053	-6796.646729171276	-2791.264904022217	-4155.048691570759	-6218.649137854576	-6470.117509126663	-3721.3323467969894	-4942.98106944561	-5387.463618159294	-4006.5185559391975	-6475.448467731476	-6469.697074830532	-4778.56075501442	-3605.752662718296	-6293.8606152534485	-2287.927893280983	-3965.1708564162254	-2003.4456049203873	-1422.3145854473114	-4165.407117605209	-5484.453651070595	-6342.388254582882	-6528.312172830105
-6364.300384223461	-6426.346101939678	-6760.249940156937	-2341.463710665703	-6452.715470790863	-1345.0457147955894	-5505.494575381279	-6459.205259740353	-5929.179740309715	-1996.8899290561676	-6322.435428738594	-5177.144804298878	-1919.3130600452423	-4529.509968876839	-5606.991339683533	-6259.092789769173	-5533.214773952961	-5498.6749203801155	-4802.5213540792465	-6753.239689946175	-1339.8692255020142	-5056.338056385517	-4350.814328789711	-6378.195372283459	-6657.722952544689	-4319.507342398167	-4176.249065816402	-3736.1329602003098	-6850.4366055727005	-2917.0039608478546	-4114.28894007206	-6332.296226322651	-6482.452418088913	-5036.325961947441	-4899.681096613407	-4213.074324071407	-5350.941527187824	-6563.106595218182	-6613.8249943852425	-1290.1204062104225	-5939.949278593063	-6313.387054145336	-4569.686389863491	-4060.3173921108246	-2021.4437251091003	-2703.616876721382	-4118.935877203941	-4177.80561542511	-6334.905830204487	-6573.15391010046
-6510.469925045967	-6187.3889529109	-6379.989293456078	-2402.146575450897	-6335.727239012718	-1350.2692192196846	-3634.9920820593834	-6454.8989515304565	-5716.316169202328	-2070.4689457416534	-6260.426171541214	-7324.456560373306	-2069.5135892629623	-4430.994006752968	-3537.0409501194954	-6427.41500967741	-3595.0686061382294	-3617.5319790244102	-4858.0514488220215	-6750.898079812527	-1422.7315778136253	-5152.210467815399	-2023.1400782465935	-6165.064549803734	-6525.495680689812	-6446.281199932098	-4237.129396677017	-3764.7761315107346	-6516.4928867816925	-2878.9618288874626	-4235.309862971306	-6311.433781504631	-6365.097016394138	-5119.614367067814	-4935.692790567875	-2062.518502652645	-7406.283512830734	-6475.481528222561	-6569.300293087959	-1353.5930814743042	-3701.10281085968	-6337.18739426136	-2465.666967153549	-4091.2300852537155	-4120.432392060757	-4854.264661848545	-4270.114205896854	-2134.4282391667366	-6375.084523797035	-6326.451895356178
-6496.712057471275	-6138.783486068249	-6648.281333506107	-3724.117668867111	-6485.2787229418755	-4911.153852522373	-5668.087382853031	-6073.8148664832115	-7411.282822191715	-4209.226290404797	-6633.101018667221	-1434.8242703080177	-4212.174036026001	-4715.569006502628	-5759.360976576805	-6148.174232125282	-5697.556956112385	-5601.580419182777	-2320.918187201023	-6160.322639167309	-5085.457840681076	-1292.793884754181	-7980.393331587315	-6292.445301473141	-6491.341714859009	-461.4567370414734	-1977.6492920517921	-2514.2190135121346	-6670.124079823494	-3083.0111367106438	-4326.919510900974	-6183.0333171486855	-6460.468084931374	-1378.3972679376602	-4817.207955181599	-7813.648965775967	-1565.7781627774239	-6223.198896467686	-6268.587198197842	-4985.853855133057	-6125.160619258881	-6110.439647138119	-4705.584113180637	-4134.836693525314	-2162.5736253857613	-1621.0855571627617	-4245.285660088062	-7789.750601530075	-6199.425587594509	-6365.6406930089
-6642.881598293781	-5899.826337039471	-6268.020686805248	-3784.8005336523056	-6368.290491163731	-4916.377356946468	-3797.5848895311356	-6069.508558273315	-7198.419251084328	-4282.805307090282	-6571.091761469841	-3582.1360263824463	-4362.374565243721	-4617.0530443787575	-3689.410587012768	-6316.49645203352	-3759.410788297653	-3720.437477827072	-2376.448281943798	-6157.981029033661	-5168.320192992687	-1388.666296184063	-5652.719081044197	-6079.314478993416	-6359.114443004131	-2588.230594575405	-2038.529622912407	-2542.8621848225594	-6336.180361032486	-3044.9690047502518	-4447.9404338002205	-6162.170872330666	-6343.112683236599	-1461.685673058033	-4853.219649136066	-5663.093144357204	-3621.120148420334	-6135.573829472065	-6224.0624969005585	-5049.326530396938	-3886.3141515254974	-6134.239987254143	-2601.5646904706955	-4165.749386668205	-4261.562292337418	-3771.7333422899246	-4396.463988780975	-5746.373225271702	-6239.6042811870575	-6118.938678264618
-6495.136755526066	-6194.890304625034	-6326.310121238232	-2573.2377921938896	-6404.139174580574	-1581.9767750501633	-5754.768085420132	-6257.905671238899	-5428.545385301113	-2234.863154053688	-6124.688634395599	-4993.49224293232	-2201.284487426281	-4756.3370206952095	-5837.40771740675	-6204.98339176178	-5780.141631960869	-5730.863646030426	-2485.095567405224	-6371.6958793997765	-1632.4489186406136	-2834.1505451202393	-4594.273274719715	-6236.600328803062	-6209.905343353748	-4023.3537073731422	-2050.2886886000633	-3969.667655169964	-6389.97023743391	-3170.7080615758896	-4407.180682301521	-6275.81796079874	-6355.447592198849	-2776.6792882084846	-4809.9196763038635	-4488.703850269318	-4965.543119668961	-6223.231956958771	-6368.190416455269	-1560.8861815929413	-6220.510767400265	-6153.76642614603	-4883.323187053204	-4260.895922362804	-4279.560412526131	-5053.035633563995	-4349.992748379707	-4439.725189626217	-6232.121856808662	-6163.780415534973
-6491.377994298935	-5911.46158605814	-6146.318935453892	-2542.274480700493	-6306.406867206097	-3564.879831492901	-3796.5592400431633	-6242.297290086746	-5742.969780147076	-4393.484634935856	-6335.351463377476	-5109.2220339775085	-4363.630205631256	-4654.611091732979	-3713.5875055789948	-6274.079461634159	-3777.7628170251846	-3791.004690825939	-2446.748772442341	-6332.42725622654	-3799.0263899564743	-2887.8406369686127	-4366.992614388466	-6073.845283985138	-6275.229281902313	-4002.185314655304	-2074.312549471855	-3989.9088654518127	-6318.0886952877045	-3060.3679720163345	-4432.654036521912	-6270.354862868786	-6224.267099499702	-2809.4418907165527	-4682.852308750153	-4301.767730951309	-4993.2782462239265	-6174.668402314186	-6248.669115722179	-3775.2064371705055	-3924.2540977597237	-6106.923451960087	-2646.198192358017	-4227.612541675568	-4311.706850349903	-5150.249707102776	-4476.887221813202	-4347.956701040268	-6273.792203128338	-6057.980722129345
-6130.822091758251	-5939.80627822876	-6597.558735311031	-4008.7931673526764	-6251.534117996693	-5078.684576690197	-3086.706304728985	-5950.2139038443565	-7056.511620700359	-4396.196056485176	-6421.161219716072	-4119.035109817982	-4441.475467979908	-2089.1826560497284	-3129.919416308403	-5883.426943838596	-3118.74270260334	-3075.9416648745537	-4515.885173201561	-6253.104823768139	-5267.154442071915	-3908.7987474799156	-5321.210558831692	-6260.188201606274	-6418.817219555378	-3308.9738752245903	-4546.022712409496	-2705.182698726654	-6608.845123231411	-3319.1210978627205	-4515.844111561775	-5785.7651925086975	-6163.161528527737	-4096.163439571857	-7577.4418568611145	-5125.085855782032	-4296.260096907616	-6112.7993886470795	-6139.167028903961	-5210.943648278713	-3268.7364087700844	-6049.262108027935	-4188.627010524273	-4318.90714019537	-2364.1391557455063	-1757.9531148672104	-4434.504798173904	-5051.958596110344	-5868.579528868198	-6155.129674553871
-6129.246789813042	-5995.913096785545	-6275.587523043156	-2857.913290679455	-6170.394569635391	-1749.507499217987	-3173.3870072960854	-6134.304708600044	-5073.774183809757	-2421.8329201340675	-5912.74883544445	-7677.703082442284	-2430.585919380188	-2129.9506702423096	-3207.9661571383476	-5940.236103475094	-3201.327378451824	-3205.2248917222023	-4680.062553405762	-6464.4780640006065	-1814.1455200314522	-5450.155407845974	-1935.0905019640923	-6204.343228936195	-6137.3808480501175	-6870.870845556259	-4618.6621089577675	-4160.631340384483	-6328.691280841827	-3406.8180227279663	-4596.105282962322	-5878.549836158752	-6058.141035795212	-5494.445459842682	-7570.153577983379	-1800.140740275383	-7696.025053799152	-6112.8324491381645	-6238.770247161388	-1785.9759747385979	-3364.0865569114685	-6092.588887035847	-4366.366084396839	-4444.96636903286	-4481.125942885876	-5189.903191268444	-4539.2118864655495	-1701.9331842064857	-5901.275798082352	-5953.269397079945
-6365.971589565277	-5745.648507595062	-6072.99739831686	-4047.319513320923	-5794.879711389542	-5269.121688723564	-4108.973936676979	-5795.867926180363	-5626.30661636591	-4602.943247616291	-6047.507743060589	-3438.149912416935	-4631.114535570145	-4912.113494038582	-4033.848761022091	-5914.21820217371	-4118.807361006737	-4039.878516793251	-2662.724209368229	-5923.158069491386	-5369.511488735676	-3108.7047196030617	-5990.150035560131	-5622.558761835098	-6054.790185153484	-4236.400673925877	-2372.6770284175873	-4213.73091429472	-5949.3351237773895	-3365.773806154728	-2644.0711156129837	-5846.160087585449	-5997.5122982263565	-3049.3811289668083	-4393.48270124197	-5960.839911103249	-3356.0657593607903	-5923.274872779846	-5995.185016155243	-5434.352627754211	-4192.749331235886	-5888.04169356823	-2950.2237424254417	-2464.7569247484207	-4580.375598847866	-5444.085313379765	-2658.881019592285	-6056.463143110275	-6092.233554959297	-5984.9944170713425
-6049.155689895153	-5712.2950983047485	-6077.697378575802	-4113.040080010891	-5903.916288077831	-5274.922239124775	-4052.4020807743073	-5918.330355882645	-5738.292081654072	-4672.486212074757	-6204.410234987736	-3317.0984432697296	-4631.673592269421	-4947.533798515797	-4053.2473761439323	-5848.552012145519	-4069.1170240044594	-4042.5249521136284	-2672.545209467411	-5938.567732453346	-5456.265800654888	-3129.16047757864	-6015.8168632388115	-5760.82129496336	-6162.579269707203	-2227.417890191078	-2373.4619094133377	-4296.9167050123215	-6178.560472607613	-3366.603398680687	-4761.466260194778	-5889.64902985096	-6011.11248254776	-3095.0867876410484	-4221.583412289619	-5967.758862197399	-3308.5609342455864	-5894.713618040085	-5827.781844437122	-5372.3609800338745	-4250.821499526501	-5740.228228092194	-2882.555208146572	-4522.888206541538	-2598.18284201622	-3402.970487356186	-4721.721894264221	-6048.486764431	-5958.405848622322	-5859.8792343735695
-6199.08399194479	-5756.766667842865	-5877.427917659283	-4204.686256289482	-5884.660363674164	-3297.2426871061325	-4140.10843282938	-5929.632428824902	-5211.004115700722	-2587.4437478780746	-5931.738148808479	-5348.680408298969	-2619.5284032821655	-4950.7437653541565	-4107.11719840765	-5947.778162181377	-4133.349671125412	-4101.24096596241	-2766.422099173069	-5975.494745492935	-3372.5506816506386	-3171.3427971601486	-3915.423273026943	-5710.445517301559	-5965.0280593037605	-4375.360140442848	-2410.3183794021606	-4305.318666040897	-5916.4982959628105	-3438.90135627985	-4857.013828873634	-5874.249682962894	-6024.937573552132	-3145.612590253353	-4384.662473797798	-4004.1391600966454	-5336.16779333353	-5855.652105689049	-5902.778443872929	-3221.513399720192	-4308.231701433659	-5810.871542394161	-3015.660780131817	-4587.084280371666	-4665.025071144104	-5456.404198944569	-4746.00574952364	-4096.877876758575	-5956.914195895195	-5718.976913034916
-5921.0452508330345	-5690.227409362793	-6262.269368469715	-2877.4001029729843	-5778.433186173439	-3987.409398317337	-6201.770960509777	-5516.518708348274	-7027.677294075489	-4661.4010717868805	-5872.287256419659	-2514.6852316856384	-4656.514319777489	-5203.458514213562	-6221.350451171398	-5613.335575044155	-6238.935227751732	-6143.138835012913	-5400.449946284294	-5893.75739222765	-4051.5166422724724	-4268.802721858025	-7115.327229678631	-5668.872649133205	-6076.588740110397	-3493.512974202633	-4840.345010042191	-2956.04960924387	-6186.751483738422	-3524.438165783882	-2602.5528158545494	-5621.953618705273	-5785.326103568077	-4327.97421848774	-4343.083031117916	-6895.768502056599	-2718.128222167492	-5928.053477883339	-6032.150851428509	-4169.759695887566	-6496.139295220375	-5715.355149149895	-5195.890436470509	-2601.2372975349426	-2603.7560801506042	-2010.9641708135605	-2734.1938251256943	-6846.753224551678	-5740.21623980999	-6192.996090292931
-5754.157653212547	-5701.345569610596	-6066.699887812138	-3034.7668459415436	-5868.213838458061	-2015.5303966999054	-6232.905456662178	-5650.283210992813	-6612.374793410301	-2645.901572048664	-5756.517662167549	-4425.215727567673	-2644.9281874895096	-5242.088785529137	-6294.618888556957	-5646.895535051823	-6253.477537870407	-6204.501284182072	-5504.147836089134	-5946.0940682291985	-2054.555835187435	-4331.4407994151115	-5040.600467145443	-5756.759404599667	-5986.8266142606735	-3632.4724407196045	-4877.986361026764	-3047.6373609900475	-6153.914655923843	-3597.565715909004	-4815.4955291152	-5650.043214082718	-5812.751378893852	-4424.205679774284	-4334.262803673744	-4939.067751049995	-4698.230256140232	-5860.4307107925415	-5939.7442791461945	-1956.9204678535461	-6611.621665418148	-5638.184997975826	-5261.327474176884	-4723.564653158188	-2688.405552446842	-2023.2830563783646	-4821.318555057049	-4887.167958199978	-5604.896880745888	-5926.978586256504
-5628.7512484788895	-5535.532491147518	-5993.378350675106	-4539.811878561974	-5356.686682641506	-3719.7722539305687	-6545.320153295994	-5203.85384708643	-6495.711629629135	-2855.3601847290993	-5468.673941850662	-2754.143606007099	-2912.412517428398	-5499.59118783474	-6614.880144000053	-5287.034275591373	-6594.522081851959	-6453.3751101493835	-5720.123273015022	-5536.824881494045	-3625.0409339666367	-4552.304882049561	-6663.757888317108	-5305.472882449627	-5766.387517511845	-3866.687799990177	-5176.350839972496	-3271.4594098329544	-5785.161084413528	-3902.9715500473976	-3026.912608206272	-5225.848438799381	-5585.996577620506	-4664.14491802454	-4044.8931961655617	-6598.139931201935	-3061.017769277096	-5609.037181258202	-5686.260179579258	-3616.066658437252	-6880.11689889431	-5419.303239583969	-5565.3530242443085	-2960.709036231041	-2957.074300944805	-2317.1186626553535	-3003.312352836132	-6595.674400269985	-5423.338232576847	-5853.992281198502
-5624.992487251759	-5252.103772580624	-5813.387164890766	-4508.848567068577	-5258.954375267029	-5702.675310373306	-4587.111307919025	-5188.245465934277	-6810.136024475098	-5013.981665611267	-5679.336770832539	-2869.873397052288	-5074.758235633373	-5397.865258872509	-4491.059932172298	-5356.130345463753	-4592.143266916275	-4513.516154944897	-5681.776478052139	-5497.556258320808	-5791.618405282497	-4605.994973897934	-6436.477227985859	-5142.717837631702	-5831.71145606041	-3845.519407272339	-5200.374700844288	-3291.7006201148033	-5713.2795422673225	-3792.6314604878426	-3052.3859624266624	-5220.385340869427	-5454.81608492136	-4696.907520532608	-3917.8258286118507	-6411.203811883926	-3088.7528958320618	-5560.473626613617	-5566.7388788461685	-5830.386914014816	-4583.860229253769	-5372.4602653980255	-3328.228029549122	-2927.425655543804	-2989.2207387685776	-2414.3327361941338	-3130.2068262696266	-6503.905911684036	-5465.0085788965225	-5748.192587792873
-5814.102095484734	-5281.862093150616	-5593.034961462021	-4629.489660024643	-5621.5953869223595	-5679.384023547173	-1720.2945126891136	-5593.429804742336	-4882.886525154114	-5097.429203152657	-5794.723641693592	-5817.6567214131355	-5142.946451604366	-2547.9744998812675	-1654.2221935987473	-5529.69532585144	-1737.2296285033226	-1749.0749234557152	-2550.0864087939262	-5649.806106507778	-5930.542095184326	-3522.977829039097	-3600.0930364131927	-5586.9691516160965	-5642.237165212631	-4778.781393349171	-2815.8749525547028	-4721.415085196495	-5656.8151478767395	-3856.4174605607986	-5243.282603085041	-5435.902639687061	-5586.801100254059	-3553.206285536289	-6892.055893659592	-3554.825278401375	-5653.6444608569145	-5444.439471960068	-5452.727097213268	-5868.21654856205	-1674.9587778449059	-5519.430060982704	-2679.23490267992	-4907.5371834635735	-5057.865059792995	-5889.256801903248	-5141.997903525829	-3572.6143332123756	-5524.775816500187	-5239.994721353054
-5609.659317731857	-5259.605124294758	-5759.70799267292	-4679.939783811569	-5327.366310834885	-5934.382866203785	-6706.887311279774	-4991.252185642719	-6522.365240573883	-5178.375873923302	-5543.599233686924	-538.9090796113014	-5206.529133796692	-5723.208272814751	-6791.426699459553	-5133.698727548122	-6777.2162927389145	-6626.8478219509125	-3308.8205966353416	-5118.354057908058	-6001.335746109486	-2287.935051202774	-9007.61042445898	-5214.253616631031	-5516.121118724346	-1422.5919147133827	-3013.533992767334	-3496.5921437740326	-5586.75689291954	-4084.3776931762695	-3224.256781756878	-5184.769520163536	-5445.16666072607	-2353.972441673279	-3792.0527143478394	-8837.389159500599	-648.0125026702881	-5308.224055349827	-5365.629002213478	-6037.680014133453	-7103.2681857943535	-5189.039297282696	-5745.884249448776	-3097.091492652893	-3148.3487592339516	-2613.103707909584	-3210.0853687524796	-8809.202862143517	-5322.04591190815	-5585.521107971668
-5439.012958884239	-4987.294565975666	-5384.147326231003	-4806.343215286732	-5319.414655745029	-5945.406921029091	-4779.812962055206	-5109.408307135105	-6421.487134754658	-5321.497855067253	-5638.492468416691	-2565.1693665385246	-5357.288719713688	-5660.112615168095	-4740.874925017357	-5236.354757428169	-4789.3797879219055	-4748.351315915585	-3374.1716914772987	-5131.42211073637	-6170.952410340309	-2404.2632206082344	-6705.6030015945435	-5139.385327279568	-5491.682931423187	-1540.382988512516	-3075.199204623699	-3608.421105802059	-5482.0385229587555	-4047.1651537418365	-5462.672849237919	-5207.396017611027	-5341.411443352699	-2482.9665054678917	-3656.1651193499565	-6693.752289175987	-2655.8496631979942	-5192.037733614445	-5153.701129198074	-6039.161041676998	-4922.493886351585	-5065.026171922684	-3574.1962924599648	-5186.1354675889015	-3265.144669353962	-2722.6366670131683	-5424.104572117329	-6757.849107205868	-5228.396899163723	-5213.7039105296135
-5437.43765693903	-5043.401384532452	-5062.176113963127	-3655.46333861351	-5238.275107383728	-2616.229843556881	-4866.493664622307	-5293.499111890793	-4438.749697864056	-3347.1347187161446	-5130.080084145069	-6123.8373391628265	-3346.399171113968	-5700.880629360676	-4818.9216658473015	-5293.163917064667	-4871.96446377039	-4877.634542763233	-3538.3490716814995	-5342.795350968838	-2717.9434882998466	-3945.6198809742928	-3319.482944726944	-5083.540354609489	-5210.246559917927	-5102.279958844185	-3147.8386011719704	-5063.8697474598885	-5201.884680569172	-4134.862078607082	-5542.934020638466	-5300.180661261082	-5236.390950620174	-3881.248525738716	-3648.8768404722214	-3368.807173669338	-6055.614620089531	-5192.07079410553	-5253.304347455502	-2614.193368136883	-5017.8440344929695	-5108.352950930595	-3751.935366332531	-5312.194696426392	-5382.131456494331	-6154.586743414402	-5528.811660408974	-3407.8236953020096	-5261.093168377876	-5011.843633055687
-5243.769352018833	-5060.627916455269	-5708.985394477844	-4964.615282297134	-5093.621705889702	-6101.913590371609	-4125.506233155727	-4867.651223003864	-6167.594039082527	-5365.345640003681	-5331.659434735775	-3223.1199191212654	-5435.830565750599	-3096.8219223618507	-4161.985139191151	-4868.9514392614365	-4198.40203922987	-4101.209067642689	-5503.7875826358795	-5211.136242508888	-6183.032347500324	-4903.939913928509	-6348.427651703358	-5181.996516764164	-5443.596623420715	-4270.1090528965	-5581.907413125038	-3687.555828988552	-5525.477936327457	-4320.487654328346	-3413.181382417679	-4787.501395523548	-5147.8601043224335	-5071.738613307476	-6552.286616027355	-6148.826049506664	-3378.49443680048	-5197.824547529221	-5236.208832919598	-6262.76980727911	-4246.843975305557	-5127.861758172512	-5228.927146792412	-3281.1619393229485	-3349.9142895936966	-2749.9712656140327	-3399.3045068383217	-6071.410856723785	-4991.199853181839	-5375.01008951664
-5071.547691226006	-4844.424176692963	-5011.453515768051	-3940.1388370990753	-5004.530502438545	-2783.7605677247047	-2285.1125864982605	-5169.898149251938	-4083.9784963726997	-3534.104484796524	-4918.14028519392	-8808.04817867279	-3575.700603067875	-3074.494278907776	-2189.4801055788994	-5028.416628777981	-2293.150210261345	-2351.9957884550095	-5733.316057682037	-5435.577535569668	-2899.6400896906853	-6561.6247437000275	-660.3001719713211	-5051.283254742622	-5137.722064614296	-7949.797097027302	-5716.2120215296745	-5254.833432674408	-5140.605723977089	-4370.972039759159	-5731.858621299267	-4902.912536621094	-4939.0843942165375	-6599.014697372913	-6409.110742151737	-680.2440636754036	-8786.096554219723	-5081.671286284924	-5123.884178161621	-2839.2831612825394	-2161.4198240041733	-5047.175411820412	-3234.9782636761665	-5496.265143096447	-5583.696986854076	-6291.454301118851	-5718.030798494816	-670.0316898822784	-4930.247109651566	-4801.332614600658
-5203.95936447382	-4556.861560821533	-4899.484909117222	-5322.792795300484	-5037.093754589558	-6349.8687054514885	-2447.7053939700127	-4784.507755994797	-5566.0815782547	-5746.440846145153	-5228.805875122547	-5065.7276446819305	-5868.561579048634	-3260.5533165335655	-2341.849742472172	-4917.49807113409	-2457.4923924207687	-2454.9012872576714	-3251.712890803814	-4842.660484790802	-6645.228704869747	-2798.0805720686913	-4289.879174768925	-4965.533183932304	-4971.340826928616	-4091.7464916706085	-3517.6122477650642	-4032.9194859862328	-4960.293198227882	-4536.979215621948	-5944.4891921281815	-4753.649627447128	-4917.100061058998	-2941.0860033631325	-6326.637600719929	-4280.818705379963	-5000.933189809322	-4741.763587534428	-4778.64638197422	-6535.0166102051735	-2346.6311646699905	-4844.228004813194	-3370.875986993313	-5570.784444510937	-5724.826887130737	-5208.92298156023	-5844.380581378937	-4281.976675987244	-4794.766867041588	-4593.819397509098
-4867.104913473129	-4822.167207837105	-5178.1265469789505	-3990.5889608860016	-4710.30142635107	-3038.759410381317	-7271.705385088921	-4567.720530152321	-5723.457211792469	-3615.051155567169	-4667.015877187252	-3529.3005368709564	-3639.2832852602005	-6249.728051841259	-7326.684611439705	-4632.420030474663	-7333.136874496937	-7229.768686950207	-6492.050245523453	-4904.125486969948	-2970.4337406158447	-5326.581965863705	-6067.817560017109	-4678.567719757557	-5011.606018126011	-4593.607618391514	-5913.871061742306	-4030.0104912519455	-5070.54746901989	-4598.93227237463	-3712.8327999711037	-4651.7794170975685	-4797.449954688549	-5399.780853509903	-3309.107562839985	-5962.807944774628	-3780.4645960330963	-4945.455869674683	-5036.786083161831	-3008.746626853943	-7589.729231953621	-4716.784648120403	-6301.627610445023	-3685.8194522857666	-3674.1806862950325	-3015.301207125187	-3786.118263721466	-5906.620218813419	-4727.517205059528	-5146.859001219273
-5056.214521706104	-4851.925528407097	-4957.774343550205	-4111.230053842068	-5072.942438006401	-3015.4681235551834	-4404.888589859009	-4972.904868960381	-3796.207712471485	-3698.4986931085587	-4782.4027480483055	-6477.083861231804	-3707.4715012311935	-3399.8372928500175	-4489.846872866154	-4805.9850108623505	-4478.223236083984	-4465.327455461025	-3360.3601762652397	-5056.375335156918	-3109.3574305176735	-4243.564821004868	-3231.4333684444427	-5122.819033741951	-4822.131727278233	-5526.869604468346	-3529.3713134527206	-5459.724956333637	-5014.083074629307	-4662.718272447586	-5903.729440629482	-4867.296715915203	-4929.434970021248	-4256.079618513584	-6283.337627887726	-3106.429411292076	-6345.356161057949	-4829.421715021133	-4922.774301528931	-3046.5762614011765	-4680.827780544758	-4863.754443705082	-5652.634483575821	-5665.930980205536	-5742.82500731945	-6490.225272834301	-5797.909340977669	-2975.3286403417587	-4787.284442663193	-4638.661134779453
-5052.455760478973	-4568.496809840202	-4777.783157765865	-4080.266742348671	-4975.210130631924	-4998.371179997921	-2446.6797444820404	-4957.2964878082275	-4110.632107317448	-5857.1201739907265	-4993.065577030182	-6592.813652276993	-5869.817219436169	-3298.111363887787	-2366.0266610383987	-4875.08108073473	-2475.8444211483	-2525.4685002565384	-3322.0133813023567	-5017.106711983681	-5275.934901833534	-4297.254912853241	-3004.1527081131935	-4960.0639889240265	-4887.4556658267975	-5505.701211750507	-3553.3951743245125	-5479.966166615486	-4942.201532483101	-4552.378182888031	-5929.202794849873	-4861.833617985249	-4798.254477322102	-4288.842221021652	-6156.270260334015	-2919.4932919740677	-6373.091287612915	-4780.858160376549	-4803.253000795841	-5260.896516978741	-2384.5711109042168	-4816.911469519138	-3415.5094888806343	-5632.647599518299	-5774.971445143223	-6587.439346373081	-5924.803814411163	-2883.56015175581	-4828.954788982868	-4532.861441373825
-4927.049355745316	-4402.683731377125	-4704.461620628834	-5585.311774969101	-4463.682974815369	-6702.613037228584	-2759.094441115856	-4510.867123901844	-3993.9689435362816	-6066.578786671162	-4705.221856713295	-4921.741530716419	-6137.301549375057	-3555.61376619339	-2686.287916481495	-4515.219821274281	-2816.8889651298523	-2774.3423262238503	-3537.988818228245	-4607.8375252485275	-6846.420000612736	-4518.11899548769	-4627.310129284859	-4508.777466773987	-4667.016569077969	-5739.91657102108	-3851.7596532702446	-5703.788215458393	-4573.447960972786	-4857.784017026424	-4140.619873940945	-4437.638842701912	-4571.499676048756	-4528.781459271908	-5866.900652825832	-4578.565472126007	-4735.878800749779	-4529.464630842209	-4549.768901228905	-6920.042707562447	-2653.0663443803787	-4598.029711127281	-3719.535038948059	-3869.791982591152	-6043.640193641186	-6881.27495265007	-4106.797612190247	-4592.066593825817	-4647.3961408138275	-4459.875136315823
-4610.2334560751915	-4369.330322086811	-4709.161600887775	-5651.032341659069	-4572.719551503658	-6708.413587629795	-2702.5225852131844	-4633.329553604126	-4105.954408824444	-6136.121751129627	-4862.124348640442	-4800.690061569214	-6137.860606074333	-3591.0340706706047	-2705.6865316033363	-4449.55363124609	-2767.198628127575	-2776.9887615442276	-3547.809818327427	-4623.247188210487	-6933.174312531948	-4538.574753463268	-4652.976956963539	-4647.039999902248	-4774.805653631687	-3730.9337872862816	-3852.544534265995	-5786.974006175995	-4802.673309803009	-4858.613609552383	-6258.015018522739	-4481.1277849674225	-4585.099860370159	-4574.487117946148	-5695.001363873482	-4585.484423220158	-4688.373975634575	-4500.9033761024475	-4382.365729510784	-6858.05105984211	-2711.138512670994	-4450.216245651245	-3651.8665046691895	-5927.92326438427	-4061.44743680954	-4840.160126626492	-6169.638486862183	-4584.090215146542	-4513.568434476852	-4334.75995361805
-4760.161758124828	-4413.8018916249275	-4508.892139971256	-5742.67851793766	-4553.463627099991	-4730.734035611153	-2790.228937268257	-4644.631626546383	-3578.6664428710938	-4051.0792869329453	-4589.4522624611855	-6832.2720265984535	-4125.715417087078	-3594.2440375089645	-2759.556353867054	-4548.779781281948	-2831.4312752485275	-2835.704775393009	-3641.686708033085	-4660.174201250076	-4849.4591935276985	-4580.757073044777	-2552.583366751671	-4596.664222240448	-4577.254443228245	-5878.876037538052	-3889.401004254818	-5795.375967204571	-4540.611133158207	-4930.9115671515465	-6353.562587201595	-4465.728438079357	-4598.924951374531	-4625.012920558453	-5858.0804253816605	-2621.864721119404	-6715.980834722519	-4461.841863751411	-4457.36232894659	-4707.203479528427	-2768.5487145781517	-4520.859559953213	-3784.972076654434	-5992.119338214397	-6128.289665937424	-6893.593838214874	-6193.922342121601	-2632.4813274741173	-4512.076781749725	-4193.857632279396
-4551.960219144821	-4108.116204202175	-4495.573985397816	-5762.16533023119	-4161.502243638039	-6968.635934710503	-5818.612890481949	-4026.845626294613	-5532.569553136826	-6290.647438585758	-4548.990683436394	-1669.2541758418083	-6351.643817484379	-6667.751881480217	-5772.9406479001045	-4221.879252851009	-5869.039124548435	-5773.61871868372	-4362.074100911617	-4089.4535294771194	-7086.830315768719	-3399.4043870568275	-7732.820094466209	-4061.193642437458	-4516.462335288525	-2501.5181661844254	-4111.083905339241	-4590.794236063957	-4398.671336054802	-5048.531710207462	-4360.0101200938225	-4209.132220625877	-4326.110019147396	-3458.5416792035103	-2631.009878516197	-7717.4924829006195	-1738.0840030908585	-4277.062892496586	-4250.742933213711	-7090.987200677395	-5900.601452887058	-4143.625822067261	-4614.496428728104	-4148.39026671648	-4250.919803202152	-3714.6548177599907	-4388.904280781746	-7777.301367819309	-4351.017223477364	-4433.584325492382
-4000.0907250642776	-3644.3297897577286	-4015.6115485429764	-6344.33547693491	-3988.2179191708565	-7378.898269534111	-3429.9334664940834	-3824.4075048565865	-4789.14946192503	-6785.133394122124	-4296.206582069397	-4048.760984838009	-6863.4757335186005	-4303.612887322903	-3393.314080476761	-3837.35637652874	-3487.461392045021	-3482.815125346184	-4249.436300337315	-3816.101566493511	-7647.860922217369	-3813.6774964928627	-5342.763095319271	-4025.6040322184563	-4103.9093153476715	-3043.8988856077194	-4554.2818294763565	-5098.478406965733	-4106.151360154152	-5539.175364613533	-6959.22160756588	-3798.8747727274895	-3915.3988211750984	-3962.366835772991	-5129.583070933819	-5311.477850198746	-4035.6627045869827	-3798.2274916768074	-3708.285014271736	-7524.851121485233	-3382.8108994960785	-3775.0141894817352	-4343.507588982582	-6591.170525431633	-4728.409264147282	-4159.826306283474	-6872.02116471529	-5293.45255792141	-3783.5594850182533	-3688.5846297740936
-3998.515423119068	-3700.436608314514	-3693.6403362751007	-5193.455600261688	-3907.078370809555	-4049.721192061901	-3516.614169061184	-4008.498309612274	-2806.4120250344276	-4810.770257771015	-3787.7941977977753	-7607.428957462311	-4852.5861849188805	-4344.380901515484	-3471.3608213067055	-3894.1655361652374	-3570.046067893505	-3612.0983521938324	-4413.613680541515	-4027.474806725979	-4194.852000176907	-5355.034156858921	-1956.6430384516716	-3969.759059548378	-3822.472943842411	-6605.795855939388	-4626.921226024628	-6553.927048623562	-3825.9975177645683	-5626.872289478779	-7039.482778966427	-3891.6594163775444	-3810.3783284425735	-5360.648856043816	-5122.294792056084	-1986.5327346920967	-7435.427661478519	-3798.2605521678925	-3807.8882325291634	-4099.883447945118	-3478.1610476374626	-3818.340968489647	-4521.246662855148	-6717.229754269123	-6845.396051287651	-7591.776382684708	-6976.728253006935	-1943.4271460175514	-3816.2557542324066	-3486.724352300167
-3428.1826796531677	-3479.2024316191673	-3809.590769290924	-5528.58122253418	-3379.1046897768974	-4472.250758886337	-5921.825889527798	-3282.719727873802	-4091.119538962841	-5078.68669462204	-3324.729990839958	-5012.892155170441	-5145.470299065113	-4893.228323996067	-5979.123766899109	-3233.4216495752335	-6031.218478620052	-5964.232496380806	-7367.314854383469	-3588.804942727089	-4447.342252492905	-6735.996241748333	-4704.977653741837	-3564.7864246964455	-3623.832402050495	-6097.123515486717	-7392.953686594963	-5520.067792415619	-3694.6603062152863	-6090.942483246326	-5209.381558299065	-3243.258172214031	-3371.437332510948	-6879.181183815002	-4782.525514423847	-4580.533505797386	-5160.277637422085	-3551.6456277370453	-3591.3699682354927	-4494.436706662178	-6050.046245098114	-3426.772665679455	-7070.93890696764	-5090.854510128498	-5137.445281088352	-4452.490846395493	-5234.0348563194275	-4442.223669528961	-3282.6797909140587	-3621.7397204637527
-3388.3726921081543	-2975.4360759854317	-3000.0902839303017	-5886.758735537529	-3322.5767384767532	-4720.205873966217	-4244.025050342083	-3199.5762608647346	-3489.6070781350136	-5459.781900763512	-3221.8764312267303	-6855.499880731106	-5578.201312363148	-5056.959718167782	-4158.98837018013	-3281.9682814478874	-4290.308831810951	-4317.924715995789	-5115.240162551403	-3220.3291850090027	-4909.538609862328	-4630.1368998885155	-2646.4291768074036	-3348.323091864586	-3151.5766055583954	-5918.760954260826	-5328.658521234989	-5865.4314494133	-3129.475568115711	-6307.434044539928	-7740.689368009567	-3209.4064041376114	-3140.677289247513	-4748.528573870659	-4556.876499116421	-2712.526161670685	-6782.716390430927	-3095.5846677422523	-3133.8075172901154	-4766.683509588242	-4149.833434462547	-3143.138912320137	-5212.887747168541	-7380.477015316486	-7512.357878625393	-6911.44256234169	-7679.110930860043	-2652.7894887924194	-3086.2468047738075	-2840.549028456211
-3113.0379853248596	-2765.1514279842377	-3127.0382077097893	-7300.157591879368	-2830.3055070638657	-8402.127283215523	-4468.733394920826	-2741.844824016094	-3900.2318803071976	-7754.282977640629	-3206.7047970891	-3152.8457941412926	-7857.830831289291	-5311.252153635025	-4425.3798033595085	-2822.88087195158	-4567.120728671551	-4508.082528114319	-5237.338709771633	-2774.1329852342606	-8563.738827645779	-4808.818662941456	-6369.980188190937	-2947.4123473763466	-3128.688719213009	-4005.0340632796288	-5590.166530191898	-6080.851537227631	-3022.7841732501984	-6540.541921079159	-5856.558878421783	-2800.61097574234	-2900.097396969795	-4937.94200950861	-4104.4278301000595	-6335.218043923378	-3117.897044479847	-2883.2526505589485	-2805.3268182873726	-8576.67728048563	-4360.918466031551	-2853.6138396263123	-5383.807725250721	-5553.425324559212	-5714.184397995472	-5151.844457030296	-5836.820873379707	-6312.904818534851	-2906.179809331894	-2908.465044736862
-3111.46268337965	-2821.2582465410233	-2805.0669954419136	-6149.277715206146	-2749.1659587025642	-5072.950205743313	-4555.4140974879265	-2925.935628771782	-1917.4944434165955	-5779.91984128952	-2698.292412817478	-6711.5137667655945	-5846.941282689571	-5352.020167827606	-4503.426544189453	-2879.6900315880775	-4649.705404520035	-4637.3657549619675	-5401.516089975834	-2985.506225466728	-5110.729905605316	-6350.175323307514	-2983.8601313233376	-2891.5673747062683	-2847.2523477077484	-7566.931033611298	-5662.8059267401695	-7536.30017888546	-2742.630330860615	-6628.238845944405	-5936.8200498223305	-2893.395619392395	-2795.0769042372704	-6336.224029779434	-4097.139551222324	-3010.272928416729	-6517.662001371384	-2883.2857110500336	-2904.9300365448	-5151.709606945515	-4456.2686141729355	-2896.940618634224	-5561.546799123287	-5679.484553396702	-7831.171185135841	-8583.79453343153	-5941.527961671352	-2962.879406630993	-2938.876078546047	-2706.6047672629356
-2794.646783709526	-2787.9048372507095	-2809.7669757008553	-6214.998281896114	-2858.202535390854	-5078.750756144524	-4498.842241585255	-3048.398058474064	-2029.4799087047577	-5849.462805747986	-2855.194904744625	-6590.462297618389	-5847.500339388847	-5387.440472304821	-4522.825159311295	-2814.023841559887	-4600.015067517757	-4640.012190282345	-5411.337090075016	-3000.915888428688	-5197.4842175245285	-6370.6310812830925	-3009.526959002018	-3029.82990783453	-2955.041432261467	-5557.948249876499	-5663.59080773592	-7619.485969603062	-2971.855679690838	-6629.068438470364	-8054.215194404125	-2936.8845616579056	-2808.677088558674	-6381.929688453674	-3925.2402622699738	-3017.1918795108795	-6470.15717625618	-2854.724456310272	-2737.5268648266792	-5089.717959225178	-4514.340782463551	-2749.127153158188	-5493.878264844418	-7737.615835189819	-5848.978428304195	-6542.679707407951	-8004.368836343288	-2954.9030279517174	-2805.048372209072	-2581.4895845651627
-2736.3735467791557	-2526.6907193660736	-2596.1793602108955	-6326.131270468235	-2446.985227525234	-5338.973103225231	-7614.932546854019	-2441.914131164551	-3456.0950530171394	-6003.988493204117	-2542.061239540577	-3459.0264118909836	-6061.283550798893	-8464.158283114433	-7590.079275608063	-2586.3494631648064	-7701.855563938618	-7636.642147421837	-6225.601372659206	-2467.12222969532	-5351.140220761299	-5231.460714876652	-6089.370096504688	-2443.9835503697395	-2696.6981139183044	-4328.532628774643	-5922.130178809166	-6423.306199491024	-2567.8537059426308	-6818.9865391254425	-6156.210295975208	-2664.8889973163605	-2549.687247335911	-5265.984249711037	-861.2487769126892	-6149.199939191341	-3519.8672037124634	-2630.8839727044106	-2605.904068529606	-5322.654100060463	-7703.803722679615	-2442.5367295742035	-6456.508188903332	-5958.08283752203	-6038.450794696808	-5417.1743985414505	-6223.634630262852	-6148.114180624485	-2642.4971612095833	-2680.313956439495
-2370.4835810661316	-2327.7135115265846	-2545.4567620158195	-6610.8067689538	-2213.2406225800514	-5506.503827393055	-5033.551468729973	-2318.313168525696	-3101.3238515257835	-6190.958259284496	-2330.121440589428	-6143.237251400948	-6290.5849827528	-5837.771932661533	-4960.637715339661	-2321.6021748781204	-5123.041310429573	-5111.003393113613	-8420.568358659744	-2559.90441429615	-5532.836822152138	-7847.4655776023865	-3430.1873237490654	-2411.7264505028725	-2624.1736186146736	-7176.04976695776	-8490.50359916687	-6614.2698847055435	-2506.574749350548	-7055.096500277519	-6345.134896636009	-2267.6208726763725	-2252.380690932274	-7983.750421345234	-3621.482678592205	-3460.6368291974068	-6250.349137842655	-2520.4844648838043	-2476.4838992357254	-5547.7438932061195	-4847.379512190819	-2381.35919046402	-5939.551086246967	-6142.153284192085	-6240.016325056553	-5554.041956245899	-6412.853768348694	-3410.322175204754	-2311.6511024832726	-2469.8029379844666
-2355.1504115462303	-2335.214863240719	-2491.7775897979736	-6781.897985696793	-2281.6525581479073	-5738.211383223534	-7153.327472090721	-2121.3198882341385	-2813.553067624569	-6355.352467596531	-2194.3839034438133	-3812.272933959961	-6422.355880916119	-6163.114946603775	-7261.004482626915	-2099.17055696249	-7308.1143362522125	-7224.335060119629	-6047.612477242947	-2180.7022138834	-5742.554162979126	-5529.405654907227	-6001.320520222187	-2483.262229502201	-2308.5832812786102	-4753.122274398804	-6303.662891089916	-6819.161408364773	-2380.0521000027657	-7346.842732965946	-6517.005715966225	-2232.005051970482	-2242.7312667369843	-5640.815342485905	-3495.7095643281937	-5886.822176814079	-3809.6087446808815	-2268.234893620014	-2275.374022603035	-5755.036993324757	-7366.787468731403	-2197.93822234869	-8357.207306146622	-6311.819121301174	-6399.144345521927	-5752.8129279613495	-6492.732310831547	-5715.619125664234	-2168.6884354948997	-2307.1314581632614
-2351.3916503190994	-2051.7861446738243	-2311.7864040136337	-6750.934674203396	-2183.92025077343	-7721.114439666271	-5195.118626713753	-2105.7115070819855	-3127.9774624705315	-8513.973948478699	-2405.0467324256897	-3928.00272500515	-8584.701599121094	-6061.389017641544	-5137.18427079916	-2168.2666268348694	-5305.735521316528	-5284.476104915142	-6009.265682280064	-2141.433590710163	-7909.131634294987	-5583.0957467556	-5774.039859890938	-2320.5071846842766	-2373.907219827175	-4731.953881680965	-6327.686751961708	-6839.402618646622	-2308.1705578565598	-7236.502643406391	-6542.479070186615	-2226.5419540405273	-2111.550774037838	-5673.577944993973	-3368.6421967744827	-5699.886057496071	-3837.3438712358475	-2219.6713389754295	-2155.8527218699455	-7969.357248902321	-5070.530799090862	-2151.0952481627464	-6120.082311451435	-6278.535740613937	-6431.290783345699	-5850.02700150013	-6619.626784265041	-5623.850637078285	-2210.358781814575	-2201.331764757633
-2501.3199523687363	-2096.2577142119408	-2111.5169430971146	-6842.580850481987	-2164.6643263697624	-5743.434887647629	-5282.8249787688255	-2117.0135800242424	-2600.6894965171814	-6428.931484282017	-2132.3746462464333	-5959.5846900343895	-6572.556410133839	-6064.598984479904	-5191.054093062878	-2267.4927768707275	-5369.968168437481	-5343.192118763924	-6103.142571985722	-2178.360603749752	-5825.416515290737	-5625.278066337109	-3673.6462696790695	-2270.131407022476	-2176.3560094237328	-6879.896131932735	-6364.543221950531	-6847.804579675198	-2046.1083812117577	-7308.800601005554	-6638.026638865471	-2211.142607152462	-2125.3758650422096	-5724.1037476062775	-3531.7212582826614	-3736.266355395317	-5864.9507303237915	-2180.6098266243935	-2230.849321305752	-5818.509668588638	-5127.94100099802	-2221.738562464714	-6253.18788343668	-6342.731814444065	-8498.133012473583	-7903.460713088512	-6643.91063952446	-3672.241749405861	-2208.867129087448	-2060.4294434189796
-2184.504052698612	-2062.904304921627	-2116.216923356056	-6908.301417171955	-2273.700903058052	-5749.23543804884	-5226.253122866154	-2239.4760097265244	-2712.6749618053436	-6498.474448740482	-2289.27713817358	-5838.533220887184	-6573.115466833115	-6100.019288957119	-5210.452708184719	-2201.826586842537	-5320.277831435204	-5345.838554084301	-6112.963572084904	-2193.770266711712	-5912.1708272099495	-5645.733824312687	-3699.31309735775	-2408.3939401507378	-2284.1450939774513	-4870.913348197937	-6365.328102946281	-6930.990370392799	-2275.3337300419807	-7309.630193531513	-8755.421783447266	-2254.6315494179726	-2138.976049363613	-5769.809406280518	-3359.821969330311	-3743.1853064894676	-5817.445905208588	-2152.048571884632	-2063.446149587631	-5756.518020868301	-5186.013169288635	-2073.925096988678	-6185.51934915781	-8400.863096237183	-6515.940255641937	-5862.345887064934	-8706.751514196396	-3664.2653707265854	-2075.039422750473	-1935.3142607212067
-2059.0976479649544	-1897.0912264585495	-2042.8953862190247	-8413.346449792385	-1762.173747241497	-7453.477295279503	-5538.6678194999695	-1793.0466458201408	-2596.0117980241776	-6707.9330614209175	-2001.4334178566933	-4167.461099326611	-6840.599796772003	-6357.521691262722	-5530.713963627815	-1841.9653273820877	-5661.322375416756	-5594.712380051613	-6328.939009010792	-1784.5010799765587	-7482.655925989151	-5866.597906947136	-5322.470518529415	-1957.107418000698	-2063.7059972286224	-5105.12870746851	-6663.692581892014	-7154.812419235706	-1906.5801585316658	-7615.036027669907	-6966.838862538338	-1830.436774134636	-1912.2212480902672	-6009.748644530773	-3070.4523618221283	-5402.257486641407	-4180.233418345451	-1900.6550423502922	-1809.9620500206947	-7415.664211452007	-5454.508402764797	-1855.0433385968208	-6489.544899225235	-6638.007479310036	-6784.6090041399	-6156.181493341923	-6888.745311975479	-5372.771812796593	-1893.4807745814323	-1862.3279556632042
-1907.594043970108	-1908.7264754772186	-1921.1936348676682	-7170.820396840572	-1700.290123283863	-6101.979769825935	-5537.642170011997	-1965.8353776335716	-1140.5623270869255	-6818.612389266491	-1765.693119764328	-5694.547106921673	-6841.855437159538	-6395.079738616943	-5554.890882194042	-1799.548336982727	-5679.674404144287	-5665.27959305048	-6399.239499509335	-1958.9473071694374	-6113.362122952938	-7365.772247731686	-4036.744051873684	-1951.6382229924202	-1979.8208361268044	-6519.0834275484085	-6699.475508451462	-8601.85909986496	-1888.4884927868843	-7630.434994935989	-6951.552465260029	-1938.6207646727562	-1793.3756643533707	-7357.504862189293	-2900.0850214362144	-4040.932073235512	-5552.391516149044	-1939.7496151924133	-1834.5686688423157	-6141.5441182255745	-5492.448348999023	-1827.726803302765	-6534.1784011125565	-6699.870634317398	-6834.753562152386	-7534.697858154774	-6969.168545007706	-3974.355288565159	-1927.6686965227127	-1801.3699995279312
-1297.4513129591942	-1183.7259431481361	-1227.643582522869	-7864.123532116413	-1115.7884909510612	-6772.464451730251	-6265.053051292896	-1156.913328886032	-1823.7573801875114	-7467.624032258987	-1199.775353193283	-4942.618030190468	-7567.4705646038055	-7107.658555269241	-6242.518431067467	-1187.351082265377	-6399.937168061733	-6371.105956852436	-7100.865981519222	-1151.8016854524612	-6828.048732638359	-6640.87499076128	-4726.530190229416	-1330.202255308628	-1308.9244978427887	-5832.048525869846	-7401.212803661823	-7913.363500654697	-1191.9665431380272	-8310.996749997139	-7652.759054303169	-1256.3677524328232	-1123.67462515831	-6745.384580016136	-2334.6667284965515	-4766.9255002141	-4899.680245101452	-1237.0737307667732	-1160.4879536032677	-6808.344179868698	-6164.120735824108	-1152.524747133255	-7225.819485425949	-7363.117895364761	-7501.715389490128	-6854.364037811756	-7671.551222860813	-4683.717631340027	-1197.6597470641136	-1155.1946756839752
