	0	1	gene_name	2	3	sum
0	chr1	62740429	KANK4	G	C	4158.0
1	chr1	204236624	PLEKHA6	G	C	4158.0
2	chr1	235969636	LYST	T	C	5.0
3	chr3	52379540	DNAH1	T	C	4158.0
4	chr3	127379885	PODXL2	T	A	5941.0
5	chr3	170725020	SLC2A2	C	T	4158.0
6	chr5	80382676	RASGRF2	G	A	2624.0
7	chr6	57398186	PRIM2	G	T	3637.0
8	chr6	118598666	SLC35F1	G	C	4158.0
9	chr6	144780362	UTRN	C	G	4158.0
10	chr8	105001567	RIMS2	A	G	4158.0
11	chr10	1284370	ADARB2	C	A	967.0
12	chr10	98741908	LCOR	A	T	4158.0
13	chr12	108589807	WSCD2	C	A	5.0
14	chr16	47196587	ITFG1-AS1	C	A	5941.0
15	chr16	47196591	ITFG1-AS1	T	A	4158.0
16	chr17	7577082	TP53	C	T	4158.0
17	chr17	38183265	MED24	G	A	698.0
18	chr19	7709563	STXBP2	C	A	4158.0
19	chr19	15291525	NOTCH3	T	C	5941.0
20	chr20	33762586	PROCR	G	A	5941.0
